,Dynamic_model_log_likelihood,Constant_model_log_likelihood,log_likelihood_ratio,Dynamic_time,Constant_time
gene_1,-44.530639557757944,-110.72795149934096,66.19731194158302,0:00:00.777276,0:00:00.777276
gene_2,-109.40137967434757,-134.90692741045592,25.505547736108355,0:00:00.819663,0:00:00.819663
gene_3,-48.087837852868496,-71.58474854998543,23.496910697116938,0:00:00.736000,0:00:00.736000
gene_4,-83.81951701483158,-97.19389491405369,13.374377899222111,0:00:00.804980,0:00:00.804980
gene_5,-76.23722956266657,-372.4329134398285,296.1956838771619,0:00:00.839953,0:00:00.839953
gene_6,-157.24971234342615,-169.388427624948,12.138715281521854,0:00:00.970116,0:00:00.970116
gene_7,-31.575971387279218,-45.90298527271145,14.32701388543223,0:00:00.734543,0:00:00.734543
gene_8,-93.33428217356935,-93.9312618547602,0.5969796811908452,0:00:00.894439,0:00:00.894439
gene_9,-57.964771573889934,-147.3840216148725,89.41925004098256,0:00:02.522176,0:00:02.522176
gene_10,-177.59794974338354,-222.99449390644017,45.39654416305663,0:00:00.998588,0:00:00.998588
gene_11,-86.81151220455386,-240.2376197568929,153.42610755233903,0:00:00.825052,0:00:00.825052
gene_12,-149.93553018659594,-152.9194224853856,2.9838922987896694,0:00:01.194682,0:00:01.194682
gene_13,-79.12273672070629,-302.9698663881196,223.84712966741333,0:00:00.813636,0:00:00.813636
gene_14,-280.29637551555663,-351.76765208191784,71.47127656636121,0:00:00.991197,0:00:00.991197
gene_15,-58.20034993346197,-161.18629961636861,102.98594968290664,0:00:00.798071,0:00:00.798071
gene_16,-160.48534367222135,-175.63699974973662,15.15165607751527,0:00:01.187940,0:00:01.187940
gene_17,-53.91434596611467,-112.69525423418386,58.7809082680692,0:00:00.754619,0:00:00.754619
gene_18,-118.95428443404076,-128.11602894155712,9.16174450751636,0:00:01.197634,0:00:01.197634
gene_19,-45.77910219452778,-128.57849273529365,82.79939054076587,0:00:00.797511,0:00:00.797511
gene_20,-123.59569143326502,-123.5299204212994,0.0,0:00:01.272071,0:00:01.272071
gene_21,-54.34843269643359,-71.4912056216166,17.14277292518301,0:00:00.741246,0:00:00.741246
gene_22,-78.56370416357576,-78.56338916982071,0.0,0:00:01.241131,0:00:01.241131
gene_23,-109.18593933973516,-387.1013060539625,277.91536671422733,0:00:01.151955,0:00:01.151955
gene_24,-110.28030500041609,-110.19873219280542,0.0,0:00:00.845259,0:00:00.845259
gene_25,-84.30132062004085,-166.1380700614054,81.83674944136453,0:00:01.898657,0:00:01.898657
gene_26,-79.25441639657959,-77.25833971868606,0.0,0:00:01.282202,0:00:01.282202
gene_27,-59.69686407105665,-121.17039887192183,61.47353480086518,0:00:00.768321,0:00:00.768321
gene_28,-67.54162443299106,-68.0613223171089,0.5196978841178463,0:00:01.186723,0:00:01.186723
gene_29,-76.41905108515483,-148.77449238732024,72.3554413021654,0:00:00.798914,0:00:00.798914
gene_30,-117.90566010105252,-149.16198870660523,31.25632860555271,0:00:00.980333,0:00:00.980333
gene_31,-91.44308572980766,-240.40114369932408,148.9580579695164,0:00:00.810616,0:00:00.810616
gene_32,-149.63405066877897,-164.48092052426978,14.846869855490809,0:00:00.903006,0:00:00.903006
gene_33,-85.3977238637401,-132.60981745625077,47.21209359251067,0:00:00.749299,0:00:00.749299
gene_34,-98.43390464964851,-96.51338780546703,0.0,0:00:00.928784,0:00:00.928784
gene_35,-80.51240931545551,-261.6987786259979,181.18636931054237,0:00:00.801047,0:00:00.801047
gene_36,-130.94009737450367,-134.31272412525732,3.3726267507536534,0:00:01.011358,0:00:01.011358
gene_37,-89.61625992105034,-212.74338614762527,123.12712622657493,0:00:00.797511,0:00:00.797511
gene_38,-271.7384303361582,-352.0616153884558,80.32318505229756,0:00:00.978667,0:00:00.978667
gene_39,-51.85245212884362,-133.20694137038805,81.35448924154443,0:00:01.858823,0:00:01.858823
gene_40,-184.01818524328593,-217.4615462727355,33.44336102944956,0:00:00.988604,0:00:00.988604
gene_41,-91.2284501187306,-312.1786261589988,220.95017604026816,0:00:00.826595,0:00:00.826595
gene_42,-134.7354585949285,-176.01670445055055,41.281245855622046,0:00:01.200429,0:00:01.200429
gene_43,-113.53645168376985,-368.9811844731253,255.44473278935547,0:00:00.952504,0:00:00.952504
gene_44,-221.05126323466106,-247.07771843877936,26.026455204118292,0:00:00.932419,0:00:00.932419
gene_45,-73.45531356292662,-170.09143943533476,96.63612587240814,0:00:00.848885,0:00:00.848885
gene_46,-110.32708070555302,-121.86821328011521,11.541132574562198,0:00:00.961176,0:00:00.961176
gene_47,-79.68480045152755,-132.38059703091,52.695796579382446,0:00:00.856360,0:00:00.856360
gene_48,-118.07376092445098,-148.37051250867054,30.296751584219564,0:00:01.518267,0:00:01.518267
gene_49,-51.40617668728794,-162.14471265749515,110.73853597020721,0:00:00.763307,0:00:00.763307
gene_50,-119.87353743380046,-126.01598734702456,6.142449913224098,0:00:00.823767,0:00:00.823767
gene_51,-99.18240028204035,-176.50105003913222,77.31864975709188,0:00:00.822246,0:00:00.822246
gene_52,-124.20908555367534,-186.9929883794554,62.78390282578006,0:00:00.903398,0:00:00.903398
gene_53,-159.1122210403318,-250.217302906314,91.10508186598219,0:00:00.990125,0:00:00.990125
gene_54,-112.16556341559561,-136.21121664376543,24.04565322816981,0:00:00.869895,0:00:00.869895
gene_55,-157.62091323068208,-258.44427589447105,100.82336266378897,0:00:00.784513,0:00:00.784513
gene_56,-281.75832042144884,-360.26427065761123,78.50595023616239,0:00:01.632716,0:00:01.632716
gene_57,-58.53860493780669,-276.70205023640443,218.16344529859774,0:00:00.825119,0:00:00.825119
gene_58,-214.25816954736362,-256.4662639107037,42.20809436334005,0:00:01.042274,0:00:01.042274
gene_59,-109.15792255283631,-411.76177289539896,302.6038503425626,0:00:00.828768,0:00:00.828768
gene_60,-142.59273380949477,-180.6985874613334,38.10585365183863,0:00:01.006566,0:00:01.006566
gene_61,-124.15507762466623,-415.2368927772035,291.0818151525373,0:00:00.923071,0:00:00.923071
gene_62,-412.2457200294394,-534.2400634218793,121.99434339243993,0:00:01.371612,0:00:01.371612
gene_63,-63.05967539444966,-199.50901687616698,136.4493414817173,0:00:00.743958,0:00:00.743958
gene_64,-203.50319415323395,-258.4774016593705,54.974207506136565,0:00:01.416008,0:00:01.416008
gene_65,-189.69581705050348,-287.2516084697911,97.55579141928763,0:00:00.845131,0:00:00.845131
gene_66,-159.59539191339888,-179.22871076474945,19.633318851350566,0:00:01.441376,0:00:01.441376
gene_67,-65.96628170169123,-469.71624069206416,403.74995899037293,0:00:00.912206,0:00:00.912206
gene_68,-296.287516275458,-327.56041963822565,31.272903362767636,0:00:00.948292,0:00:00.948292
gene_69,-51.1310495699006,-209.10758728779322,157.97653771789263,0:00:00.874115,0:00:00.874115
gene_70,-149.69518389238786,-146.3365605572949,0.0,0:00:00.902863,0:00:00.902863
gene_71,-82.93728082849155,-120.3725407353646,37.43525990687304,0:00:00.792518,0:00:00.792518
gene_72,-111.48454982666672,-107.44378365994281,0.0,0:00:01.123474,0:00:01.123474
gene_73,-62.497436270976685,-183.7484572520286,121.25102098105191,0:00:00.817516,0:00:00.817516
gene_74,-113.29960944314077,-158.65947526895707,45.3598658258163,0:00:01.035759,0:00:01.035759
gene_75,-47.21179641744377,-104.91430868421425,57.702512266770476,0:00:00.763841,0:00:00.763841
gene_76,-83.1252181624769,-93.23413360682406,10.108915444347161,0:00:00.862645,0:00:00.862645
gene_77,-42.64957298947614,-69.54133884170209,26.891765852225944,0:00:00.749761,0:00:00.749761
gene_78,-74.38037004700746,-78.62110443905992,4.24073439205246,0:00:00.827951,0:00:00.827951
gene_79,-44.43172278764314,-57.118062364305736,12.686339576662597,0:00:00.721113,0:00:00.721113
gene_80,-110.38558522754772,-116.51322420858715,6.127638981039425,0:00:01.006151,0:00:01.006151
gene_81,-79.06185433017069,-262.25235080808557,183.19049647791488,0:00:00.784309,0:00:00.784309
gene_82,-204.2617611315866,-239.07307137465543,34.81131024306882,0:00:01.006424,0:00:01.006424
gene_83,-133.9561943412121,-291.5357352250172,157.57954088380512,0:00:00.917483,0:00:00.917483
gene_84,-156.9156528519017,-354.61226743591016,197.69661458400844,0:00:01.102362,0:00:01.102362
gene_85,-74.94389430974647,-245.98644566060042,171.04255135085396,0:00:02.985333,0:00:02.985333
gene_86,-241.14749382902818,-317.68659235467504,76.53909852564686,0:00:01.095839,0:00:01.095839
gene_87,-57.998312457378255,-149.28184610250352,91.28353364512526,0:00:00.805513,0:00:00.805513
gene_88,-211.02544039966537,-230.40971836137942,19.384277961714048,0:00:01.171501,0:00:01.171501
gene_89,-71.566553431305,-104.1842934429298,32.617740011624804,0:00:00.814371,0:00:00.814371
gene_90,-151.80805073831618,-156.11119812028724,4.303147381971058,0:00:01.304914,0:00:01.304914
gene_91,-60.01356252669487,-109.32243352403245,49.30887099733758,0:00:00.766564,0:00:00.766564
gene_92,-77.72762162154783,-77.72728399565639,0.0,0:00:01.611637,0:00:01.611637
gene_93,-48.1931217639405,-81.76814986887823,33.57502810493772,0:00:00.741983,0:00:00.741983
gene_94,-95.32932596467681,-95.47978029469408,0.1504543300172685,0:00:01.223559,0:00:01.223559
gene_95,-39.78597179423993,-66.61430150517796,26.828329710938036,0:00:00.733605,0:00:00.733605
gene_96,-73.61539841582389,-72.52829311326686,0.0,0:00:01.414862,0:00:01.414862
gene_97,-82.52641775992615,-194.7655285999508,112.23911084002467,0:00:06.047471,0:00:06.047471
gene_98,-256.5203334086426,-295.97531514800664,39.45498173936403,0:00:00.857097,0:00:00.857097
gene_99,-70.4815243021071,-139.71868088846333,69.23715658635622,0:00:05.594780,0:00:05.594780
gene_100,-139.49653951871508,-165.02091361990034,25.52437410118526,0:00:00.832088,0:00:00.832088
gene_101,-73.98671711709324,-154.37312981780727,80.38641270071403,0:00:01.889208,0:00:01.889208
gene_102,-133.25385235885793,-147.47631732194273,14.222464963084803,0:00:01.179431,0:00:01.179431
gene_103,-112.34578692001635,-234.5998059715836,122.25401905156725,0:00:00.803642,0:00:00.803642
gene_104,-558.3564359187245,-597.4192870731272,39.062851154402665,0:00:01.005324,0:00:01.005324
gene_105,-62.76509467042214,-277.08773043611933,214.32263576569719,0:00:00.831392,0:00:00.831392
gene_106,-511.3296598440503,-524.7212187016232,13.391558857572932,0:00:01.771176,0:00:01.771176
gene_107,-63.70279726977736,-161.43078529596576,97.7279880261884,0:00:00.790537,0:00:00.790537
gene_108,-331.27637803856925,-329.9180248665095,0.0,0:00:01.386343,0:00:01.386343
gene_109,-89.40241239381045,-131.46594853552978,42.063536141719325,0:00:00.911262,0:00:00.911262
gene_110,-155.19104573826,-181.27886639563414,26.087820657374152,0:00:01.004409,0:00:01.004409
gene_111,-98.84945226167194,-191.88528402436492,93.03583176269298,0:00:00.769374,0:00:00.769374
gene_112,-196.98130594513668,-208.98773210614806,12.006426161011376,0:00:01.082476,0:00:01.082476
gene_113,-79.62245794615568,-239.19510000610816,159.5726420599525,0:00:00.813621,0:00:00.813621
gene_114,-109.42150441575494,-117.41475557962967,7.9932511638747314,0:00:01.111879,0:00:01.111879
gene_115,-69.53589414879292,-173.0464544602603,103.51056031146737,0:00:00.759682,0:00:00.759682
gene_116,-277.9685803943585,-335.5308912533011,57.56231085894257,0:00:01.135427,0:00:01.135427
gene_117,-43.24526386274601,-132.1704906528439,88.9252267900979,0:00:00.909929,0:00:00.909929
gene_118,-167.26644413865614,-204.31059844717217,37.04415430851603,0:00:00.885956,0:00:00.885956
gene_119,-96.46619894212066,-337.6458982838015,241.17969934168084,0:00:01.035850,0:00:01.035850
gene_120,-133.8360877622925,-161.0835221534682,27.247434391175716,0:00:01.540802,0:00:01.540802
gene_121,-175.61708400946125,-469.0523311499209,293.43524714045964,0:00:00.854913,0:00:00.854913
gene_122,-300.0906148205777,-355.50946319498144,55.41884837440375,0:00:01.819718,0:00:01.819718
gene_123,-99.20496411625155,-329.7530767278606,230.54811261160907,0:00:00.813655,0:00:00.813655
gene_124,-232.60322750335166,-291.00374679614345,58.400519292791785,0:00:01.261195,0:00:01.261195
gene_125,-232.11602912299986,-1056.9494668572122,824.8334377342123,0:00:00.993756,0:00:00.993756
gene_126,-152.89237925825032,-168.8524145542267,15.960035295976382,0:00:01.500617,0:00:01.500617
gene_127,-106.35460147346512,-224.58528045259234,118.23067897912722,0:00:00.789217,0:00:00.789217
gene_128,-210.33493414008313,-284.36667537634764,74.03174123626451,0:00:01.105508,0:00:01.105508
gene_129,-47.53519284872144,-143.3764265678305,95.84123371910906,0:00:00.970026,0:00:00.970026
gene_130,-164.0793787753919,-204.48931388595938,40.40993511056749,0:00:00.999709,0:00:00.999709
gene_131,-56.24164261463491,-92.84453363580097,36.60289102116606,0:00:00.766391,0:00:00.766391
gene_132,-124.79038921470942,-133.99978419450304,9.209394979793615,0:00:01.179776,0:00:01.179776
gene_133,-121.69586301166854,-265.0733631390999,143.37750012743138,0:00:00.803931,0:00:00.803931
gene_134,-208.11333029576085,-208.37132105825697,0.25799076249612085,0:00:01.047953,0:00:01.047953
gene_135,-68.55983401873225,-198.85740707543698,130.29757305670472,0:00:00.801486,0:00:00.801486
gene_136,-170.1806587968296,-193.22908465585633,23.048425859026736,0:00:01.384292,0:00:01.384292
gene_137,-70.71434978177595,-156.60344570593782,85.88909592416186,0:00:00.771908,0:00:00.771908
gene_138,-103.02091988531055,-105.74128700929339,2.7203671239828395,0:00:01.582120,0:00:01.582120
gene_139,-35.55606745230904,-91.72834401284128,56.17227656053224,0:00:00.746476,0:00:00.746476
gene_140,-109.27224930264435,-118.59203347378956,9.319784171145201,0:00:00.815409,0:00:00.815409
gene_141,-180.61290358794395,-357.72515578614303,177.1122521981991,0:00:00.816332,0:00:00.816332
gene_142,-359.56100460055217,-422.94354527993573,63.38254067938357,0:00:01.361608,0:00:01.361608
gene_143,-124.60839097237672,-242.22305099507824,117.61466002270151,0:00:00.810181,0:00:00.810181
gene_144,-251.51049191417374,-284.8593087526775,33.34881683850378,0:00:01.155671,0:00:01.155671
gene_145,-39.139829752041905,-83.28717361468998,44.14734386264807,0:00:00.742487,0:00:00.742487
gene_146,-124.40841109807732,-133.6089068673906,9.200495769313278,0:00:00.924418,0:00:00.924418
gene_147,-44.26473036638406,-84.41655412241917,40.151823756035114,0:00:01.712695,0:00:01.712695
gene_148,-90.71813954435522,-95.32749119155447,4.609351647199247,0:00:00.849521,0:00:00.849521
gene_149,-164.2894530640267,-736.3177250779959,572.0282720139692,0:00:00.940203,0:00:00.940203
gene_150,-138.3002210859261,-149.79376695757819,11.493545871652088,0:00:00.921571,0:00:00.921571
gene_151,-237.9284971451889,-609.7752465542188,371.84674940902994,0:00:00.924031,0:00:00.924031
gene_152,-381.36672323974966,-541.5895688297478,160.22284558999814,0:00:01.055418,0:00:01.055418
gene_153,-92.25155263706557,-324.7568110441822,232.50525840711663,0:00:00.838493,0:00:00.838493
gene_154,-234.3172909061573,-278.54741012606286,44.23011921990556,0:00:01.067808,0:00:01.067808
gene_155,-142.71344200850294,-639.4456440091024,496.7322020005994,0:00:00.922836,0:00:00.922836
gene_156,-204.1867455529245,-216.81969599192533,12.632950439000837,0:00:01.803718,0:00:01.803718
gene_157,-48.66656507073921,-131.8440579224054,83.17749285166619,0:00:00.750225,0:00:00.750225
gene_158,-205.92999605902762,-219.2664599559982,13.33646389697057,0:00:00.912963,0:00:00.912963
gene_159,-38.677669792704904,-69.42180224874099,30.744132456036084,0:00:00.745766,0:00:00.745766
gene_160,-123.32921530906107,-128.734922396256,5.405707087194926,0:00:01.398470,0:00:01.398470
gene_161,-100.39746209954224,-313.7134686401716,213.31600654062936,0:00:01.123112,0:00:01.123112
gene_162,-284.0014436177268,-344.86583926591345,60.864395648186644,0:00:01.268912,0:00:01.268912
gene_163,-100.97801844594142,-242.6231129803923,141.6450945344509,0:00:00.888146,0:00:00.888146
gene_164,-346.3001856338762,-350.8367806217305,4.536594987854301,0:00:01.168076,0:00:01.168076
gene_165,-67.03709994174486,-313.46856322244565,246.4314632807008,0:00:00.881473,0:00:00.881473
gene_166,-174.40163631180272,-173.6073122586309,0.0,0:00:01.474936,0:00:01.474936
gene_167,-52.259151541662675,-448.8000142418123,396.5408627001496,0:00:01.014550,0:00:01.014550
gene_168,-134.38554430199497,-132.51946602940598,0.0,0:00:02.036689,0:00:02.036689
gene_169,-107.97029705440366,-225.56418615963386,117.5938891052302,0:00:00.791063,0:00:00.791063
gene_170,-160.67754045324915,-199.4674743606903,38.78993390744114,0:00:01.508763,0:00:01.508763
gene_171,-66.46174476500495,-121.39744403228698,54.93569926728203,0:00:00.745390,0:00:00.745390
gene_172,-104.43934226448174,-120.60550736255902,16.166165098077286,0:00:01.170750,0:00:01.170750
gene_173,-105.11199995452873,-336.3614423955195,231.24944244099075,0:00:00.925863,0:00:00.925863
gene_174,-176.85825829196511,-231.99373472739072,55.1354764354256,0:00:01.297926,0:00:01.297926
gene_175,-140.61236354588044,-567.872001957913,427.25963841203253,0:00:07.260228,0:00:07.260228
gene_176,-346.3279588419203,-427.46995004649233,81.14199120457204,0:00:01.255674,0:00:01.255674
gene_177,-103.30558964949401,-262.27159201420966,158.96600236471565,0:00:00.892491,0:00:00.892491
gene_178,-205.86654531644194,-222.93688269948157,17.07033738303963,0:00:01.272102,0:00:01.272102
gene_179,-212.981380238236,-632.3639104763305,419.3825302380945,0:00:01.309577,0:00:01.309577
gene_180,-204.34347250250968,-200.64710579802667,0.0,0:00:01.135977,0:00:01.135977
gene_181,-55.01623608080417,-501.84258223066706,446.8263461498629,0:00:00.865953,0:00:00.865953
gene_182,-441.9699287614724,-676.0200077651351,234.05007900366274,0:00:01.090396,0:00:01.090396
gene_183,-45.85440378253621,-255.11830235516493,209.2638985726287,0:00:00.804749,0:00:00.804749
gene_184,-236.90901616599925,-305.03764092681456,68.12862476081531,0:00:01.168025,0:00:01.168025
gene_185,-73.4719786439704,-161.23962030476335,87.76764166079295,0:00:00.791758,0:00:00.791758
gene_186,-181.18300226740263,-230.10027864687882,48.91727637947619,0:00:00.941438,0:00:00.941438
gene_187,-79.32951280517594,-148.4566572072825,69.12714440210655,0:00:00.788269,0:00:00.788269
gene_188,-136.98149160874738,-195.31044661457815,58.32895500583078,0:00:00.904137,0:00:00.904137
gene_189,-53.01164090223032,-83.23723446868175,30.22559356645143,0:00:00.758363,0:00:00.758363
gene_190,-87.16663319618007,-101.35061837046729,14.183985174287216,0:00:00.979457,0:00:00.979457
gene_191,-70.54793200291104,-97.34228411301335,26.79435211010231,0:00:00.863565,0:00:00.863565
gene_192,-78.79987024107302,-80.22542220131089,1.4255519602378683,0:00:01.389891,0:00:01.389891
gene_193,-86.45774332383242,-268.60063092047875,182.14288759664635,0:00:06.336665,0:00:06.336665
gene_194,-201.93792689725024,-326.68427042987497,124.74634353262473,0:00:00.941970,0:00:00.941970
gene_195,-49.68654285868836,-129.5347542564901,79.84821139780172,0:00:01.936900,0:00:01.936900
gene_196,-155.37147597360865,-206.80542358642873,51.43394761282008,0:00:00.959350,0:00:00.959350
gene_197,-50.907992805890075,-86.80119104551368,35.8931982396236,0:00:00.762821,0:00:00.762821
gene_198,-111.81554284379729,-140.3353811007086,28.5198382569113,0:00:01.019391,0:00:01.019391
gene_199,-177.51572912035454,-454.13158490365544,276.6158557833009,0:00:06.486152,0:00:06.486152
gene_200,-600.3721261879043,-857.0613578074691,256.6892316195648,0:00:01.149286,0:00:01.149286
gene_201,-76.57635342894037,-343.06666832641713,266.49031489747676,0:00:03.017479,0:00:03.017479
gene_202,-282.66601315590657,-360.06454057248686,77.3985274165803,0:00:01.120322,0:00:01.120322
gene_203,-117.96084812569534,-374.33856932678816,256.3777212010928,0:00:00.827501,0:00:00.827501
gene_204,-218.73897479856728,-269.99959203370344,51.26061723513615,0:00:01.284976,0:00:01.284976
gene_205,-70.50255062718428,-347.8313864114406,277.3288357842563,0:00:00.828391,0:00:00.828391
gene_206,-764.4426249163981,-1055.0983802837561,290.655755367358,0:00:01.062351,0:00:01.062351
gene_207,-87.35351421027076,-257.06154987965783,169.70803566938707,0:00:00.826134,0:00:00.826134
gene_208,-393.8035959813043,-444.15933271964,50.355736738335736,0:00:00.996579,0:00:00.996579
gene_209,-180.4676623022149,-368.64049228266833,188.17282998045343,0:00:00.864044,0:00:00.864044
gene_210,-251.91997926334105,-270.29233713622483,18.372357872883782,0:00:01.283481,0:00:01.283481
gene_211,-70.08383925419574,-245.31302807196607,175.22918881777034,0:00:00.771606,0:00:00.771606
gene_212,-201.9765909861081,-247.97657294824694,45.99998196213883,0:00:01.182263,0:00:01.182263
gene_213,-115.1958148353511,-199.8412467559852,84.6454319206341,0:00:00.802126,0:00:00.802126
gene_214,-163.80182431086016,-196.22190719426757,32.42008288340742,0:00:00.956863,0:00:00.956863
gene_215,-102.59639061154839,-119.4373834600149,16.840992848466513,0:00:00.774062,0:00:00.774062
gene_216,-130.65333440722665,-131.4287019442623,0.7753675370356348,0:00:01.354671,0:00:01.354671
gene_217,-119.7548493875507,-207.5815921099339,87.82674272238319,0:00:00.767942,0:00:00.767942
gene_218,-287.35597825613036,-391.1802259778662,103.82424772173584,0:00:01.010360,0:00:01.010360
gene_219,-88.01273337630064,-131.19116035040065,43.178426974100006,0:00:00.746659,0:00:00.746659
gene_220,-205.00979084214455,-230.04394146602706,25.03415062388251,0:00:00.941125,0:00:00.941125
gene_221,-70.65440597416456,-88.34182780518842,17.687421831023855,0:00:00.794134,0:00:00.794134
gene_222,-160.6075830556179,-163.51315192483258,2.905568869214676,0:00:00.944150,0:00:00.944150
gene_223,-100.41852690314836,-360.76198354143906,260.3434566382907,0:00:00.902692,0:00:00.902692
gene_224,-453.24628318524617,-730.9798874389611,277.73360425371493,0:00:01.227947,0:00:01.227947
gene_225,-66.58118398710924,-209.13410923481868,142.55292524770942,0:00:01.166378,0:00:01.166378
gene_226,-307.31711293838794,-388.7630571967362,81.44594425834828,0:00:01.316452,0:00:01.316452
gene_227,-64.57195911867998,-281.18368685536285,216.61172773668287,0:00:00.848270,0:00:00.848270
gene_228,-257.75986039278087,-274.8482735716411,17.088413178860208,0:00:01.461500,0:00:01.461500
gene_229,-25.260054974660438,-40.28974422594989,15.02968925128945,0:00:00.722756,0:00:00.722756
gene_230,-119.18047585036702,-119.01416045837124,0.0,0:00:01.147212,0:00:01.147212
gene_231,-80.9152884601838,-238.8314486598243,157.9161601996405,0:00:00.901877,0:00:00.901877
gene_232,-419.839160091386,-611.44683312644,191.60767303505395,0:00:01.065711,0:00:01.065711
gene_233,-106.17526029761075,-255.39684588650502,149.22158558889427,0:00:00.841878,0:00:00.841878
gene_234,-305.53616437797865,-362.78002542969983,57.24386105172118,0:00:01.062479,0:00:01.062479
gene_235,-74.43253525403146,-170.69238805577726,96.2598528017458,0:00:05.585702,0:00:05.585702
gene_236,-163.05338261870793,-175.4810635410905,12.427680922382564,0:00:00.932425,0:00:00.932425
gene_237,-57.57242093848495,-156.02139482317713,98.44897388469218,0:00:02.616289,0:00:02.616289
gene_238,-190.9196032519026,-227.97211988643167,37.05251663452907,0:00:00.965949,0:00:00.965949
gene_239,-63.515202413840605,-302.0935588327266,238.57835641888602,0:00:00.923297,0:00:00.923297
gene_240,-120.82080159412563,-119.74893494847836,0.0,0:00:01.353257,0:00:01.353257
gene_241,-71.66243702547617,-200.77135750443526,129.10892047895908,0:00:00.767085,0:00:00.767085
gene_242,-264.3882936146969,-303.6335197226317,39.2452261079348,0:00:01.132413,0:00:01.132413
gene_243,-98.5194880413101,-188.76441045364706,90.24492241233696,0:00:01.832843,0:00:01.832843
gene_244,-217.78732819912946,-234.09389531170947,16.306567112580012,0:00:01.431226,0:00:01.431226
gene_245,-81.7201498925113,-117.70547737424057,35.98532748172927,0:00:00.759199,0:00:00.759199
gene_246,-159.80498421547313,-164.75898547271424,4.954001257241117,0:00:01.011175,0:00:01.011175
gene_247,-58.036783944644526,-141.0842908708786,83.04750692623406,0:00:00.797332,0:00:00.797332
gene_248,-178.38688223258322,-253.98358800383298,75.59670577124976,0:00:00.910728,0:00:00.910728
gene_249,-47.17278894184405,-82.77263779173691,35.599848849892865,0:00:00.741423,0:00:00.741423
gene_250,-103.34759163057994,-120.70071187391639,17.35312024333645,0:00:00.911327,0:00:00.911327
gene_251,-76.35443200054675,-126.90488708128731,50.55045508074056,0:00:00.881353,0:00:00.881353
gene_252,-82.44058008139315,-86.65336366678875,4.212783585395599,0:00:01.221695,0:00:01.221695
gene_253,-49.51747340629801,-82.35648623792524,32.83901283162723,0:00:00.745951,0:00:00.745951
gene_254,-141.79641774064953,-173.05920650018533,31.262788759535795,0:00:01.027087,0:00:01.027087
gene_255,-59.765989103156,-464.07079058686924,404.3048014837132,0:00:00.908731,0:00:00.908731
gene_256,-209.6176050339992,-463.81809481218767,254.20048977818846,0:00:01.075522,0:00:01.075522
gene_257,-95.45231456406945,-296.7986170151217,201.34630245105222,0:00:00.839108,0:00:00.839108
gene_258,-179.91308356056555,-309.70091347509805,129.7878299145325,0:00:01.181268,0:00:01.181268
gene_259,-26.452615182885175,-35.36614174664581,8.913526563760634,0:00:00.718273,0:00:00.718273
gene_260,-98.02709869552744,-104.65139555405749,6.624296858530045,0:00:00.885873,0:00:00.885873
gene_261,-27.00724159444437,-34.085212588421705,7.077970993977335,0:00:00.705888,0:00:00.705888
gene_262,-67.77402147040772,-67.13766199146038,0.0,0:00:01.282669,0:00:01.282669
gene_263,-76.09899563473823,-272.24922203787895,196.15022640314072,0:00:00.773095,0:00:00.773095
gene_264,-195.72155348549552,-230.8849527803986,35.16339929490309,0:00:00.951577,0:00:00.951577
gene_265,-74.38610789455336,-412.3125443247515,337.9264364301981,0:00:00.821394,0:00:00.821394
gene_266,-659.1808062450444,-1936.9490476828228,1277.7682414377782,0:00:01.103437,0:00:01.103437
gene_267,-65.20076892048974,-235.2982798699817,170.09751094949198,0:00:00.856281,0:00:00.856281
gene_268,-413.05884634931294,-904.3636139521294,491.30476760281647,0:00:01.217074,0:00:01.217074
gene_269,-73.57852996053913,-143.2562590045395,69.67772904400036,0:00:00.793096,0:00:00.793096
gene_270,-250.99927468497128,-551.5487259187373,300.54945123376604,0:00:01.175882,0:00:01.175882
gene_271,-39.97360612628526,-260.59068551387116,220.6170793875859,0:00:00.804026,0:00:00.804026
gene_272,-279.8021990599707,-338.63206656471755,58.82986750474686,0:00:01.504205,0:00:01.504205
gene_273,-30.393730395530877,-137.07875627064428,106.6850258751134,0:00:00.770445,0:00:00.770445
gene_274,-163.98978742567812,-185.8438498525428,21.854062426864687,0:00:01.381634,0:00:01.381634
gene_275,-45.228885122700184,-109.70795267240439,64.47906754970421,0:00:00.768642,0:00:00.768642
gene_276,-136.1217239563054,-142.93247156724112,6.810747610935721,0:00:01.055009,0:00:01.055009
gene_277,-68.32034482980262,-157.3049363617201,88.98459153191749,0:00:00.786856,0:00:00.786856
gene_278,-262.629212754174,-307.87911673920246,45.24990398502848,0:00:00.872949,0:00:00.872949
gene_279,-57.00953259967981,-89.0144200382001,32.00488743852029,0:00:00.757876,0:00:00.757876
gene_280,-130.12392689489405,-130.39740148129835,0.2734745864042907,0:00:01.228146,0:00:01.228146
gene_281,-79.04699609818293,-336.4421136773192,257.39511757913624,0:00:00.835618,0:00:00.835618
gene_282,-289.3046197400423,-364.4980162839433,75.19339654390097,0:00:01.079753,0:00:01.079753
gene_283,-49.30671269043334,-190.43973101645514,141.13301832602178,0:00:00.764748,0:00:00.764748
gene_284,-248.91338284834097,-273.76838336626844,24.855000517927465,0:00:00.946291,0:00:00.946291
gene_285,-95.51245066167459,-177.86065167630764,82.34820101463305,0:00:00.794707,0:00:00.794707
gene_286,-138.93398457431414,-180.66135049074185,41.727365916427715,0:00:01.160153,0:00:01.160153
gene_287,-85.24279956560032,-134.2872904506442,49.044490885043885,0:00:00.870364,0:00:00.870364
gene_288,-105.93815991221298,-118.09537772182819,12.157217809615204,0:00:01.197377,0:00:01.197377
gene_289,-57.927579859466746,-75.72105073123734,17.793470871770594,0:00:00.738834,0:00:00.738834
gene_290,-139.47618349586142,-144.89086075487606,5.414677259014638,0:00:00.837037,0:00:00.837037
gene_291,-92.08549356910974,-228.3803770918121,136.29488352270238,0:00:00.782349,0:00:00.782349
gene_292,-165.70443632071957,-239.0597146317129,73.35527831099333,0:00:01.004359,0:00:01.004359
gene_293,-66.23009917805723,-241.07764811910533,174.8475489410481,0:00:00.826592,0:00:00.826592
gene_294,-127.36076207309377,-149.06374626605694,21.70298419296317,0:00:01.061235,0:00:01.061235
gene_295,-368.0545881064045,-1544.0338217933654,1175.979233686961,0:00:01.045711,0:00:01.045711
gene_296,-1025.7572245526967,-1843.2771625270648,817.5199379743681,0:00:01.405409,0:00:01.405409
gene_297,-166.0250607785102,-792.5043314892889,626.4792707107787,0:00:01.073380,0:00:01.073380
gene_298,-648.325248121039,-981.181414711491,332.85616659045206,0:00:01.578785,0:00:01.578785
gene_299,-148.97684909741108,-452.34264184750424,303.3657927500932,0:00:00.984258,0:00:00.984258
gene_300,-456.11360494237204,-667.0354812281107,210.92187628573868,0:00:01.195290,0:00:01.195290
gene_301,-45.520195463954444,-105.70726345629424,60.1870679923398,0:00:00.749662,0:00:00.749662
gene_302,-218.49018191389914,-256.7809346225574,38.29075270865829,0:00:01.104596,0:00:01.104596
gene_303,-52.71715922118064,-121.85196972543457,69.13481050425393,0:00:01.785950,0:00:01.785950
gene_304,-130.42196687621131,-148.8821865572951,18.4602196810838,0:00:01.112248,0:00:01.112248
gene_305,-47.681053015615966,-82.78064867491763,35.09959565930166,0:00:00.752217,0:00:00.752217
gene_306,-132.1858973173966,-166.44621295952993,34.26031564213332,0:00:01.124700,0:00:01.124700
gene_307,-38.25705221712691,-234.51754521254654,196.2604929954196,0:00:02.119432,0:00:02.119432
gene_308,-200.41394927448113,-224.289055326015,23.875106051533862,0:00:01.379554,0:00:01.379554
gene_309,-55.43414996031544,-128.8453827176207,73.41123275730527,0:00:00.788216,0:00:00.788216
gene_310,-144.31547307326414,-147.8973689943788,3.581895921114665,0:00:01.480836,0:00:01.480836
gene_311,-67.7477657766456,-193.48120403789054,125.73343826124494,0:00:00.837372,0:00:00.837372
gene_312,-148.1745178678066,-167.73255844193895,19.55804057413235,0:00:01.481337,0:00:01.481337
gene_313,-52.129038073843624,-90.43894893362166,38.309910859778036,0:00:00.743457,0:00:00.743457
gene_314,-138.39383257596074,-163.077700957213,24.683868381252267,0:00:00.963440,0:00:00.963440
gene_315,-70.1852014864876,-166.3039340560635,96.1187325695759,0:00:00.743518,0:00:00.743518
gene_316,-256.2764567568204,-322.05221815521884,65.77576139839846,0:00:01.405311,0:00:01.405311
gene_317,-60.208676605733444,-112.11088989620255,51.902213290469106,0:00:00.738189,0:00:00.738189
gene_318,-183.8880212655181,-210.94236416744107,27.05434290192298,0:00:01.397082,0:00:01.397082
gene_319,-68.21381091042984,-136.50640899828323,68.29259808785339,0:00:00.758792,0:00:00.758792
gene_320,-290.98397012527204,-320.87519947850194,29.891229353229903,0:00:00.920462,0:00:00.920462
gene_321,-146.5004893172125,-260.38565304800426,113.88516373079176,0:00:00.930256,0:00:00.930256
gene_322,-387.9372801034086,-388.3094921942456,0.3722120908369675,0:00:01.429913,0:00:01.429913
gene_323,-118.66374491693419,-172.4920873948753,53.82834247794112,0:00:00.933014,0:00:00.933014
gene_324,-292.06331897457426,-297.3016869085543,5.238367933980044,0:00:01.631915,0:00:01.631915
gene_325,-43.593540802988684,-96.357106094426,52.76356529143732,0:00:00.779566,0:00:00.779566
gene_326,-228.6216801198426,-258.0297808993726,29.408100779530002,0:00:00.900264,0:00:00.900264
gene_327,-46.40783257151131,-61.69006452796093,15.282231956449621,0:00:00.824094,0:00:00.824094
gene_328,-133.96116114128148,-139.45270638389533,5.491545242613853,0:00:00.870870,0:00:00.870870
gene_329,-461.3593693349706,-1068.081869564396,606.7225002294253,0:00:05.322401,0:00:05.322401
gene_330,-176.48547517062414,-206.17587150132528,29.690396330701134,0:00:01.087548,0:00:01.087548
gene_331,-182.83208382991677,-319.6529527030253,136.8208688731085,0:00:00.829302,0:00:00.829302
gene_332,-599.4935693467571,-693.8197597084818,94.32619036172468,0:00:01.295450,0:00:01.295450
gene_333,-78.43791842525067,-165.93489054078233,87.49697211553166,0:00:00.768442,0:00:00.768442
gene_334,-320.8663335313844,-347.1066383788845,26.240304847500113,0:00:01.487516,0:00:01.487516
gene_335,-130.095218411497,-996.4613050185072,866.3660866070102,0:00:00.878664,0:00:00.878664
gene_336,-232.2364327181784,-246.99550581445956,14.759073096281156,0:00:01.483398,0:00:01.483398
gene_337,-64.96633832064464,-111.58079366460626,46.61445534396162,0:00:01.919633,0:00:01.919633
gene_338,-210.10299367270343,-257.29275350821973,47.1897598355163,0:00:00.862153,0:00:00.862153
gene_339,-70.2790931805977,-100.3723762361928,30.09328305559511,0:00:00.770380,0:00:00.770380
gene_340,-121.67759315869505,-122.40020608488868,0.7226129261936336,0:00:01.341272,0:00:01.341272
gene_341,-55.566034686883874,-97.94854429311877,42.3825096062349,0:00:00.772179,0:00:00.772179
gene_342,-144.11816785075834,-136.73403438560598,0.0,0:00:00.956035,0:00:00.956035
gene_343,-190.9584953216483,-302.48795280248993,111.52945748084164,0:00:00.822137,0:00:00.822137
gene_344,-267.56337371753483,-348.3982607925579,80.83488707502306,0:00:01.245894,0:00:01.245894
gene_345,-84.95664050855765,-157.9724705475138,73.01583003895615,0:00:00.780116,0:00:00.780116
gene_346,-177.15282055097373,-191.999945296072,14.847124745098284,0:00:01.336949,0:00:01.336949
gene_347,-117.2344268745711,-294.581842280302,177.34741540573089,0:00:00.895711,0:00:00.895711
gene_348,-121.92956066399509,-123.20334508819298,1.2737844241978848,0:00:01.305840,0:00:01.305840
gene_349,-163.86373590959204,-348.8490225325407,184.98528662294865,0:00:00.839452,0:00:00.839452
gene_350,-754.1037448770578,-824.4050701896327,70.30132531257493,0:00:01.552833,0:00:01.552833
gene_351,-92.33341349410222,-275.4410351214269,183.1076216273247,0:00:06.807440,0:00:06.807440
gene_352,-344.51892439903725,-379.5919908892838,35.07306649024656,0:00:01.340063,0:00:01.340063
gene_353,-139.29688850143052,-559.2024740645921,419.9055855631616,0:00:01.051039,0:00:01.051039
gene_354,-394.4620721125136,-483.783402185918,89.3213300734044,0:00:01.159421,0:00:01.159421
gene_355,-141.63171559756856,-268.32960243167093,126.69788683410238,0:00:00.815718,0:00:00.815718
gene_356,-318.28981177319,-351.2237449855509,32.9339332123609,0:00:01.226884,0:00:01.226884
gene_357,-80.46266730463714,-140.38447109802402,59.921803793386886,0:00:00.842863,0:00:00.842863
gene_358,-173.9249045736453,-202.0453252324956,28.120420658850293,0:00:01.157152,0:00:01.157152
gene_359,-78.04325456883801,-97.13535337381666,19.092098804978647,0:00:00.785222,0:00:00.785222
gene_360,-127.58163951258287,-139.55154680389464,11.96990729131177,0:00:01.263348,0:00:01.263348
gene_361,-43.250803960502395,-81.41071346989222,38.15990950938982,0:00:00.750684,0:00:00.750684
gene_362,-203.8044947424255,-290.9282152123645,87.12372046993897,0:00:01.055449,0:00:01.055449
gene_363,-35.23831269057752,-50.90409470670638,15.665782016128858,0:00:00.730590,0:00:00.730590
gene_364,-109.04684577771683,-139.53425528340435,30.487409505687523,0:00:00.902207,0:00:00.902207
gene_365,-136.84446782573374,-312.8636611041128,176.01919327837905,0:00:00.848099,0:00:00.848099
gene_366,-150.86662385624243,-195.4506944622589,44.58407060601647,0:00:01.247260,0:00:01.247260
gene_367,-42.74750787021846,-95.62489949202462,52.87739162180616,0:00:01.786560,0:00:01.786560
gene_368,-210.3613661633715,-213.60427980329845,3.2429136399269396,0:00:01.175487,0:00:01.175487
gene_369,-99.89692834970988,-142.0607269143197,42.16379856460982,0:00:00.755702,0:00:00.755702
gene_370,-139.54455429613188,-147.78163319263092,8.237078896499042,0:00:01.017381,0:00:01.017381
gene_371,-140.0312479418482,-264.03086898239644,123.99962104054825,0:00:00.804745,0:00:00.804745
gene_372,-197.8461890471991,-364.5735552277027,166.7273661805036,0:00:01.502241,0:00:01.502241
gene_373,-118.61282678538946,-420.5798932699194,301.96706648452994,0:00:00.825336,0:00:00.825336
gene_374,-559.5234605620067,-703.5316819582098,144.0082213962031,0:00:01.743062,0:00:01.743062
gene_375,-71.63669558542526,-216.1661508098284,144.52945522440314,0:00:00.783986,0:00:00.783986
gene_376,-318.15387005066646,-353.18558284547237,35.03171279480591,0:00:01.906499,0:00:01.906499
gene_377,-254.20754317936454,-1128.2048270229682,873.9972838436037,0:00:00.871059,0:00:00.871059
gene_378,-342.6507199768174,-368.367896692706,25.71717671588857,0:00:01.118415,0:00:01.118415
gene_379,-59.18616193656157,-120.0665109338833,60.880348997321725,0:00:00.757227,0:00:00.757227
gene_380,-149.63987582276752,-173.72280221873908,24.082926395971555,0:00:01.148166,0:00:01.148166
gene_381,-91.32425625594142,-135.3074221893522,43.983165933410774,0:00:00.744603,0:00:00.744603
gene_382,-158.89254157671542,-198.1510339740878,39.25849239737238,0:00:00.972774,0:00:00.972774
gene_383,-49.40821787854891,-230.04205638863195,180.63383851008302,0:00:01.205370,0:00:01.205370
gene_384,-152.0109872895088,-189.158153469419,37.147166179910215,0:00:01.012746,0:00:01.012746
gene_385,-43.851386462860376,-178.76680548780462,134.91541902494424,0:00:00.809287,0:00:00.809287
gene_386,-379.68225526820567,-424.3366878244948,44.65443255628912,0:00:01.284408,0:00:01.284408
gene_387,-45.72846266895101,-98.8236307513307,53.095168082379686,0:00:00.752810,0:00:00.752810
gene_388,-180.45956768354546,-197.75975107255763,17.300183389012176,0:00:01.046793,0:00:01.046793
gene_389,-43.42517636503248,-61.70625103181495,18.281074666782473,0:00:00.753802,0:00:00.753802
gene_390,-146.97274966278027,-153.66301612545706,6.690266462676789,0:00:01.270971,0:00:01.270971
gene_391,-77.92809783717881,-220.73607062700137,142.80797278982254,0:00:02.056205,0:00:02.056205
gene_392,-407.73254288297073,-554.4336598378653,146.7011169548946,0:00:01.371837,0:00:01.371837
gene_393,-210.72919004909622,-375.5218041835846,164.7926141344884,0:00:01.023857,0:00:01.023857
gene_394,-357.2182559585404,-619.8150171382046,262.59676117966416,0:00:01.223612,0:00:01.223612
gene_395,-170.15755458186675,-291.83807916329243,121.68052458142569,0:00:00.905202,0:00:00.905202
gene_396,-285.89148827751364,-399.44839149437394,113.55690321686029,0:00:01.818819,0:00:01.818819
gene_397,-102.45695162380393,-411.57023063565896,309.113279011855,0:00:00.846878,0:00:00.846878
gene_398,-643.7541919420648,-988.1670108935654,344.4128189515005,0:00:01.234261,0:00:01.234261
gene_399,-84.49611171726981,-241.62871060718268,157.13259888991286,0:00:00.795320,0:00:00.795320
gene_400,-346.07327944826244,-468.1659787586,122.09269931033754,0:00:01.219004,0:00:01.219004
