,Dynamic_model_log_likelihood,Constant_model_log_likelihood,log_likelihood_ratio,time,failure counter
gene_1,-121.1530500377869,-126.78355757985749,5.630507542070589,0:00:02.294584,0
gene_2,-110.11768134424304,-107.21317309189082,-2.9045082523522154,0:00:04.667575,0
gene_3,-141.3681138888089,-141.82071569740776,0.452601808598871,0:00:02.823907,0
gene_4,-106.23067227342986,-103.58310089741313,-2.647571376016728,0:00:05.919559,0
gene_5,-159.87825994568263,-163.48178886716448,3.6035289214818533,0:00:02.566014,0
gene_6,-130.3735325480744,-128.5676022294692,-1.805930318605192,0:00:06.440240,0
gene_7,-151.13387605648924,-157.06228738327314,5.928411326783902,0:00:02.748466,0
gene_8,-146.92343157889937,-147.83788484781107,0.9144532689117,0:00:05.642678,1
gene_9,-151.2672704059286,-156.58975714320854,5.322486737279945,0:00:02.699552,0
gene_10,-134.79556144098345,-135.39316958322607,0.5976081422426205,0:00:04.301490,0
gene_11,-157.11607897947215,-164.03497631485965,6.9188973353874985,0:00:03.102829,0
gene_12,-130.0627944884414,-129.5092021718174,-0.5535923166239911,0:00:06.769935,0
gene_13,-141.98939924106466,-144.00048560327772,2.0110863622130637,0:00:02.466040,0
gene_14,-128.7977261837909,-127.70317873910174,-1.0945474446891552,0:00:04.475671,0
gene_15,-148.45805464624644,-155.12285427785008,6.664799631603643,0:00:02.395827,0
gene_16,-132.92092226072114,-130.76864358479247,-2.1522786759286703,0:00:05.362673,0
gene_17,-153.3387075535974,-155.77479185218587,2.4360842985884688,0:00:02.695059,0
gene_18,-124.80563111617609,-122.75064895877684,-2.0549821573992517,0:00:05.499783,0
gene_19,-112.89269077353,-116.98595199794508,4.093261224415073,0:00:02.382286,0
gene_20,-99.6609555860873,-97.94450864860687,-1.716446937480427,0:00:04.908527,0
gene_21,-130.25054436353147,-133.47417470558648,3.223630342055003,0:00:02.423225,0
gene_22,-107.6821951847193,-105.4406528663279,-2.24154231839141,0:00:06.385883,0
gene_23,-153.57806739411504,-167.60914751623997,14.031080122124933,0:00:03.018959,0
gene_24,-126.46521108628569,-134.92204369519106,8.456832608905373,0:00:06.797655,0
gene_25,-118.95730871166752,-120.25702358903652,1.2997148773689986,0:00:02.955463,0
gene_26,-92.40625597524875,-90.44216609129285,-1.9640898839559071,0:00:04.160739,0
gene_27,-125.84745257951897,-128.17490534579483,2.3274527662758544,0:00:02.293578,0
gene_28,-103.75444186459579,-101.77986678318412,-1.9745750814116718,0:00:04.780180,0
gene_29,-137.74849985551546,-146.7468893344662,8.998389478950742,0:00:02.637259,0
gene_30,-108.88867351892914,-107.41856727364704,-1.4701062452820963,0:00:06.501682,0
gene_31,-132.49972220844302,-138.92355750192917,6.42383529348615,0:00:02.360636,0
gene_32,-111.98778676000134,-109.70281277752783,-2.2849739824735167,0:00:04.288919,0
gene_33,-129.4494702428005,-137.69412400558403,8.244653762783543,0:00:03.108490,0
gene_34,-99.50105631929365,-97.30410490167704,-2.196951417616617,0:00:05.796999,0
gene_35,-151.03687821801597,-156.67568620556904,5.638807987553065,0:00:02.385348,0
gene_36,-129.16725123585968,-127.82716120559152,-1.3400900302681578,0:00:05.831957,0
gene_37,-142.7070496861727,-148.0154302885528,5.308380602380112,0:00:02.595546,0
gene_38,-119.89334630125236,-117.85027209594165,-2.0430742053107167,0:00:04.473756,0
gene_39,-139.38720926832497,-144.7330676269763,5.345858358651327,0:00:02.520043,0
gene_40,-108.34061494414641,-105.78591278848259,-2.5547021556638185,0:00:06.834742,0
gene_41,-158.92714960353294,-163.27171169792044,4.3445620943874985,0:00:03.182156,0
gene_42,-126.64923870998713,-126.062234705962,-0.5870040040251325,0:00:05.613615,0
gene_43,-112.69100469620116,-119.63100286196789,6.939998165766724,0:00:02.292839,0
gene_44,-87.7321648359804,-85.24298863811342,-2.489176197866982,0:00:03.538634,0
gene_45,-124.39215015363698,-126.03209521332796,1.6399450596909873,0:00:02.448299,0
gene_46,-93.66977588908901,-89.835314078295,-3.8344618107940107,0:00:02.729696,0
gene_47,-141.62012660657467,-160.92730314200037,19.307176535425697,0:00:02.493885,0
gene_48,-118.54431017312479,-116.49612856640552,-2.048181606719268,0:00:03.745464,0
gene_49,-142.2309994053131,-148.98830798738996,6.75730858207686,0:00:05.028040,0
gene_50,-148.41932098601887,-146.66880368865154,-1.7505172973673382,0:00:05.316673,1
gene_51,-148.7198353420076,-155.56942608298723,6.849590740979636,0:00:02.765947,0
gene_52,-137.4085024500832,-135.05083741072903,-2.357665039354174,0:00:07.487924,0
gene_53,-174.0382677096889,-178.37696025443728,4.338692544748369,0:00:02.962180,0
gene_54,-140.0996426708461,-136.8310834431421,-3.268559227704003,0:00:06.042248,0
gene_55,-116.44005643399038,-125.13998176769759,8.699925333707213,0:00:02.394310,0
gene_56,-113.72760857323125,-111.29846249982373,-2.429146073407523,0:00:06.528259,0
gene_57,-135.3880549914738,-135.38799556630008,-5.942517373114242e-05,0:00:03.293476,0
gene_58,-113.27830749194317,-110.97404481190104,-2.304262680042129,0:00:06.130476,0
gene_59,-157.1580737803868,-163.45173246364632,6.293658683259537,0:00:02.557237,0
gene_60,-133.62741587062237,-132.38071329834108,-1.2467025722812934,0:00:11.001820,0
gene_61,-116.46561510506174,-124.31716403352551,7.851548928463771,0:00:03.915620,0
gene_62,-106.92286771881844,-105.46603535909537,-1.456832359723066,0:00:08.478651,0
gene_63,-127.18143949919812,-127.18142767062304,-1.1828575082972748e-05,0:00:03.193218,0
gene_64,-97.06595037260071,-95.72919896022545,-1.3367514123752642,0:00:05.420384,0
gene_65,-166.24695888498732,-166.9043500381032,0.6573911531158672,0:00:02.656271,0
gene_66,-119.61332673936407,-118.60778944152813,-1.005537297835943,0:00:08.028085,0
gene_67,-130.9158902921191,-130.9274069072545,0.011516615135406028,0:00:02.732781,0
gene_68,-111.97400563772892,-110.70036926720178,-1.273636370527143,0:00:05.784658,0
gene_69,-153.8302372499254,-159.9896847444811,6.159447494555707,0:00:03.345527,0
gene_70,-145.10709383589617,-143.92428658221093,-1.1828072536852403,0:00:05.724558,1
gene_71,-160.8421480226575,-163.7591873553726,2.917039332715092,0:00:03.360278,0
gene_72,-138.55121497433024,-137.15755288981194,-1.3936620845182972,0:00:04.363509,0
gene_73,-121.69164674208389,-126.69153701473121,4.99989027264732,0:00:02.246274,0
gene_74,-123.39003951742411,-121.71527568509141,-1.674763832332701,0:00:04.355465,0
gene_75,-139.33148911404837,-148.29364600635844,8.962156892310077,0:00:02.366101,0
gene_76,-116.42367249356877,-114.54959217354208,-1.8740803200266924,0:00:06.335177,0
gene_77,-135.55637983716605,-145.38580954673682,9.829429709570775,0:00:03.242456,0
gene_78,-109.7377809554353,-107.85530052839859,-1.882480427036711,0:00:06.857324,0
gene_79,-129.99106706240246,-131.4649886387771,1.4739215763746358,0:00:02.963547,0
gene_80,-119.80640677686682,-118.47626927244218,-1.3301375044246413,0:00:05.195245,0
gene_81,-139.3026946662599,-143.51849836870426,4.2158037024443615,0:00:02.657569,0
gene_82,-121.74698545845601,-119.90991973165487,-1.8370657268011428,0:00:06.360046,0
gene_83,-162.42074792263378,-165.25071145035673,2.8299635277229527,0:00:02.710362,0
gene_84,-133.1431295390412,-131.52480711811407,-1.618322420927143,0:00:04.352220,0
gene_85,-145.43493645153873,-150.1435117972053,4.70857534566656,0:00:02.968067,0
gene_86,-122.8205779993588,-120.90945311596117,-1.9111248833976333,0:00:07.930903,0
gene_87,-142.95057278679204,-152.24980061716488,9.299227830372843,0:00:02.865515,0
gene_88,-113.89601315486317,-111.24580491437804,-2.650208240485128,0:00:08.928045,0
gene_89,-159.01453423603158,-160.6372181779427,1.6226839419111343,0:00:02.659217,0
gene_90,-122.98446837855455,-120.1645762918508,-2.819892086703746,0:00:06.770649,0
gene_91,-138.48568956476137,-146.66062594002682,8.174936375265446,0:00:02.713768,0
gene_92,-116.03058816754324,-112.70398087314288,-3.326607294400361,0:00:07.409992,0
gene_93,-132.34299825767593,-141.81088575203995,9.467887494364021,0:00:02.642458,0
gene_94,-105.41562434654583,-102.74738862748258,-2.6682357190632473,0:00:05.868306,0
gene_95,-130.81180618132777,-138.71892332801727,7.907117146689501,0:00:03.049330,0
gene_96,-101.18398744135419,-97.09866371394531,-4.085323727408877,0:00:04.273307,0
gene_97,-122.17815527537746,-122.44370533948461,0.26555006410714554,0:00:02.701404,0
gene_98,-119.78316266192296,-118.04203266532726,-1.7411299965957028,0:00:05.517585,0
gene_99,-141.07458701100072,-148.59456677897487,7.519979767974149,0:00:02.633652,0
gene_100,-129.6590850631577,-127.52955422646225,-2.1295308366954515,0:00:07.481116,0
gene_101,-143.51887160891928,-155.28131746030556,11.762445851386275,0:00:02.476929,0
gene_102,-127.13531683250525,-124.84399150854574,-2.291325323959512,0:00:06.915428,0
gene_103,-139.94667312705062,-142.75012442481807,2.8034512977674524,0:00:02.574799,0
gene_104,-137.03686604138582,-135.68670038975705,-1.350165651628771,0:00:06.176545,0
gene_105,-139.31928463997698,-143.62204432878502,4.302759688808038,0:00:02.208604,0
gene_106,-126.14207833842259,-124.33161007825419,-1.8104682601684061,0:00:04.992394,0
gene_107,-145.05485473828347,-146.3265509170098,1.2716961787263301,0:00:02.320991,0
gene_108,-119.16962691271186,-116.9723845823597,-2.197242330352168,0:00:05.588660,0
gene_109,-126.1980615147919,-129.07289444195658,2.8748329271646753,0:00:02.183686,0
gene_110,-135.30254689115117,-134.1878106248503,-1.1147362663008664,0:00:04.161223,0
gene_111,-137.81169928638363,-143.46580036604686,5.654101079663235,0:00:02.487318,0
gene_112,-130.99068034983748,-128.70293935061233,-2.28774099922515,0:00:05.122350,0
gene_113,-149.56067833879519,-162.0441025287024,12.483424189907225,0:00:02.355927,0
gene_114,-129.70415546401102,-128.6760641777815,-1.028091286229511,0:00:05.051204,0
gene_115,-144.43826982167195,-146.81203084946202,2.373761027790067,0:00:02.338063,0
gene_116,-135.68705460003864,-134.63561431892884,-1.051440281109791,0:00:04.998812,0
gene_117,-152.61077058994488,-154.54262844038576,1.9318578504408777,0:00:02.255833,0
gene_118,-131.17256423601555,-129.69274753405935,-1.4798167019561959,0:00:05.515500,0
gene_119,-165.50612088286636,-174.8442036421645,9.338082759298146,0:00:02.512467,0
gene_120,-133.91573407915635,-131.68254214488124,-2.233191934275112,0:00:06.786449,0
gene_121,-133.80359112828168,-134.2575874603156,0.45399633203390977,0:00:02.138943,0
gene_122,-111.19237237349537,-109.04562532074507,-2.1467470527502996,0:00:04.616141,0
gene_123,-155.30976467059284,-161.27754241114647,5.967777740553629,0:00:02.228452,0
gene_124,-137.24180754973915,-134.98519540804892,-2.2566121416902263,0:00:06.393224,0
gene_125,-186.74157848274479,-187.41897412264274,0.6773956398979522,0:00:02.330471,0
gene_126,-157.6621302267666,-155.93058293898653,-1.7315472877800744,0:00:05.341679,0
gene_127,-142.16681810663007,-146.2331906213188,4.066372514688737,0:00:02.263764,0
gene_128,-136.48009465243013,-134.89858015123204,-1.581514501198086,0:00:04.387941,0
gene_129,-139.61020517654723,-143.4944525335111,3.8842473569638685,0:00:02.436106,0
gene_130,-124.0187704254466,-122.08609940683446,-1.9326710186121403,0:00:05.311713,0
gene_131,-142.23007483830762,-145.31547797452816,3.085403136220549,0:00:02.475492,0
gene_132,-117.66832561332431,-115.43389114785853,-2.2344344654657817,0:00:05.776616,0
gene_133,-148.90760006192906,-148.91728359576126,0.009683533832202329,0:00:02.189922,0
gene_134,-129.6647647010169,-127.76899118531088,-1.8957735157060256,0:00:05.104417,0
gene_135,-150.6697175495425,-151.91582398894613,1.2461064394036327,0:00:02.377578,0
gene_136,-127.8677139394195,-125.45611298079727,-2.4116009586222305,0:00:05.248234,0
gene_137,-162.75528735422773,-162.56457520445787,-0.1907121497698654,0:00:02.148992,0
gene_138,-122.28327008657823,-119.46738351427928,-2.8158865722989503,0:00:05.220987,0
gene_139,-129.6079210576094,-129.6074757875705,-0.00044527003888106265,0:00:03.721434,0
gene_140,-96.8490826553617,-95.45348545683821,-1.3955971985234896,0:00:04.775080,0
gene_141,-139.23128273488808,-146.14352127088821,6.912238536000132,0:00:02.498944,0
gene_142,-132.3848008725563,-130.57370097484068,-1.8110998977156214,0:00:05.598612,0
gene_143,-140.7229672517954,-148.16520143185915,7.4422341800637355,0:00:02.358352,0
gene_144,-124.8935851169939,-122.98374571659515,-1.9098394003987522,0:00:06.795037,0
gene_145,-144.11531015971258,-146.23250978255126,2.117199622838683,0:00:02.439787,0
gene_146,-139.3727690982106,-137.77102100553662,-1.6017480926739722,0:00:04.719709,0
gene_147,-142.9957206779413,-145.28674146108247,2.291020783141164,0:00:02.262971,0
gene_148,-129.1460942347223,-127.32498874029311,-1.8211054944292044,0:00:05.351769,0
gene_149,-163.85346786512815,-179.20395034226448,15.350482477136325,0:00:02.581401,0
gene_150,-141.86871527408934,-140.10701384117277,-1.761701432916567,0:00:04.853349,0
gene_151,-150.65255709698843,-157.36560716055394,6.713050063565504,0:00:02.261457,0
gene_152,-125.416110967499,-122.8190367180059,-2.5970742494930903,0:00:07.468102,0
gene_153,-144.03580930312248,-148.76728428778077,4.731474984658291,0:00:02.381070,0
gene_154,-116.77894804140554,-114.58770195231749,-2.191246089088054,0:00:19.497613,0
gene_155,-175.53660740960956,-175.9315565967964,0.3949491871868531,0:00:02.534772,0
gene_156,-137.4230335043675,-135.26001253078732,-2.1630209735801884,0:00:06.334423,0
gene_157,-149.9782255514449,-156.44552401849157,6.467298467046675,0:00:02.839340,0
gene_158,-134.00974617367805,-132.30586656713785,-1.7038796065401982,0:00:06.269718,0
gene_159,-148.61207901474347,-155.74245050717806,7.130371492434591,0:00:02.463461,0
gene_160,-124.6657764516686,-122.66669942043072,-1.9990770312378885,0:00:07.084528,0
gene_161,-160.31669146965422,-172.02029756227134,11.703606092617122,0:00:02.688140,0
gene_162,-130.93678505705097,-128.72385210835745,-2.2129329486935205,0:00:05.933269,0
gene_163,-126.28995183993673,-125.44255850487318,-0.8473933350635576,0:00:02.108895,0
gene_164,-117.27417641370242,-115.38594817482732,-1.8882282388751008,0:00:05.153761,0
gene_165,-147.0420474545232,-152.4337208644612,5.391673409937994,0:00:02.285708,0
gene_166,-137.96831155714958,-137.58245042097113,-0.3858611361784483,0:00:05.099718,0
gene_167,-149.43515775987902,-162.3867672163846,12.951609456505594,0:00:02.540130,0
gene_168,-142.41799608252205,-140.62514622104302,-1.7928498614790271,0:00:05.298400,0
gene_169,-128.1229641811411,-133.69304108983064,5.570076908689543,0:00:02.286618,0
gene_170,-133.2728231475959,-131.6251483582871,-1.6476747893087804,0:00:04.469285,0
gene_171,-133.11086269939813,-142.45378542684372,9.342922727445597,0:00:02.530329,0
gene_172,-125.29018636453995,-122.93598308063918,-2.354203283900773,0:00:05.211656,0
gene_173,-155.81604184637007,-169.54551852349596,13.729476677125888,0:00:02.472569,0
gene_174,-138.86322354732104,-137.31788323860624,-1.545340308714799,0:00:05.186020,0
gene_175,-133.69465203903061,-140.95413189770588,7.259479858675263,0:00:02.455514,0
gene_176,-135.76487724303158,-133.35343476739493,-2.4114424756366475,0:00:04.759840,0
gene_177,-148.01325944495966,-151.7990351165506,3.7857756715909545,0:00:02.169426,0
gene_178,-124.39416704224539,-121.09018820542157,-3.3039788368238163,0:00:06.147542,0
gene_179,-174.4509500104962,-187.81973008279712,13.368780072300922,0:00:02.592108,0
gene_180,-150.58713031597082,-148.80050801335892,-1.786622302611903,0:00:05.746365,0
gene_181,-139.15578016077868,-141.6207817609195,2.4650016001408233,0:00:02.161873,0
gene_182,-119.59345208362902,-117.53629744991676,-2.0571546337122584,0:00:03.243622,0
gene_183,-146.58950511981547,-151.7646348423602,5.175129722544739,0:00:02.375680,0
gene_184,-125.54221878776077,-123.80010053459218,-1.7421182531685986,0:00:04.394526,0
gene_185,-154.9114115458967,-155.03995192964317,0.12854038374646848,0:00:02.566804,0
gene_186,-121.09693040873151,-118.85066560908928,-2.2462647996422334,0:00:06.786052,0
gene_187,-104.02969388660303,-114.23241061881815,10.202716732215123,0:00:02.182769,0
gene_188,-123.37439547095371,-121.4807197129455,-1.8936757580082144,0:00:04.927413,0
gene_189,-151.88395545824326,-157.3807410024314,5.496785544188128,0:00:02.438346,0
gene_190,-135.3269247125455,-133.73121622037584,-1.5957084921696492,0:00:04.514996,0
gene_191,-161.8265021324372,-166.86270846674313,5.036206334305916,0:00:02.341037,0
gene_192,-134.25092865174162,-132.45240443729236,-1.7985242144492588,0:00:05.052642,0
gene_193,-136.70826243314784,-146.138433646694,9.430171213546174,0:00:02.102030,0
gene_194,-144.6456580573703,-143.4079605326845,-1.2376975246857853,0:00:05.488706,0
gene_195,-139.66188076870228,-159.74661994118034,20.084739172478066,0:00:02.537497,0
gene_196,-138.53919325669895,-137.44795323392395,-1.091240022774997,0:00:06.789442,0
gene_197,-138.47609925408378,-159.2701628364543,20.794063582370512,0:00:03.174344,0
gene_198,-131.19432073648028,-130.30306683391015,-0.8912539025701278,0:00:07.165456,0
gene_199,-112.27059868288238,-121.96081456333575,9.690215880453366,0:00:02.092562,0
gene_200,-113.92811626576574,-111.0185263044713,-2.9095899612944436,0:00:06.529522,0
gene_201,-132.66758965746098,-132.80695608131705,0.13936642385607456,0:00:02.582440,0
gene_202,-119.10460638868392,-117.16485853459425,-1.9397478540896742,0:00:05.062495,0
gene_203,-163.3282416598375,-166.2201790997623,2.891937439924817,0:00:02.277132,0
gene_204,-144.85601041545092,-142.56521247906315,-2.2907979363877757,0:00:05.629351,0
gene_205,-121.61738489072351,-124.26307327136445,2.6456883806409337,0:00:02.992235,0
gene_206,-112.16693113457542,-109.99185409524375,-2.1750770393316685,0:00:06.234063,0
gene_207,-137.0478684024352,-139.78193012956945,2.7340617271342467,0:00:02.574980,0
gene_208,-129.8715172066985,-128.65601648354598,-1.2155007231525303,0:00:05.266606,1
gene_209,-168.5065353980293,-171.30441041366433,2.7978750156350145,0:00:03.254403,0
gene_210,-148.60606591340553,-147.53140206568432,-1.0746638477212116,0:00:05.834301,0
gene_211,-162.8756243854472,-167.9784267703156,5.102802384868397,0:00:02.785177,0
gene_212,-153.4903723440787,-152.63142743826262,-0.8589449058160881,0:00:07.965250,0
gene_213,-163.96700197500078,-175.3203026177342,11.353300642733416,0:00:03.005938,0
gene_214,-145.14038959743033,-154.54238482861254,9.401995231182212,0:00:06.318874,0
gene_215,-167.52879839919865,-171.63235053555158,4.103552136352931,0:00:02.945451,0
gene_216,-139.73108658070484,-137.38342706837403,-2.3476595123308073,0:00:05.891775,0
gene_217,-127.04043778417315,-130.25300671715942,3.2125689329862723,0:00:03.249467,0
gene_218,-134.39889860069337,-133.16067969130066,-1.2382189093927138,0:00:05.541017,0
gene_219,-139.13453050892872,-140.23395876778878,1.0994282588600583,0:00:03.996983,0
gene_220,-128.11238585971046,-126.5210054191091,-1.5913804406013554,0:00:05.791122,0
gene_221,-139.36397076553374,-144.04620679341764,4.682236027883903,0:00:02.826512,0
gene_222,-120.514636501507,-118.89623123441798,-1.6184052670890168,0:00:06.001266,0
gene_223,-121.5190246388816,-125.78521271838916,4.2661880795075575,0:00:09.051868,0
gene_224,-118.54668688687795,-116.8057034205908,-1.7409834662871475,0:00:06.417516,0
gene_225,-134.33223800033227,-134.33208632508837,-0.00015167524389880782,0:00:02.804535,0
gene_226,-109.02111940815463,-107.02762861150808,-1.9934907966465545,0:00:05.512649,0
gene_227,-138.66019797464588,-145.93065012846546,7.270452153819576,0:00:02.882598,0
gene_228,-118.78590897715955,-116.51895537258578,-2.2669536045737715,0:00:06.926405,0
gene_229,-152.47894753879964,-159.29657962971788,6.817632090918238,0:00:02.281456,0
gene_230,-157.8766829317587,-156.05392042127104,-1.8227625104876495,0:00:05.216879,0
gene_231,-149.73785221418515,-157.62645168353026,7.88859946934511,0:00:02.709330,0
gene_232,-145.28168126642157,-143.19406803927865,-2.087613227142924,0:00:06.628174,0
gene_233,-159.8584394866672,-172.1275959559995,12.269156469332302,0:00:02.469991,0
gene_234,-140.94578741024387,-139.00407426471384,-1.9417131455300307,0:00:19.946378,0
gene_235,-149.9723827951384,-153.1879884179086,3.215605622770198,0:00:02.661862,0
gene_236,-152.3521771949549,-149.50639027144283,-2.8457869235120654,0:00:05.794758,0
gene_237,-156.3480693091522,-161.75711352346192,5.409044214309716,0:00:02.674841,0
gene_238,-144.39117775885234,-142.1051470965474,-2.2860306623049382,0:00:06.328224,0
gene_239,-161.27863398987296,-172.6987937556899,11.420159765816948,0:00:02.723856,0
gene_240,-140.42228871535468,-137.34660662440817,-3.075682090946515,0:00:07.667905,0
gene_241,-130.27813646006933,-132.9021472085975,2.6240107485281783,0:00:03.917048,0
gene_242,-127.63181406451471,-125.05013442891568,-2.5816796355990306,0:00:07.134963,0
gene_243,-142.76721875897056,-144.8036976397475,2.03647888077694,0:00:02.566443,0
gene_244,-118.06991355899486,-115.20943498230697,-2.860478576687882,0:00:07.132788,0
gene_245,-141.56339764684452,-145.06397417300897,3.5005765261644513,0:00:02.706160,0
gene_246,-113.80393324725142,-110.92271549851219,-2.881217748739232,0:00:06.640619,0
gene_247,-124.87687974188569,-134.61588207607127,9.739002334185585,0:00:02.530898,0
gene_248,-156.95436519604672,-155.87564333674058,-1.0787218593061425,0:00:04.317339,0
gene_249,-144.7775435487154,-149.4138785450514,4.6363349963359894,0:00:02.808226,0
gene_250,-145.39991994785052,-144.10293047853094,-1.296989469319584,0:00:04.979213,0
gene_251,-160.26520129548348,-164.88480837551188,4.619607080028402,0:00:03.154803,0
gene_252,-143.61252604567468,-141.7986755653523,-1.8138504803223725,0:00:08.266553,0
gene_253,-130.15502844118768,-133.31926469806515,3.164236256877473,0:00:02.802801,0
gene_254,-141.12220613330422,-139.71670373635982,-1.4055023969443994,0:00:05.760934,0
gene_255,-145.00792537011523,-149.48661144234515,4.4786860722299195,0:00:02.702893,0
gene_256,-139.50998003798574,-137.70630734278976,-1.803672695195985,0:00:06.100941,0
gene_257,-161.759538074266,-168.1706678881024,6.411129813836396,0:00:02.594133,0
gene_258,-135.6791991079714,-132.9095078599921,-2.769691247979324,0:00:08.252764,0
gene_259,-145.5451863877216,-151.18872157248973,5.643535184768126,0:00:02.700313,0
gene_260,-151.31924575663695,-149.80631001935723,-1.5129357372797188,0:00:04.048598,0
gene_261,-151.63843128179778,-157.50808335410798,5.869652072310203,0:00:02.878223,0
gene_262,-142.34549082969468,-140.54560946821715,-1.7998813614775315,0:00:06.065085,0
gene_263,-159.9591807882814,-167.28507113121898,7.3258903429375835,0:00:03.256445,0
gene_264,-138.74390216736717,-136.48410093182514,-2.259801235542028,0:00:07.438975,0
gene_265,-141.45758239001765,-145.4465657428171,3.9889833527994654,0:00:04.135509,0
gene_266,-140.5945269004562,-137.68975718439222,-2.9047697160639814,0:00:05.497943,0
gene_267,-145.81717951707373,-152.0481112694828,6.230931752409077,0:00:02.237199,0
gene_268,-128.74928326410222,-126.08646651910628,-2.6628167449959363,0:00:04.688983,0
gene_269,-138.07648385208566,-152.01787179269795,13.941387940612287,0:00:02.578097,0
gene_270,-124.61229669496248,-121.81619344526494,-2.7961032496975378,0:00:05.013184,0
gene_271,-132.30114447572305,-136.55846218059673,4.257317704873685,0:00:01.850704,0
gene_272,-133.1972877143555,-131.47016998976684,-1.727117724588652,0:00:03.774853,0
gene_273,-153.5781127602242,-159.2039788006205,5.625866040396289,0:00:02.109079,0
gene_274,-134.637207800438,-132.5786028414518,-2.0586049589861943,0:00:05.144348,0
gene_275,-148.87683907020133,-157.40317042033232,8.526331350130988,0:00:01.997038,0
gene_276,-128.6496915826403,-126.52435187592147,-2.125339706718819,0:00:05.269264,0
gene_277,-131.8198824304166,-137.6724503277345,5.852567897317897,0:00:02.024918,0
gene_278,-145.44922378420083,-143.9036721148667,-1.5455516693341167,0:00:04.052253,0
gene_279,-142.54903187481491,-154.4323733215825,11.883341446767588,0:00:02.201409,0
gene_280,-134.32141920751016,-131.72137455956846,-2.6000446479417008,0:00:06.023519,0
gene_281,-144.0077266502044,-162.13971243098274,18.131985780778336,0:00:02.453584,0
gene_282,-135.45440318242876,-133.7183702997566,-1.7360328826721627,0:00:04.966675,0
gene_283,-130.84400358068996,-131.46215489367327,0.6181513129833149,0:00:02.247934,0
gene_284,-140.71004271291767,-138.11148144852316,-2.5985612643945046,0:00:03.466976,0
gene_285,-159.55152500710068,-163.01961593950656,3.468090932405886,0:00:02.337874,0
gene_286,-149.61402754715888,-147.7349259847937,-1.8791015623651788,0:00:05.680639,0
gene_287,-154.9882845287477,-165.06346479505754,10.075180266309843,0:00:02.110817,0
gene_288,-143.95688921201764,-142.1478059432804,-1.809083268737254,0:00:06.323495,0
gene_289,-121.66600281253749,-121.72024667952995,0.05424386699246497,0:00:02.010824,0
gene_290,-104.31230001240858,-103.83356849387084,-0.4787315185377423,0:00:05.078562,0
gene_291,-145.51293887262867,-149.81862600756105,4.305687134932384,0:00:02.231361,0
gene_292,-148.21449375245962,-147.0947492816054,-1.119744470854215,0:00:04.208875,0
gene_293,-144.47743036968305,-152.32490562602229,7.847475256339237,0:00:02.354195,0
gene_294,-140.51806199178586,-138.57538832571046,-1.9426736660753932,0:00:05.164196,0
gene_295,-140.4539996115514,-145.6374393907283,5.183439779176894,0:00:06.623156,0
gene_296,-132.380953377493,-130.72129773970852,-1.659655637784482,0:00:04.191348,0
gene_297,-138.8444374068481,-150.53172764436002,11.687290237511917,0:00:01.909731,0
gene_298,-120.32007886746544,-118.6349892318388,-1.685089635626639,0:00:04.469112,0
gene_299,-155.6247531657275,-155.62460744790707,-0.00014571782043049097,0:00:02.322611,0
gene_300,-122.79212298541863,-121.71231414523393,-1.0798088401846968,0:00:05.593967,0
gene_301,-142.0460716298994,-149.96992482374145,7.9238531938420635,0:00:02.100345,0
gene_302,-145.14608906782414,-144.7053175871806,-0.4407714806435479,0:00:07.570350,0
gene_303,-141.21057341768523,-147.31265413507256,6.102080717387338,0:00:02.312344,0
gene_304,-134.18298256135782,-132.22259757434716,-1.9603849870106558,0:00:04.715987,0
gene_305,-138.04354710537172,-148.894067123768,10.850520018396281,0:00:01.938029,0
gene_306,-129.09592549742374,-126.57504435859938,-2.5208811388243504,0:00:05.502579,0
gene_307,-123.77993382232071,-129.17520093396806,5.3952671116473425,0:00:02.054842,0
gene_308,-126.75592277425014,-124.81953931899699,-1.93638345525315,0:00:04.138511,0
gene_309,-143.93591269521735,-151.71371475267972,7.777802057462367,0:00:02.510466,0
gene_310,-144.18248062827595,-142.23479583558048,-1.947684792695469,0:00:05.844201,0
gene_311,-156.24255980107165,-163.1020537437995,6.859493942727852,0:00:02.276136,0
gene_312,-146.37284651608243,-144.74117968454166,-1.6316668315407696,0:00:04.700788,0
gene_313,-137.52133216546295,-141.45921259965402,3.9378804341910723,0:00:01.896229,0
gene_314,-157.42673846187785,-154.67358242179506,-2.7531560400827857,0:00:03.581664,0
gene_315,-148.72237324362953,-153.23633338450583,4.513960140876293,0:00:02.161147,0
gene_316,-145.4255842224094,-142.08752995103615,-3.3380542713732666,0:00:03.840553,0
gene_317,-146.06527413161064,-150.0671002835439,4.0018261519332725,0:00:02.047683,0
gene_318,-138.2989012282315,-134.88895783931537,-3.4099433889161332,0:00:03.612789,0
gene_319,-137.62353180247356,-150.73321766804784,13.109685865574278,0:00:06.005191,0
gene_320,-172.19370009404946,-170.93612438209834,-1.2575757119511195,0:00:04.380532,0
gene_321,-152.621731828474,-161.57648772879122,8.954755900317224,0:00:02.314462,0
gene_322,-159.8419486655909,-158.23395650638741,-1.6079921592034907,0:00:05.426267,0
gene_323,-158.62934283423215,-162.63081717458743,4.001474340355287,0:00:02.138778,0
gene_324,-152.64225030042456,-150.90915561284737,-1.7330946875771929,0:00:04.592437,0
gene_325,-127.3502655983071,-127.4129388043959,0.06267320608880311,0:00:04.421354,0
gene_326,-110.87086445656875,-109.61136234083084,-1.2595021157379165,0:00:05.042061,0
gene_327,-141.59280604918172,-147.98719756012417,6.394391510942455,0:00:03.309819,0
gene_328,-142.54977795484712,-141.52036647582818,-1.0294114790189326,0:00:04.408971,0
gene_329,-180.80097650111676,-187.4944959342631,6.693519433146349,0:00:02.344281,0
gene_330,-160.76249443080175,-158.53611457511533,-2.2263798556864174,0:00:03.210295,0
gene_331,-157.55964617675096,-160.6955180973343,3.1358719205833268,0:00:01.918078,0
gene_332,-153.52511067330758,-152.13321073864145,-1.391899934666128,0:00:04.008396,0
gene_333,-155.00320317610425,-158.86270138243827,3.859498206334024,0:00:01.898933,0
gene_334,-141.69634378479566,-139.98393389428838,-1.7124098905072742,0:00:04.869237,0
gene_335,-178.124662000146,-182.1506039337299,4.025941933583908,0:00:02.054586,0
gene_336,-157.86032957737316,-156.0914767283537,-1.7688528490194528,0:00:04.829895,0
gene_337,-136.35934067822015,-137.7832638801934,1.4239232019732526,0:00:02.046146,0
gene_338,-159.23891654460698,-198.68372244426706,39.44480589966008,0:00:03.760244,0
gene_339,-143.8101064732778,-147.6533653733661,3.8432589000883013,0:00:01.984950,0
gene_340,-146.71195087249947,-145.1824036368901,-1.5295472356093853,0:00:04.112225,0
gene_341,-145.49533269479943,-147.34520221439894,1.8498695195995083,0:00:02.076378,0
gene_342,-139.0520695720329,-137.37883663876164,-1.6732329332712652,0:00:04.440943,0
gene_343,-128.42271427527825,-130.97563272688546,2.552918451607212,0:00:01.842234,0
gene_344,-141.95254411621153,-140.66614671536067,-1.2863974008508592,0:00:04.801365,0
gene_345,-144.32568362453623,-153.05879896068197,8.733115336145744,0:00:02.065910,0
gene_346,-136.54223314463468,-134.69326816122708,-1.8489649834075976,0:00:05.081421,0
gene_347,-161.0048138525205,-160.95318271490456,-0.05163113761594218,0:00:01.989074,0
gene_348,-142.61513421322792,-140.60019001023383,-2.014944202994087,0:00:05.217523,0
gene_349,-145.74842364736392,-145.8110122719755,0.06258862461157833,0:00:01.937250,0
gene_350,-130.33807686387513,-128.6716635797996,-1.6664132840755315,0:00:04.036236,0
gene_351,-143.02177973955307,-144.03666068558488,1.0148809460318091,0:00:02.102351,0
gene_352,-122.29588734720751,-120.40580404556599,-1.8900833016415248,0:00:04.257978,0
gene_353,-164.42026668149524,-168.538224616842,4.117957935346766,0:00:02.200952,0
gene_354,-135.32585562991727,-132.76393827995912,-2.5619173499581507,0:00:04.352249,0
gene_355,-134.91809982620921,-142.03928127964943,7.121181453440215,0:00:01.980737,0
gene_356,-168.54839808084262,-167.16344406159405,-1.3849540192485676,0:00:03.879623,0
gene_357,-149.65130699862277,-156.65560542630183,7.0042984276790605,0:00:01.976148,0
gene_358,-157.89045520447849,-156.31111315086076,-1.5793420536177223,0:00:04.644960,0
gene_359,-154.55342288390264,-159.78259457028278,5.229171686380141,0:00:02.221913,0
gene_360,-150.7091626461274,-148.8233486105421,-1.8858140355852981,0:00:06.170866,0
gene_361,-129.65460603917944,-132.11059533345278,2.455989294273337,0:00:02.091571,0
gene_362,-162.58298276445944,-160.51810626625854,-2.0648764982009027,0:00:04.923814,0
gene_363,-148.72778918363198,-154.62508968271595,5.897300499083968,0:00:03.101946,0
gene_364,-150.10281970802413,-147.1825096673088,-2.9203100407153215,0:00:04.848958,0
gene_365,-171.65930886850117,-171.34298964616127,-0.3163192223398994,0:00:02.141362,0
gene_366,-147.92814625027228,-145.12738565463727,-2.800760595635012,0:00:04.417206,0
gene_367,-112.08505547021093,-113.58266395678258,1.4976084865716501,0:00:02.318217,0
gene_368,-112.96199763125189,-111.14811270662099,-1.813884924630898,0:00:04.627316,0
gene_369,-144.2161533876588,-147.2816755554489,3.0655221677901068,0:00:01.975994,0
gene_370,-148.47397198684442,-147.5644680135819,-0.909503973262531,0:00:04.209651,0
gene_371,-169.46388266715,-168.9034130805135,-0.5604695866364864,0:00:01.940267,0
gene_372,-143.73372608045483,-141.2538642212343,-2.4798618592205344,0:00:04.878359,0
gene_373,-145.63541715004703,-146.95794582936577,1.3225286793187365,0:00:02.032741,0
gene_374,-152.67261293456664,-152.20752890288077,-0.4650840316858762,0:00:04.066927,0
gene_375,-166.86537752703845,-171.29691499791298,4.431537470874531,0:00:02.021033,0
gene_376,-149.28152118351798,-146.97629825055225,-2.3052229329657337,0:00:05.320924,0
gene_377,-183.67222142489445,-183.61467448601405,-0.05754693888039242,0:00:02.071223,0
gene_378,-161.22801360640634,-158.87742762390593,-2.350585982500405,0:00:05.681377,0
gene_379,-140.21659520995325,-140.30787271858938,0.09127750863612505,0:00:02.001995,0
gene_380,-146.5172923774086,-144.95757020123787,-1.5597221761707374,0:00:04.346782,0
gene_381,-161.93632799291157,-168.81340937167346,6.877081378761886,0:00:02.731401,0
gene_382,-153.82439233607042,-151.86597662699035,-1.9584157090800716,0:00:06.223333,0
gene_383,-157.25212994492878,-165.47845033970663,8.226320394777844,0:00:02.065388,0
gene_384,-149.40457525219722,-147.53672999952147,-1.8678452526757496,0:00:04.710520,0
gene_385,-146.73770659180693,-149.01869819126733,2.280991599460407,0:00:02.717159,0
gene_386,-166.85144946412592,-166.03935660675288,-0.8120928573730453,0:00:02.893895,0
gene_387,-155.06256753324223,-163.2434931452971,8.180925612054864,0:00:02.219324,0
gene_388,-159.83005596183523,-159.04724820811748,-0.7828077537177478,0:00:04.525853,0
gene_389,-154.19614417621028,-162.42255923416343,8.226415057953147,0:00:02.304651,0
gene_390,-152.72970892205777,-151.9918794521325,-0.7378294699252592,0:00:04.342842,0
gene_391,-151.96184451240669,-157.07835691650243,5.116512404095744,0:00:01.990684,0
gene_392,-174.6424842601879,-173.6831110557518,-0.9593732044361047,0:00:03.400355,0
gene_393,-152.86714441278386,-158.30234051705622,5.435196104272364,0:00:02.064751,0
gene_394,-163.06228705835156,-175.21683767543593,12.154550617084368,0:00:03.533544,0
gene_395,-162.1583515028331,-168.604843561953,6.44649205911989,0:00:02.062709,0
gene_396,-156.61375503262235,-154.85599739858546,-1.7577576340368921,0:00:04.826788,0
gene_397,-117.70406187234207,-126.65919307514457,8.955131202802505,0:00:06.976590,0
gene_398,-123.24523288642837,-121.37694973031635,-1.868283156112014,0:00:03.957746,0
gene_399,-137.9144506773559,-137.91428321938915,-0.00016745796673944824,0:00:03.218101,0
gene_400,-123.46779495251417,-121.2326109134845,-2.2351840390296616,0:00:06.454091,0
