,0,0.1,0.2,1,1.1,1.2,2,2.1,2.2,3,3.1,3.2,4,4.1,4.2,5,5.1,5.2
gene_1,609.0,221.0,123.0,75.0,45.0,69.0,178.0,499.0,1824.0,2381.0,3981.0,5974.0,7806.0,7230.0,6559.0,3674.0,2076.0,792.0
gene_2,8746.0,8213.0,8531.0,8195.0,8368.0,8512.0,8815.0,8276.0,8391.0,8371.0,8457.0,8314.0,8280.0,8273.0,8136.0,8544.0,8095.0,8324.0
gene_3,360.0,289.0,936.0,2029.0,3390.0,2804.0,3760.0,3786.0,2811.0,2293.0,2677.0,3287.0,4208.0,3650.0,3299.0,1853.0,1059.0,424.0
gene_4,7683.0,7416.0,7485.0,7375.0,7479.0,7511.0,7643.0,7477.0,7428.0,7343.0,7515.0,7552.0,7530.0,7397.0,7422.0,7540.0,7348.0,7454.0
gene_5,4156.0,5418.0,7151.0,8825.0,10315.0,10139.0,10579.0,10218.0,8634.0,7349.0,6905.0,6570.0,6464.0,5579.0,4931.0,3693.0,2989.0,2511.0
gene_6,18400.0,18448.0,18523.0,18128.0,18375.0,18449.0,18503.0,18416.0,18446.0,18361.0,18518.0,18402.0,18282.0,18197.0,18495.0,18363.0,18243.0,18575.0
gene_7,247.0,101.0,50.0,36.0,58.0,86.0,225.0,498.0,1816.0,2489.0,4242.0,6909.0,9318.0,8298.0,5533.0,3535.0,2075.0,365.0
gene_8,5542.0,5557.0,5332.0,5489.0,5530.0,5708.0,5431.0,5381.0,5428.0,5450.0,5714.0,5665.0,5697.0,5499.0,5506.0,5714.0,5427.0,5629.0
gene_9,2832.0,3928.0,3558.0,3342.0,1898.0,1346.0,998.0,754.0,1272.0,1331.0,2150.0,3480.0,4694.0,4242.0,2916.0,2486.0,2363.0,3197.0
gene_10,5593.0,5673.0,5579.0,5675.0,5669.0,5631.0,5549.0,5582.0,5570.0,5649.0,5786.0,5762.0,5753.0,5573.0,5638.0,5715.0,5640.0,5692.0
gene_11,9399.0,10809.0,11861.0,13829.0,16171.0,19857.0,25045.0,29994.0,33645.0,35892.0,37345.0,35243.0,31977.0,25150.0,16673.0,10132.0,5798.0,3404.0
gene_12,32570.0,32753.0,32032.0,32808.0,32606.0,32360.0,32574.0,33113.0,31864.0,32367.0,32315.0,32889.0,32379.0,32067.0,32565.0,32062.0,33034.0,32251.0
gene_13,258.0,116.0,69.0,39.0,35.0,117.0,241.0,394.0,1186.0,2260.0,4952.0,6497.0,8727.0,6962.0,6976.0,2961.0,1270.0,701.0
gene_14,5879.0,5979.0,5772.0,5826.0,5733.0,5781.0,5759.0,5775.0,5835.0,5970.0,5869.0,5903.0,5852.0,5920.0,5627.0,5836.0,5988.0,5881.0
gene_15,869.0,2344.0,4326.0,3373.0,3523.0,2699.0,1398.0,868.0,1108.0,1280.0,2541.0,3300.0,4387.0,3519.0,3540.0,1637.0,916.0,1001.0
gene_16,6416.0,6363.0,6186.0,6266.0,6356.0,6235.0,6274.0,6295.0,6226.0,6351.0,6329.0,6285.0,6358.0,6385.0,6163.0,6369.0,6368.0,6255.0
gene_17,1195.0,3360.0,6295.0,8213.0,12023.0,14497.0,18618.0,22942.0,25105.0,26015.0,26445.0,22680.0,19467.0,14679.0,9978.0,5391.0,2382.0,1152.0
gene_18,20488.0,20622.0,20412.0,20231.0,20509.0,20128.0,20705.0,20579.0,20353.0,20753.0,20722.0,20644.0,20339.0,20608.0,20299.0,20319.0,20168.0,20364.0
gene_19,274.0,131.0,77.0,68.0,69.0,108.0,412.0,816.0,1136.0,3589.0,7177.0,4721.0,8002.0,9341.0,5433.0,3714.0,1505.0,343.0
gene_20,6141.0,6266.0,6179.0,6169.0,6036.0,6236.0,6177.0,6192.0,6205.0,6286.0,6267.0,6093.0,6070.0,6159.0,6110.0,6345.0,6017.0,6351.0
gene_21,2433.0,1215.0,517.0,306.0,136.0,110.0,249.0,531.0,721.0,2057.0,4043.0,3373.0,5653.0,7196.0,7254.0,6117.0,5440.0,2620.0
gene_22,7240.0,7279.0,7248.0,7381.0,7122.0,7229.0,7176.0,7171.0,7321.0,7271.0,7299.0,7134.0,7091.0,7230.0,7202.0,7379.0,7083.0,7356.0
gene_23,4375.0,2623.0,1570.0,1239.0,1248.0,1375.0,1847.0,2505.0,3335.0,4879.0,6721.0,6967.0,8830.0,9830.0,9063.0,7466.0,5958.0,2786.0
gene_24,11284.0,11260.0,11340.0,11278.0,11184.0,11219.0,11216.0,11140.0,11289.0,11222.0,11204.0,11183.0,11140.0,11145.0,11239.0,11462.0,11233.0,11443.0
gene_25,22.0,49.0,159.0,623.0,1289.0,3001.0,5215.0,5601.0,7494.0,7969.0,4888.0,2035.0,2090.0,981.0,284.0,109.0,22.0,24.0
gene_26,6596.0,6607.0,6816.0,6427.0,6848.0,6591.0,6724.0,6705.0,6740.0,6665.0,6489.0,6174.0,6314.0,6743.0,6498.0,6607.0,6649.0,6668.0
gene_27,644.0,2288.0,2460.0,4697.0,4509.0,4624.0,5149.0,4017.0,4398.0,4320.0,2527.0,1044.0,1061.0,511.0,178.0,145.0,193.0,358.0
gene_28,6172.0,6103.0,6440.0,6263.0,6466.0,6343.0,6265.0,6345.0,6374.0,6364.0,6212.0,6101.0,6149.0,6326.0,6149.0,6185.0,6284.0,6248.0
gene_29,44876.0,48977.0,46390.0,39485.0,28008.0,20026.0,14848.0,8697.0,6748.0,4915.0,2439.0,1032.0,843.0,422.0,205.0,247.0,529.0,1179.0
gene_30,25193.0,25046.0,24795.0,25189.0,25652.0,25198.0,24871.0,25622.0,25237.0,25613.0,25305.0,25274.0,25040.0,25345.0,25262.0,25415.0,24971.0,25188.0
gene_31,5106.0,3125.0,1234.0,305.0,118.0,70.0,49.0,55.0,120.0,554.0,854.0,2373.0,2866.0,4650.0,8071.0,5733.0,10433.0,5240.0
gene_32,7227.0,7293.0,7344.0,7169.0,7244.0,7337.0,7380.0,7281.0,7466.0,7337.0,7298.0,7216.0,7294.0,7414.0,7143.0,7363.0,7272.0,7535.0
gene_33,6594.0,5990.0,4111.0,3491.0,1826.0,1115.0,374.0,146.0,199.0,301.0,481.0,1243.0,1635.0,2723.0,5181.0,5153.0,8209.0,7986.0
gene_34,7513.0,7586.0,7530.0,7484.0,7587.0,7600.0,7572.0,7660.0,7604.0,7625.0,7594.0,7378.0,7644.0,7619.0,7553.0,7639.0,7608.0,7768.0
gene_35,13633.0,15062.0,13772.0,12154.0,9124.0,6457.0,3901.0,2337.0,1412.0,1016.0,695.0,1013.0,1192.0,1872.0,3499.0,3489.0,5560.0,5485.0
gene_36,11053.0,10958.0,10900.0,10889.0,10979.0,11114.0,11178.0,11082.0,11109.0,11225.0,10851.0,11033.0,11159.0,11040.0,10960.0,11050.0,10958.0,11176.0
gene_37,338.0,179.0,75.0,50.0,32.0,41.0,86.0,253.0,1150.0,2108.0,4088.0,4753.0,7023.0,8797.0,7072.0,6380.0,1928.0,666.0
gene_38,6411.0,6352.0,6398.0,6475.0,6381.0,6447.0,6309.0,6354.0,6438.0,6409.0,6226.0,6409.0,6357.0,6454.0,6390.0,6506.0,6319.0,6395.0
gene_39,5695.0,3313.0,1520.0,806.0,603.0,228.0,127.0,169.0,635.0,1100.0,2105.0,2764.0,3987.0,6259.0,5950.0,7196.0,6647.0,4685.0
gene_40,7790.0,7600.0,7569.0,7581.0,7756.0,7710.0,7440.0,7525.0,7621.0,7681.0,7553.0,7625.0,7618.0,7589.0,7669.0,7689.0,7599.0,7719.0
gene_41,35355.0,22766.0,13797.0,8453.0,5402.0,3294.0,1860.0,1257.0,1220.0,1317.0,1770.0,2120.0,2905.0,4411.0,4220.0,5114.0,4844.0,3713.0
gene_42,22929.0,22403.0,22684.0,22411.0,22281.0,22355.0,22294.0,22670.0,22469.0,22470.0,22660.0,22461.0,22278.0,22672.0,22674.0,22599.0,22277.0,22654.0
gene_43,11801.0,4522.0,2478.0,857.0,390.0,171.0,76.0,90.0,73.0,156.0,401.0,1369.0,2217.0,4705.0,4718.0,10080.0,10329.0,7827.0
gene_44,8986.0,9396.0,9270.0,8806.0,9282.0,9198.0,9284.0,9211.0,9577.0,9320.0,8993.0,8951.0,9166.0,8982.0,9699.0,9240.0,9230.0,9549.0
gene_45,5979.0,2650.0,2176.0,2731.0,3138.0,3967.0,3631.0,2508.0,3522.0,1482.0,1253.0,995.0,1258.0,2417.0,2389.0,5073.0,5194.0,3960.0
gene_46,7409.0,7568.0,7538.0,7303.0,7542.0,7494.0,7600.0,7501.0,7704.0,7608.0,7461.0,7349.0,7397.0,7382.0,7733.0,7544.0,7470.0,7636.0
gene_47,12028.0,5509.0,3611.0,3388.0,3854.0,5138.0,6889.0,9247.0,15248.0,21950.0,28172.0,36943.0,42511.0,39281.0,31530.0,22049.0,13526.0,5101.0
gene_48,34946.0,35089.0,34802.0,35910.0,35690.0,35186.0,35137.0,35138.0,35565.0,35078.0,35405.0,35248.0,35227.0,35518.0,35642.0,35459.0,35363.0,35949.0
gene_49,773.0,293.0,180.0,86.0,61.0,47.0,65.0,246.0,455.0,1645.0,4083.0,4425.0,6415.0,7162.0,6694.0,5369.0,2392.0,1099.0
gene_50,6568.0,6271.0,6409.0,6422.0,6288.0,6325.0,6462.0,6405.0,6423.0,6425.0,6409.0,6395.0,6553.0,6333.0,6603.0,6478.0,6386.0,6562.0
gene_51,406.0,202.0,656.0,886.0,2333.0,2498.0,3140.0,3180.0,4355.0,4264.0,4113.0,3639.0,3876.0,3805.0,3526.0,2733.0,1213.0,565.0
gene_52,6664.0,6502.0,6688.0,6680.0,6668.0,6560.0,6661.0,6643.0,6630.0,6667.0,6628.0,6592.0,6659.0,6562.0,6828.0,6678.0,6629.0,6680.0
gene_53,677.0,343.0,586.0,709.0,1678.0,1803.0,2287.0,2449.0,3401.0,3614.0,3965.0,4203.0,5074.0,6284.0,7384.0,8174.0,8020.0,7563.0
gene_54,9099.0,8860.0,9128.0,9003.0,8934.0,8886.0,8981.0,8933.0,9016.0,8960.0,9021.0,8879.0,8978.0,8894.0,9021.0,8952.0,8947.0,8939.0
gene_55,198.0,95.0,49.0,35.0,44.0,73.0,193.0,456.0,1709.0,4121.0,6176.0,6876.0,9229.0,10023.0,6820.0,4358.0,1064.0,293.0
gene_56,9333.0,9046.0,9155.0,8938.0,8829.0,9076.0,8765.0,9168.0,9224.0,8884.0,8974.0,9533.0,8548.0,8967.0,9447.0,9335.0,9234.0,9461.0
gene_57,2483.0,3986.0,3563.0,4612.0,3053.0,1985.0,1897.0,1072.0,1032.0,2163.0,3139.0,3467.0,4650.0,5062.0,3589.0,2493.0,1785.0,2169.0
gene_58,8900.0,8841.0,8719.0,8690.0,8539.0,8729.0,8585.0,8739.0,8775.0,8642.0,8790.0,8945.0,8380.0,8764.0,8921.0,8907.0,8904.0,8963.0
gene_59,1669.0,2666.0,2388.0,3099.0,2120.0,1738.0,2552.0,4103.0,8870.0,20749.0,51676.0,100711.0,155214.0,197255.0,201035.0,177945.0,119365.0,48529.0
gene_60,76554.0,75199.0,75977.0,75746.0,74363.0,74711.0,74790.0,77338.0,76448.0,75629.0,77354.0,74593.0,77330.0,76609.0,74873.0,75183.0,76770.0,74864.0
gene_61,51.0,483.0,936.0,2447.0,4628.0,4584.0,7475.0,9024.0,8279.0,4967.0,2435.0,1942.0,695.0,220.0,72.0,38.0,27.0,28.0
gene_62,8868.0,8979.0,9174.0,9052.0,9176.0,9126.0,8886.0,9080.0,9038.0,8998.0,9260.0,8999.0,8779.0,8997.0,8958.0,8977.0,8912.0,8869.0
gene_63,39.0,255.0,488.0,1302.0,2750.0,2780.0,4772.0,5865.0,7330.0,5568.0,5913.0,5393.0,3279.0,1463.0,1376.0,296.0,85.0,41.0
gene_64,8162.0,8121.0,8144.0,8196.0,8274.0,8313.0,8056.0,8227.0,8173.0,8128.0,8380.0,8174.0,8031.0,8246.0,8091.0,8160.0,8223.0,8164.0
gene_65,108.0,244.0,394.0,937.0,1906.0,1936.0,3281.0,4039.0,5051.0,3929.0,4257.0,4052.0,2821.0,1883.0,2138.0,1786.0,2209.0,3075.0
gene_66,7477.0,7430.0,7489.0,7525.0,7606.0,7566.0,7436.0,7546.0,7450.0,7491.0,7654.0,7504.0,7399.0,7527.0,7491.0,7508.0,7536.0,7469.0
gene_67,7189.0,6958.0,2114.0,1255.0,486.0,238.0,201.0,96.0,150.0,272.0,636.0,1692.0,2280.0,4517.0,6485.0,9239.0,9936.0,8990.0
gene_68,8837.0,8764.0,8694.0,8777.0,8614.0,8834.0,8849.0,8978.0,9051.0,8704.0,8806.0,8387.0,8785.0,8820.0,8618.0,9060.0,8559.0,8742.0
gene_69,3609.0,3502.0,1130.0,805.0,714.0,1371.0,2844.0,3294.0,4209.0,4167.0,2815.0,2523.0,2482.0,3197.0,3592.0,4682.0,4992.0,4508.0
gene_70,8254.0,8196.0,8222.0,8305.0,8186.0,8237.0,8230.0,8392.0,8347.0,8267.0,8264.0,8168.0,8196.0,8189.0,8165.0,8378.0,8062.0,8177.0
gene_71,2544.0,2468.0,884.0,671.0,634.0,1090.0,2100.0,2451.0,3118.0,3195.0,2416.0,2421.0,2563.0,3224.0,3770.0,4750.0,5175.0,5191.0
gene_72,7398.0,7412.0,7394.0,7486.0,7382.0,7407.0,7420.0,7524.0,7491.0,7419.0,7423.0,7356.0,7388.0,7393.0,7346.0,7499.0,7285.0,7347.0
gene_73,7480.0,3583.0,1425.0,579.0,183.0,112.0,55.0,70.0,173.0,367.0,984.0,2114.0,3153.0,7510.0,10062.0,12629.0,10969.0,6020.0
gene_74,8504.0,8602.0,8385.0,8764.0,8611.0,8635.0,8759.0,8769.0,8619.0,8469.0,8557.0,8576.0,8646.0,8650.0,8566.0,8554.0,8635.0,8424.0
gene_75,3817.0,2222.0,1879.0,2106.0,3449.0,4931.0,4960.0,4154.0,3165.0,1783.0,1254.0,1469.0,1642.0,3789.0,5043.0,6330.0,5503.0,3045.0
gene_76,7929.0,8111.0,7814.0,8145.0,8020.0,8137.0,7972.0,8126.0,8156.0,8007.0,8069.0,7990.0,8120.0,7969.0,8045.0,7945.0,8041.0,7937.0
gene_77,9098.0,11606.0,14126.0,14376.0,13582.0,12116.0,9501.0,6412.0,4362.0,2496.0,1554.0,1400.0,1365.0,2759.0,3660.0,4851.0,4909.0,5972.0
gene_78,14947.0,14877.0,14631.0,14820.0,14878.0,14888.0,14796.0,14907.0,14756.0,14612.0,14679.0,14794.0,14903.0,14963.0,14986.0,14866.0,14711.0,14610.0
gene_79,2829.0,7046.0,9629.0,10428.0,8422.0,5518.0,2369.0,1650.0,685.0,323.0,95.0,48.0,59.0,111.0,231.0,601.0,838.0,3160.0
gene_80,7743.0,8167.0,8261.0,8075.0,8349.0,8061.0,8042.0,7924.0,7989.0,8318.0,8027.0,8279.0,8379.0,7915.0,7812.0,7729.0,8147.0,8043.0
gene_81,5223.0,5810.0,5843.0,5484.0,4350.0,2809.0,1221.0,869.0,406.0,385.0,549.0,993.0,1724.0,2765.0,4346.0,6007.0,6996.0,5687.0
gene_82,8701.0,8779.0,9163.0,8719.0,9101.0,8890.0,8737.0,8765.0,8912.0,8901.0,8804.0,9020.0,9088.0,8910.0,8712.0,8791.0,8869.0,8754.0
gene_83,5760.0,4724.0,4229.0,3807.0,2988.0,1936.0,891.0,722.0,541.0,866.0,1486.0,2640.0,4240.0,6170.0,8663.0,10366.0,10641.0,8297.0
gene_84,9738.0,9800.0,10010.0,9641.0,9942.0,9854.0,9709.0,9703.0,9828.0,9850.0,9736.0,9926.0,9936.0,9783.0,9820.0,9787.0,9841.0,9645.0
gene_85,48.0,163.0,1027.0,2489.0,3595.0,3673.0,7314.0,8641.0,4723.0,4679.0,4188.0,1622.0,801.0,237.0,67.0,27.0,27.0,40.0
gene_86,5978.0,5934.0,5912.0,5946.0,6114.0,6068.0,6089.0,6099.0,6039.0,5938.0,5982.0,5880.0,5942.0,6124.0,6028.0,6059.0,5976.0,5822.0
gene_87,61.0,104.0,526.0,1266.0,1851.0,2044.0,4065.0,5152.0,4470.0,5658.0,6368.0,5279.0,4475.0,3759.0,2770.0,889.0,309.0,93.0
gene_88,7735.0,7612.0,7459.0,7168.0,7731.0,7757.0,7660.0,7452.0,7707.0,7548.0,7583.0,7373.0,7453.0,7623.0,7485.0,7565.0,7443.0,7533.0
gene_89,206.0,165.0,433.0,975.0,1923.0,2909.0,5649.0,7673.0,9692.0,14601.0,21632.0,29965.0,37209.0,45078.0,53361.0,52131.0,40307.0,20592.0
gene_90,33564.0,33056.0,33067.0,32265.0,33417.0,33164.0,33205.0,33222.0,33798.0,31749.0,32912.0,32543.0,32509.0,32652.0,33124.0,32820.0,34064.0,32451.0
gene_91,14761.0,11125.0,9455.0,5115.0,2584.0,1184.0,745.0,342.0,99.0,59.0,102.0,220.0,587.0,908.0,3316.0,5829.0,11637.0,13280.0
gene_92,11597.0,11181.0,11402.0,11026.0,11453.0,11249.0,11443.0,11222.0,11408.0,11127.0,11416.0,11404.0,11685.0,10862.0,11585.0,11116.0,11194.0,11216.0
gene_93,10298.0,6983.0,5379.0,2839.0,1394.0,632.0,400.0,206.0,151.0,592.0,909.0,1666.0,2585.0,4166.0,8687.0,9673.0,10731.0,9386.0
gene_94,11198.0,11104.0,11114.0,10816.0,11111.0,10999.0,11094.0,10960.0,10998.0,11036.0,11115.0,11071.0,11270.0,10947.0,11179.0,11128.0,11063.0,10847.0
gene_95,6977.0,4833.0,3847.0,2211.0,1274.0,754.0,546.0,373.0,284.0,534.0,716.0,1184.0,1780.0,2825.0,5838.0,6503.0,7227.0,6377.0
gene_96,7865.0,7799.0,7807.0,7607.0,7802.0,7720.0,7785.0,7707.0,7734.0,7748.0,7805.0,7782.0,7910.0,7700.0,7849.0,7823.0,7774.0,7632.0
gene_97,28.0,27.0,31.0,490.0,1038.0,1185.0,2312.0,3984.0,5428.0,7707.0,8451.0,6614.0,5464.0,3556.0,1834.0,586.0,144.0,35.0
gene_98,7621.0,7498.0,7540.0,7567.0,7662.0,7478.0,7499.0,7509.0,7323.0,7523.0,7592.0,7499.0,7499.0,7574.0,7397.0,7671.0,7431.0,7508.0
gene_99,4797.0,3495.0,1623.0,750.0,817.0,675.0,1191.0,2018.0,2914.0,4003.0,4511.0,4016.0,3887.0,3729.0,5255.0,5623.0,5912.0,4211.0
gene_100,7671.0,7585.0,7591.0,7670.0,7601.0,7552.0,7568.0,7680.0,7535.0,7615.0,7620.0,7683.0,7684.0,7775.0,7496.0,7692.0,7513.0,7537.0
gene_101,3810.0,2652.0,1274.0,656.0,710.0,688.0,1173.0,1957.0,2834.0,4055.0,4966.0,5288.0,5807.0,6180.0,7779.0,8078.0,7611.0,5481.0
gene_102,8573.0,8568.0,8566.0,8586.0,8569.0,8491.0,8510.0,8627.0,8510.0,8537.0,8562.0,8531.0,8648.0,8685.0,8484.0,8649.0,8467.0,8419.0
gene_103,3677.0,1571.0,585.0,184.0,106.0,62.0,55.0,75.0,231.0,548.0,2528.0,2341.0,5250.0,10748.0,11175.0,8650.0,8467.0,4612.0
gene_104,6745.0,6744.0,6627.0,6898.0,6607.0,6880.0,6571.0,6759.0,6865.0,6911.0,6795.0,6579.0,6699.0,6849.0,6698.0,6723.0,6731.0,6896.0
gene_105,1849.0,799.0,325.0,255.0,709.0,1443.0,2612.0,3847.0,3833.0,5354.0,4556.0,3926.0,3859.0,6908.0,5898.0,4447.0,4257.0,2317.0
gene_106,7033.0,7182.0,7188.0,7007.0,7065.0,7007.0,7077.0,7059.0,7201.0,7161.0,7017.0,6936.0,7086.0,7308.0,6997.0,7149.0,6934.0,7096.0
gene_107,1835.0,1904.0,2718.0,3544.0,4174.0,4696.0,4941.0,5279.0,4638.0,5042.0,4067.0,3339.0,3051.0,4924.0,4155.0,3146.0,3028.0,1801.0
gene_108,8384.0,8316.0,8439.0,8351.0,8394.0,8349.0,8343.0,8290.0,8433.0,8417.0,8328.0,8268.0,8392.0,8422.0,8297.0,8366.0,8281.0,8408.0
gene_109,5762.0,9106.0,8697.0,13563.0,5204.0,5234.0,2230.0,1419.0,836.0,214.0,74.0,52.0,64.0,164.0,694.0,1228.0,2912.0,5359.0
gene_110,8663.0,8885.0,8701.0,8909.0,8564.0,8796.0,8841.0,8700.0,8789.0,8968.0,9049.0,8850.0,8586.0,9001.0,8799.0,8701.0,9217.0,8737.0
gene_111,2902.0,4573.0,4391.0,6827.0,3048.0,3389.0,2663.0,2656.0,4009.0,4492.0,4642.0,2989.0,3873.0,2265.0,1771.0,1131.0,1604.0,2711.0
gene_112,8364.0,8465.0,8213.0,8502.0,8358.0,8358.0,8455.0,8321.0,8456.0,8437.0,8639.0,8424.0,8351.0,8420.0,8510.0,8324.0,8504.0,8399.0
gene_113,2787.0,4452.0,4854.0,6894.0,4760.0,5309.0,4852.0,4887.0,5732.0,5756.0,5579.0,4273.0,4701.0,3487.0,3119.0,2711.0,3215.0,4387.0
gene_114,10600.0,10662.0,10509.0,10662.0,10568.0,10564.0,10630.0,10533.0,10626.0,10686.0,10732.0,10592.0,10504.0,10608.0,10638.0,10504.0,10737.0,10571.0
gene_115,826.0,2319.0,3992.0,6455.0,9496.0,6046.0,6295.0,5260.0,2958.0,1164.0,489.0,385.0,62.0,43.0,42.0,61.0,110.0,258.0
gene_116,8720.0,8791.0,8348.0,8404.0,8539.0,8322.0,8643.0,8801.0,8337.0,8527.0,8488.0,8506.0,8303.0,8590.0,8497.0,8181.0,8668.0,8718.0
gene_117,425.0,1173.0,2045.0,3578.0,5811.0,3902.0,5334.0,5797.0,5198.0,4697.0,3822.0,3127.0,2215.0,1406.0,221.0,120.0,74.0,139.0
gene_118,8785.0,8892.0,8728.0,8803.0,8753.0,8711.0,8980.0,8980.0,8847.0,8868.0,8804.0,8750.0,8701.0,8930.0,8753.0,8527.0,8821.0,8878.0
gene_119,678.0,975.0,1477.0,2500.0,4047.0,2931.0,4174.0,4864.0,4784.0,5295.0,5744.0,6580.0,7497.0,7459.0,6726.0,5922.0,4506.0,2340.0
gene_120,10417.0,10490.0,10309.0,10307.0,10369.0,10238.0,10592.0,10521.0,10433.0,10354.0,10310.0,10283.0,10291.0,10548.0,10337.0,10229.0,10408.0,10518.0
gene_121,10465.0,14885.0,12818.0,8838.0,5774.0,2068.0,1180.0,453.0,229.0,97.0,47.0,68.0,201.0,382.0,803.0,1402.0,6006.0,12852.0
gene_122,11690.0,12261.0,11861.0,11613.0,11847.0,11812.0,11794.0,12066.0,11867.0,11896.0,11987.0,11620.0,11620.0,11941.0,11582.0,11695.0,11338.0,11845.0
gene_123,5286.0,7467.0,6424.0,4433.0,2913.0,1090.0,937.0,1039.0,2089.0,2552.0,6368.0,5263.0,5345.0,3610.0,2879.0,1889.0,3814.0,6483.0
gene_124,9471.0,9754.0,9672.0,9483.0,9583.0,9492.0,9535.0,9606.0,9558.0,9559.0,9615.0,9440.0,9457.0,9606.0,9370.0,9499.0,9345.0,9528.0
gene_125,29924.0,19542.0,13019.0,8042.0,5104.0,2843.0,1973.0,1547.0,1952.0,2066.0,4470.0,3668.0,3681.0,2502.0,1990.0,1314.0,2587.0,4359.0
gene_126,16163.0,16248.0,16173.0,16054.0,16001.0,16088.0,16279.0,16406.0,16410.0,16246.0,16005.0,15972.0,16486.0,16013.0,16084.0,16092.0,16100.0,16224.0
gene_127,2038.0,3709.0,8871.0,10321.0,9199.0,8360.0,6145.0,2665.0,1275.0,740.0,106.0,44.0,44.0,67.0,98.0,224.0,652.0,1510.0
gene_128,8677.0,8843.0,8895.0,9200.0,9044.0,8984.0,9085.0,9198.0,8841.0,8949.0,9059.0,9028.0,8675.0,8744.0,8841.0,8975.0,8890.0,9213.0
gene_129,2337.0,5379.0,11169.0,9967.0,9175.0,7364.0,6142.0,2605.0,985.0,539.0,211.0,57.0,54.0,102.0,177.0,406.0,978.0,2293.0
gene_130,9653.0,9557.0,9832.0,10169.0,9899.0,9801.0,10114.0,9874.0,9906.0,10039.0,9778.0,9831.0,9892.0,9644.0,9672.0,9822.0,9878.0,9999.0
gene_131,3508.0,10851.0,24026.0,37868.0,51203.0,64150.0,69396.0,68160.0,62429.0,56563.0,45581.0,35712.0,27550.0,19354.0,13462.0,9497.0,6337.0,5326.0
gene_132,59804.0,61021.0,60641.0,60368.0,60848.0,60849.0,60340.0,60088.0,60558.0,60494.0,61330.0,60049.0,60577.0,60285.0,60834.0,60015.0,60822.0,59935.0
gene_133,2965.0,927.0,485.0,164.0,95.0,70.0,108.0,128.0,532.0,966.0,1553.0,3171.0,7987.0,11069.0,11363.0,10380.0,8715.0,1965.0
gene_134,8595.0,8884.0,8968.0,9214.0,8880.0,8958.0,8910.0,8642.0,8670.0,9114.0,8984.0,9000.0,8797.0,8847.0,9112.0,9106.0,9186.0,8994.0
gene_135,9387.0,7487.0,5086.0,3350.0,2067.0,733.0,348.0,187.0,314.0,530.0,835.0,1705.0,4451.0,6241.0,8736.0,8356.0,9347.0,9591.0
gene_136,10428.0,10705.0,10665.0,10662.0,10698.0,10709.0,10868.0,10497.0,10662.0,10713.0,10776.0,10789.0,10761.0,10611.0,10759.0,10579.0,10649.0,10655.0
gene_137,74607.0,118365.0,134755.0,127341.0,108706.0,76373.0,49581.0,32840.0,16527.0,10194.0,4224.0,2282.0,3712.0,4559.0,5878.0,5633.0,6388.0,6868.0
gene_138,64616.0,64671.0,66265.0,65177.0,65200.0,64472.0,65268.0,64888.0,64845.0,65200.0,66353.0,64509.0,64997.0,65097.0,64370.0,64533.0,64997.0,65482.0
gene_139,366.0,1351.0,3153.0,7365.0,11293.0,10870.0,11971.0,4764.0,2727.0,2508.0,1806.0,179.0,92.0,41.0,39.0,49.0,107.0,220.0
gene_140,8208.0,7976.0,7948.0,8194.0,8242.0,8357.0,8155.0,8113.0,7908.0,8179.0,7947.0,7863.0,7900.0,7931.0,7899.0,7616.0,7586.0,8051.0
gene_141,213.0,696.0,1594.0,3701.0,5681.0,5823.0,6443.0,3119.0,4002.0,5377.0,7148.0,3531.0,6310.0,2737.0,1929.0,529.0,311.0,161.0
gene_142,9543.0,9298.0,9350.0,9494.0,9540.0,9411.0,9455.0,9666.0,9495.0,9403.0,9345.0,9241.0,9309.0,9275.0,9438.0,9206.0,9196.0,9556.0
gene_143,1594.0,951.0,1273.0,2575.0,3920.0,4117.0,4792.0,3200.0,4586.0,6674.0,11605.0,14067.0,22454.0,26659.0,34745.0,38638.0,36396.0,27557.0
gene_144,24459.0,23925.0,24141.0,24143.0,24465.0,24283.0,24488.0,24633.0,24172.0,24768.0,24416.0,24482.0,23881.0,24431.0,24243.0,24365.0,24621.0,24773.0
gene_145,173.0,96.0,57.0,32.0,30.0,166.0,332.0,937.0,1706.0,3439.0,6105.0,9693.0,10486.0,12140.0,6260.0,3416.0,1498.0,227.0
gene_146,8744.0,8587.0,8629.0,8333.0,8756.0,8509.0,8959.0,8904.0,8986.0,8867.0,8202.0,8147.0,8233.0,8807.0,8821.0,8332.0,8417.0,8702.0
gene_147,320.0,1429.0,2710.0,3380.0,3356.0,5973.0,5179.0,3656.0,2577.0,2676.0,3570.0,4981.0,5325.0,6087.0,3153.0,1737.0,818.0,257.0
gene_148,9048.0,8855.0,8872.0,8853.0,8942.0,8862.0,9052.0,9126.0,9147.0,9087.0,8775.0,8637.0,8761.0,9010.0,9164.0,8773.0,8777.0,9059.0
gene_149,313.0,1037.0,1890.0,2356.0,2375.0,4168.0,3752.0,2905.0,2374.0,2697.0,3588.0,4733.0,5082.0,5597.0,3458.0,2333.0,1373.0,599.0
gene_150,7512.0,7442.0,7468.0,7437.0,7469.0,7454.0,7558.0,7612.0,7596.0,7553.0,7373.0,7246.0,7382.0,7528.0,7638.0,7376.0,7363.0,7571.0
gene_151,2346.0,954.0,405.0,302.0,83.0,40.0,221.0,298.0,419.0,1596.0,2540.0,5069.0,7772.0,8868.0,10338.0,11871.0,5855.0,2382.0
gene_152,10755.0,10846.0,10641.0,10701.0,10594.0,10778.0,10614.0,10726.0,10627.0,10688.0,11178.0,10778.0,10809.0,10963.0,10445.0,10558.0,10507.0,10625.0
gene_153,1185.0,488.0,230.0,189.0,199.0,487.0,1022.0,1896.0,4554.0,6843.0,6663.0,7660.0,7201.0,6507.0,5554.0,6181.0,3044.0,1236.0
gene_154,10648.0,10203.0,10331.0,10093.0,10080.0,10133.0,10090.0,10303.0,10100.0,10289.0,10456.0,10395.0,10514.0,10173.0,9944.0,10223.0,10062.0,10180.0
gene_155,88011.0,138087.0,154781.0,149569.0,119405.0,82489.0,46855.0,27272.0,15339.0,10259.0,7633.0,5978.0,5140.0,4458.0,3782.0,4240.0,2243.0,1368.0
gene_156,74662.0,74810.0,76611.0,75609.0,76247.0,75749.0,74257.0,73709.0,73585.0,74914.0,74844.0,75954.0,76333.0,76468.0,76296.0,75253.0,74042.0,77185.0
gene_157,1060.0,474.0,156.0,70.0,45.0,384.0,61.0,292.0,1628.0,2698.0,4186.0,8924.0,13194.0,13438.0,11267.0,6371.0,4295.0,1491.0
gene_158,10520.0,9674.0,9826.0,10128.0,9763.0,9819.0,9760.0,9852.0,10019.0,10058.0,10226.0,9634.0,10110.0,9688.0,9795.0,9803.0,9678.0,9610.0
gene_159,547.0,275.0,210.0,674.0,1396.0,3865.0,3150.0,5547.0,8298.0,7354.0,5728.0,6913.0,7786.0,6872.0,5707.0,3209.0,2160.0,757.0
gene_160,11214.0,11223.0,10776.0,11167.0,10934.0,10886.0,10949.0,10775.0,11046.0,11341.0,11274.0,10889.0,10999.0,11111.0,10921.0,10951.0,10672.0,11028.0
gene_161,1050.0,439.0,257.0,518.0,985.0,2637.0,2172.0,3797.0,5696.0,5147.0,4168.0,5118.0,5872.0,5401.0,4715.0,3014.0,2185.0,1004.0
gene_162,8348.0,8358.0,8065.0,8332.0,8143.0,8134.0,8183.0,8067.0,8254.0,8442.0,8396.0,8135.0,8216.0,8296.0,8182.0,8182.0,7995.0,8252.0
gene_163,10778.0,6313.0,1896.0,1377.0,597.0,257.0,76.0,68.0,84.0,255.0,1534.0,1908.0,2512.0,4948.0,8734.0,11258.0,13548.0,9411.0
gene_164,7336.0,7624.0,7427.0,7389.0,7513.0,7285.0,7451.0,7570.0,7626.0,7540.0,7537.0,7585.0,7275.0,7409.0,7671.0,7543.0,7493.0,7585.0
gene_165,5691.0,4716.0,3945.0,5012.0,4830.0,5079.0,3733.0,4257.0,2426.0,1765.0,1350.0,1127.0,1314.0,2493.0,4386.0,5654.0,6815.0,4792.0
gene_166,8598.0,8682.0,8912.0,8646.0,8552.0,8599.0,8841.0,8733.0,8813.0,8786.0,8759.0,8874.0,8749.0,8582.0,8776.0,8849.0,8677.0,8711.0
gene_167,5138.0,3831.0,3016.0,3586.0,3404.0,3600.0,2761.0,3275.0,2253.0,2258.0,2569.0,3110.0,4203.0,6247.0,9205.0,11086.0,12175.0,10570.0
gene_168,10902.0,10962.0,11232.0,11013.0,10948.0,11018.0,11138.0,11109.0,11106.0,11289.0,11025.0,11092.0,11018.0,10945.0,11074.0,11226.0,11053.0,11035.0
gene_169,45.0,452.0,1085.0,1788.0,6037.0,6739.0,10878.0,10566.0,9587.0,6630.0,4851.0,1009.0,503.0,109.0,61.0,36.0,27.0,36.0
gene_170,11504.0,11944.0,11640.0,11729.0,11684.0,12166.0,11439.0,11923.0,11889.0,11407.0,11753.0,11522.0,11474.0,11715.0,11872.0,11861.0,11871.0,11164.0
gene_171,39.0,327.0,1003.0,1801.0,5199.0,6395.0,10237.0,10021.0,9369.0,8291.0,5717.0,2586.0,1916.0,591.0,106.0,85.0,66.0,32.0
gene_172,10504.0,10673.0,10705.0,10846.0,10639.0,10838.0,10487.0,10563.0,10801.0,10540.0,10653.0,10603.0,10557.0,10601.0,10580.0,10938.0,10941.0,10412.0
gene_173,73839.0,108060.0,131417.0,133531.0,115812.0,98162.0,75028.0,52883.0,33902.0,19328.0,11142.0,5083.0,2416.0,804.0,304.0,270.0,297.0,467.0
gene_174,76239.0,76148.0,77499.0,75708.0,74955.0,77872.0,75772.0,74928.0,76405.0,75743.0,76682.0,76439.0,76251.0,77014.0,77128.0,76544.0,74908.0,75496.0
gene_175,244.0,2088.0,3925.0,6961.0,11077.0,11095.0,10986.0,8608.0,3216.0,1394.0,877.0,244.0,105.0,29.0,38.0,43.0,89.0,205.0
gene_176,8994.0,8949.0,9020.0,8972.0,8709.0,9028.0,9066.0,8820.0,9041.0,9061.0,9283.0,9171.0,8945.0,9254.0,9263.0,9081.0,8769.0,8962.0
gene_177,359.0,2762.0,5825.0,8054.0,10884.0,10748.0,10405.0,7589.0,3316.0,1370.0,637.0,225.0,224.0,39.0,40.0,54.0,116.0,268.0
gene_178,9520.0,9544.0,9324.0,9349.0,9208.0,9380.0,9447.0,9266.0,9528.0,9539.0,9637.0,9540.0,9388.0,9648.0,9628.0,9262.0,9329.0,9426.0
gene_179,762.0,2044.0,4004.0,5533.0,7578.0,7722.0,8412.0,7685.0,7613.0,9336.0,12783.0,17379.0,20798.0,21365.0,19029.0,13582.0,7024.0,2204.0
gene_180,20259.0,19756.0,19476.0,19775.0,19434.0,20158.0,19976.0,19411.0,19922.0,19695.0,20094.0,19919.0,20024.0,20135.0,19809.0,19411.0,19904.0,20061.0
gene_181,15191.0,13531.0,15511.0,10817.0,3577.0,1223.0,536.0,221.0,76.0,50.0,43.0,76.0,398.0,788.0,2371.0,4611.0,11471.0,18467.0
gene_182,13415.0,12757.0,13321.0,13528.0,12737.0,12996.0,13309.0,13173.0,12602.0,13196.0,13097.0,12990.0,12721.0,13141.0,13669.0,13358.0,12907.0,13155.0
gene_183,8106.0,8159.0,11210.0,10222.0,8039.0,6853.0,5593.0,3682.0,2038.0,792.0,236.0,126.0,264.0,430.0,1217.0,2382.0,5926.0,9561.0
gene_184,11863.0,11687.0,11892.0,12153.0,11876.0,11958.0,12036.0,11955.0,11470.0,11989.0,11758.0,11874.0,11488.0,11964.0,12192.0,11810.0,11613.0,11864.0
gene_185,15553.0,8801.0,8735.0,7554.0,6085.0,6341.0,7800.0,10064.0,15953.0,24257.0,34806.0,43801.0,50767.0,49119.0,41697.0,26980.0,17086.0,9654.0
gene_186,44400.0,43649.0,43777.0,44981.0,44152.0,45168.0,44217.0,43841.0,43507.0,44474.0,44845.0,44371.0,43942.0,44104.0,44172.0,43850.0,43411.0,44405.0
gene_187,8263.0,15068.0,15155.0,16730.0,7036.0,3207.0,1416.0,892.0,578.0,191.0,104.0,101.0,219.0,420.0,946.0,3585.0,8775.0,10115.0
gene_188,11964.0,12456.0,12183.0,12562.0,12231.0,12162.0,12118.0,12352.0,12497.0,12429.0,12025.0,12122.0,12053.0,12351.0,12256.0,12090.0,12377.0,12166.0
gene_189,4560.0,9379.0,11248.0,12641.0,9604.0,7103.0,5265.0,2784.0,1266.0,481.0,157.0,119.0,141.0,234.0,500.0,1844.0,4512.0,5445.0
gene_190,10969.0,11211.0,11306.0,11167.0,11061.0,11060.0,11099.0,11175.0,11089.0,11510.0,10832.0,11083.0,10876.0,11198.0,11014.0,10927.0,10957.0,10816.0
gene_191,5784.0,10436.0,12454.0,13781.0,11162.0,8715.0,6664.0,4144.0,2405.0,1277.0,630.0,421.0,302.0,323.0,502.0,1459.0,3402.0,4445.0
gene_192,11667.0,11877.0,11861.0,11809.0,11754.0,11819.0,11848.0,11799.0,11768.0,11997.0,11630.0,11864.0,11619.0,11800.0,11689.0,11635.0,11823.0,11638.0
gene_193,18.0,20.0,46.0,108.0,568.0,2277.0,4544.0,6223.0,9992.0,14896.0,12102.0,7521.0,6117.0,2877.0,2175.0,326.0,165.0,31.0
gene_194,11167.0,11528.0,11839.0,11817.0,11375.0,12009.0,11300.0,11901.0,11577.0,11656.0,10901.0,11589.0,11047.0,11901.0,11423.0,11404.0,10975.0,11889.0
gene_195,5632.0,6589.0,6099.0,4774.0,3317.0,2721.0,2944.0,3210.0,5026.0,7463.0,6074.0,3811.0,3212.0,1794.0,2230.0,3568.0,5916.0,8564.0
gene_196,13993.0,14071.0,14423.0,13796.0,14001.0,14460.0,14179.0,14349.0,14153.0,14066.0,13781.0,13960.0,13831.0,14221.0,14208.0,14152.0,13913.0,14316.0
gene_197,4064.0,4573.0,4204.0,3377.0,2606.0,2655.0,3792.0,7111.0,13267.0,22076.0,34755.0,43943.0,50338.0,52242.0,46946.0,35205.0,22516.0,12314.0
gene_198,40672.0,41210.0,40399.0,39318.0,40035.0,40836.0,40131.0,40598.0,40841.0,40520.0,40914.0,40392.0,40610.0,39635.0,39840.0,39609.0,39914.0,40522.0
gene_199,15181.0,14513.0,16132.0,7741.0,5031.0,2575.0,795.0,317.0,117.0,87.0,70.0,96.0,249.0,491.0,2049.0,4688.0,10315.0,17277.0
gene_200,11989.0,12029.0,11939.0,11905.0,12160.0,11966.0,11973.0,11892.0,11999.0,11890.0,12047.0,11914.0,12008.0,12134.0,11798.0,11756.0,12042.0,11829.0
gene_201,8420.0,7547.0,8214.0,3927.0,2553.0,1316.0,602.0,247.0,452.0,655.0,887.0,3032.0,4511.0,4169.0,7784.0,9516.0,10711.0,9656.0
gene_202,12028.0,11912.0,12024.0,11976.0,11928.0,11935.0,12111.0,11833.0,12008.0,11916.0,11988.0,12011.0,12045.0,12114.0,12065.0,11803.0,11710.0,12182.0
gene_203,8370.0,11502.0,21067.0,34300.0,48822.0,62338.0,76963.0,83113.0,81205.0,76764.0,69611.0,56948.0,46657.0,38364.0,32457.0,26815.0,24618.0,22113.0
gene_204,68732.0,68559.0,69101.0,68552.0,68830.0,68380.0,68513.0,69091.0,67331.0,68272.0,68476.0,69348.0,68194.0,69256.0,67793.0,68481.0,67478.0,69437.0
gene_205,25.0,22.0,51.0,221.0,439.0,3043.0,4127.0,7462.0,6728.0,10170.0,12519.0,11351.0,9345.0,4878.0,2285.0,593.0,336.0,30.0
gene_206,11692.0,11762.0,11458.0,11694.0,11603.0,11109.0,11373.0,11655.0,11654.0,11858.0,11512.0,11613.0,11395.0,10784.0,11568.0,11049.0,11908.0,11380.0
gene_207,9292.0,9607.0,6760.0,3293.0,1469.0,3242.0,2615.0,4163.0,3526.0,5125.0,6313.0,5817.0,5210.0,3426.0,2862.0,4275.0,5475.0,8386.0
gene_208,13636.0,13274.0,13587.0,13545.0,13056.0,13050.0,13410.0,13294.0,13729.0,13334.0,13506.0,12993.0,13021.0,12761.0,13286.0,13077.0,13625.0,13112.0
gene_209,12152.0,8073.0,4961.0,2461.0,1253.0,2682.0,2844.0,5550.0,7486.0,13892.0,21232.0,26996.0,32118.0,33588.0,29109.0,21536.0,12114.0,8631.0
gene_210,27197.0,26669.0,26987.0,27190.0,26823.0,26890.0,27249.0,27162.0,27134.0,26985.0,26894.0,26811.0,26740.0,26872.0,26553.0,26962.0,27017.0,26414.0
gene_211,1626.0,787.0,301.0,100.0,71.0,49.0,60.0,108.0,433.0,745.0,4020.0,5066.0,10307.0,9706.0,12858.0,9949.0,5574.0,2443.0
gene_212,11314.0,11491.0,11082.0,11404.0,11771.0,11349.0,11350.0,11422.0,11216.0,11348.0,11879.0,11430.0,11774.0,11281.0,11455.0,11197.0,11528.0,11485.0
gene_213,825.0,487.0,314.0,687.0,1529.0,3904.0,5212.0,6179.0,6312.0,5814.0,5827.0,5593.0,6513.0,5558.0,6543.0,5020.0,2804.0,1233.0
gene_214,12489.0,12329.0,12482.0,12387.0,12631.0,12432.0,12583.0,12342.0,12479.0,12539.0,12663.0,12470.0,12437.0,12305.0,12599.0,12336.0,12717.0,12489.0
gene_215,3787.0,8697.0,18321.0,30473.0,45360.0,58270.0,66290.0,70170.0,72640.0,66876.0,58885.0,47291.0,36928.0,28319.0,23320.0,17725.0,13638.0,12052.0
gene_216,57519.0,58910.0,58044.0,57227.0,57230.0,58242.0,58071.0,56982.0,58122.0,57777.0,57970.0,57844.0,57966.0,56229.0,57650.0,57908.0,58079.0,58217.0
gene_217,2872.0,1113.0,360.0,162.0,117.0,54.0,84.0,263.0,402.0,1384.0,1698.0,4967.0,7547.0,12007.0,9772.0,12424.0,10126.0,4536.0
gene_218,8440.0,8558.0,8176.0,8475.0,8307.0,8155.0,8359.0,8243.0,8161.0,8399.0,8311.0,8182.0,8091.0,8229.0,8357.0,8531.0,8322.0,8199.0
gene_219,6350.0,3194.0,1047.0,469.0,216.0,71.0,69.0,158.0,256.0,920.0,1416.0,3557.0,6871.0,11048.0,12096.0,12669.0,11481.0,6776.0
gene_220,9070.0,9309.0,9043.0,9219.0,9070.0,9131.0,9288.0,9323.0,9093.0,9217.0,9102.0,9041.0,9033.0,9015.0,9026.0,9322.0,9079.0,9129.0
gene_221,5804.0,7124.0,9792.0,13898.0,17210.0,18224.0,16580.0,13533.0,11217.0,7878.0,5666.0,5156.0,6019.0,8054.0,8407.0,8642.0,7834.0,4735.0
gene_222,18450.0,18375.0,19048.0,18711.0,18507.0,18559.0,18655.0,18594.0,18334.0,18419.0,18454.0,18628.0,18567.0,18308.0,18508.0,18689.0,18635.0,18760.0
gene_223,22.0,48.0,171.0,709.0,1632.0,5209.0,3943.0,8383.0,9470.0,11173.0,11092.0,7178.0,5068.0,2995.0,651.0,281.0,128.0,34.0
gene_224,8704.0,8556.0,8626.0,8613.0,8261.0,8420.0,8686.0,8726.0,8482.0,8382.0,9115.0,8472.0,8708.0,8410.0,8314.0,8440.0,8594.0,9096.0
gene_225,9081.0,6656.0,6717.0,1755.0,2151.0,3325.0,2099.0,4251.0,4758.0,5621.0,5600.0,3911.0,3408.0,3611.0,4009.0,3964.0,9109.0,8718.0
gene_226,13158.0,13012.0,12786.0,12517.0,12436.0,12937.0,13259.0,13253.0,13023.0,12882.0,13219.0,12580.0,12691.0,12569.0,12740.0,12917.0,12880.0,13050.0
gene_227,6251.0,4647.0,4775.0,1652.0,2146.0,3655.0,4090.0,7873.0,11858.0,17212.0,20256.0,22868.0,22367.0,21892.0,18551.0,13518.0,11261.0,7492.0
gene_228,23296.0,23058.0,22766.0,22697.0,22081.0,22660.0,22976.0,22754.0,22889.0,22996.0,23097.0,22558.0,22803.0,22449.0,22587.0,23037.0,22787.0,22857.0
gene_229,1353.0,4745.0,8425.0,14350.0,14823.0,13619.0,7442.0,2458.0,3567.0,1122.0,1039.0,202.0,66.0,70.0,62.0,128.0,264.0,599.0
gene_230,12718.0,12852.0,12787.0,12260.0,12540.0,12696.0,12874.0,12148.0,12903.0,12822.0,13228.0,12772.0,12680.0,12820.0,12581.0,12939.0,12720.0,13148.0
gene_231,12964.0,7881.0,7982.0,8847.0,7844.0,6944.0,3777.0,1259.0,1813.0,628.0,732.0,749.0,981.0,3889.0,4904.0,6645.0,10229.0,9090.0
gene_232,14152.0,13893.0,13900.0,13583.0,13850.0,13784.0,14069.0,13739.0,13993.0,13971.0,14058.0,13829.0,13956.0,14041.0,13910.0,14080.0,13951.0,14191.0
gene_233,13960.0,28948.0,53345.0,69610.0,75177.0,68004.0,50400.0,27745.0,15775.0,7182.0,3294.0,1276.0,922.0,2721.0,3403.0,4896.0,8489.0,14192.0
gene_234,44133.0,44137.0,43091.0,43772.0,43716.0,43363.0,43998.0,44034.0,44543.0,44297.0,44807.0,43911.0,45202.0,43420.0,43861.0,43869.0,43662.0,44437.0
gene_235,2050.0,769.0,263.0,114.0,58.0,43.0,72.0,80.0,440.0,878.0,3494.0,6608.0,13031.0,12170.0,15126.0,11323.0,6316.0,2707.0
gene_236,9641.0,9347.0,9823.0,9404.0,9479.0,9595.0,9511.0,9242.0,9469.0,9392.0,9545.0,9541.0,9426.0,9613.0,9827.0,9755.0,9616.0,9350.0
gene_237,1503.0,2976.0,3905.0,5658.0,6081.0,7497.0,3428.0,1723.0,1716.0,748.0,1939.0,3414.0,6556.0,6111.0,7607.0,5762.0,3492.0,2092.0
gene_238,10496.0,10131.0,10593.0,10191.0,10475.0,10379.0,10467.0,10318.0,10277.0,10379.0,10365.0,10600.0,10287.0,10503.0,10571.0,10453.0,10413.0,10352.0
gene_239,1319.0,2451.0,3580.0,5316.0,7221.0,10032.0,10443.0,14319.0,20215.0,28592.0,36518.0,45366.0,50529.0,50330.0,44635.0,32103.0,19636.0,8344.0
gene_240,37680.0,36542.0,37555.0,37431.0,37295.0,37194.0,37650.0,37415.0,37132.0,37254.0,36553.0,37427.0,37440.0,37672.0,38025.0,37504.0,37014.0,37424.0
gene_241,2318.0,5872.0,11988.0,13370.0,12456.0,13083.0,5408.0,4341.0,918.0,1104.0,341.0,390.0,59.0,47.0,98.0,250.0,558.0,1526.0
gene_242,11422.0,11381.0,11543.0,11278.0,11218.0,11657.0,11114.0,11464.0,11352.0,11597.0,11601.0,11010.0,11368.0,11218.0,11366.0,11482.0,11243.0,11359.0
gene_243,1174.0,2951.0,6008.0,6734.0,6391.0,6977.0,3775.0,5087.0,5107.0,7061.0,7368.0,6338.0,6987.0,1935.0,1383.0,790.0,400.0,787.0
gene_244,10640.0,10724.0,10938.0,10785.0,10899.0,11034.0,10769.0,10840.0,10819.0,11050.0,10845.0,10688.0,10778.0,10791.0,10877.0,10916.0,10641.0,11021.0
gene_245,1979.0,3272.0,5291.0,5712.0,5364.0,5619.0,3296.0,4021.0,3903.0,5100.0,5213.0,4459.0,4842.0,1437.0,1046.0,642.0,373.0,640.0
gene_246,8459.0,8537.0,8654.0,8570.0,8640.0,8750.0,8548.0,8619.0,8579.0,8742.0,8626.0,8491.0,8578.0,8594.0,8611.0,8634.0,8466.0,8733.0
gene_247,80.0,47.0,92.0,188.0,378.0,611.0,2104.0,3449.0,7205.0,5762.0,12594.0,9814.0,12258.0,11977.0,5827.0,4659.0,1631.0,414.0
gene_248,10098.0,10280.0,10252.0,10012.0,10149.0,9910.0,9995.0,9921.0,10409.0,10301.0,10123.0,10495.0,10280.0,10164.0,10032.0,10572.0,10214.0,10229.0
gene_249,7476.0,10143.0,6560.0,4962.0,3802.0,1565.0,1730.0,1846.0,3642.0,2932.0,6329.0,5173.0,6371.0,6424.0,4691.0,5209.0,6602.0,9485.0
gene_250,11291.0,11424.0,11187.0,11084.0,11238.0,11229.0,11256.0,11163.0,11451.0,11402.0,11290.0,11203.0,11366.0,11347.0,11171.0,11381.0,11320.0,11202.0
gene_251,20851.0,46312.0,77612.0,94953.0,101091.0,82286.0,62079.0,38912.0,20745.0,11756.0,10933.0,7162.0,6439.0,4929.0,3326.0,3535.0,4488.0,6652.0
gene_252,45617.0,45787.0,45734.0,46220.0,47031.0,45099.0,45876.0,46025.0,47117.0,46421.0,46146.0,45387.0,45556.0,46817.0,46151.0,46771.0,46076.0,45471.0
gene_253,22830.0,16678.0,11769.0,8217.0,4374.0,1408.0,857.0,793.0,193.0,119.0,110.0,216.0,644.0,1420.0,2453.0,8138.0,14387.0,18151.0
gene_254,20885.0,21601.0,21390.0,21077.0,20666.0,20407.0,21199.0,20971.0,21650.0,21586.0,21567.0,21285.0,21297.0,21395.0,20710.0,20395.0,20732.0,21304.0
gene_255,11953.0,10670.0,8765.0,8307.0,8422.0,5398.0,5682.0,6027.0,2965.0,1277.0,561.0,230.0,358.0,727.0,1241.0,4096.0,7249.0,9217.0
gene_256,17978.0,18225.0,18111.0,18072.0,17751.0,17558.0,18031.0,18156.0,18406.0,18380.0,18275.0,18226.0,18031.0,18323.0,18054.0,18004.0,17936.0,18034.0
gene_257,9420.0,7852.0,6282.0,5798.0,5776.0,3724.0,3901.0,4138.0,2106.0,1003.0,569.0,403.0,571.0,927.0,1421.0,3497.0,5847.0,7484.0
gene_258,13546.0,13726.0,13653.0,13633.0,13408.0,13301.0,13589.0,13712.0,13815.0,13838.0,13770.0,13707.0,13603.0,13792.0,13621.0,13572.0,13566.0,13574.0
gene_259,1304.0,5366.0,5980.0,13915.0,18036.0,15078.0,12842.0,4268.0,4579.0,2202.0,1090.0,559.0,52.0,51.0,42.0,104.0,199.0,456.0
gene_260,13138.0,13298.0,13148.0,13349.0,12929.0,13260.0,13283.0,13314.0,13243.0,12988.0,12984.0,13075.0,13038.0,13433.0,13193.0,13549.0,13042.0,13414.0
gene_261,677.0,2763.0,3624.0,8072.0,11698.0,11353.0,11574.0,7281.0,8145.0,8594.0,3134.0,2652.0,662.0,239.0,109.0,84.0,112.0,244.0
gene_262,13924.0,14175.0,13767.0,14158.0,13729.0,13961.0,14051.0,14026.0,14065.0,13831.0,13940.0,13839.0,13919.0,13885.0,14002.0,14167.0,13960.0,13813.0
gene_263,601.0,2018.0,2602.0,5571.0,7978.0,7728.0,7854.0,4978.0,5533.0,5827.0,2183.0,1862.0,562.0,312.0,330.0,527.0,1090.0,2386.0
gene_264,10863.0,11007.0,10837.0,11027.0,10762.0,10890.0,10975.0,10927.0,11025.0,10859.0,10888.0,10859.0,10911.0,10838.0,10955.0,11068.0,10908.0,10855.0
gene_265,4758.0,1893.0,765.0,204.0,106.0,76.0,108.0,338.0,703.0,1414.0,2954.0,5301.0,7439.0,12989.0,14621.0,16968.0,10079.0,3815.0
gene_266,11177.0,11251.0,11466.0,10980.0,11300.0,11446.0,11566.0,11273.0,11055.0,10901.0,10817.0,10928.0,11308.0,11611.0,11257.0,11057.0,11168.0,11245.0
gene_267,2388.0,967.0,550.0,302.0,645.0,1688.0,2792.0,5746.0,6260.0,4842.0,6441.0,5521.0,5308.0,7371.0,7472.0,8521.0,5053.0,1918.0
gene_268,10990.0,10890.0,11369.0,10662.0,10937.0,10845.0,11234.0,11114.0,11136.0,10470.0,10473.0,10543.0,11078.0,11252.0,10916.0,10903.0,11160.0,11142.0
gene_269,2819.0,5326.0,12510.0,28391.0,43607.0,62375.0,79043.0,88532.0,93522.0,88531.0,79480.0,65216.0,49321.0,36406.0,22432.0,12182.0,6278.0,2075.0
gene_270,55186.0,54884.0,54339.0,54457.0,54985.0,55851.0,54611.0,54692.0,53515.0,54037.0,55376.0,55221.0,55216.0,54181.0,55724.0,53906.0,55629.0,53685.0
gene_271,18416.0,20648.0,13259.0,7740.0,7027.0,3475.0,2894.0,578.0,577.0,98.0,106.0,236.0,455.0,887.0,1859.0,5532.0,9615.0,21680.0
gene_272,18289.0,18151.0,17864.0,17484.0,17479.0,18428.0,18230.0,17787.0,17879.0,17937.0,18455.0,18272.0,17411.0,17948.0,18159.0,17538.0,18559.0,18878.0
gene_273,13823.0,18044.0,15840.0,12161.0,9659.0,4688.0,4308.0,1281.0,558.0,187.0,105.0,149.0,288.0,816.0,1539.0,4215.0,6634.0,19434.0
gene_274,16667.0,16557.0,16409.0,16246.0,16315.0,16937.0,16665.0,16575.0,16311.0,16737.0,16775.0,16870.0,16343.0,16704.0,16523.0,16290.0,17044.0,17258.0
gene_275,9351.0,12333.0,11300.0,9798.0,9982.0,9347.0,12737.0,16487.0,22474.0,32895.0,41012.0,49368.0,56123.0,58155.0,57487.0,51800.0,41940.0,36898.0
gene_276,41325.0,41156.0,40828.0,40719.0,40905.0,42242.0,41930.0,41813.0,40883.0,41516.0,40678.0,41847.0,40243.0,41577.0,40744.0,41302.0,41161.0,41811.0
gene_277,757.0,289.0,135.0,75.0,1191.0,267.0,1610.0,2331.0,1752.0,4080.0,6426.0,18507.0,14644.0,13466.0,12967.0,8491.0,5473.0,776.0
gene_278,13966.0,13908.0,14451.0,14159.0,13921.0,13934.0,13789.0,13821.0,13727.0,14142.0,13871.0,13526.0,14667.0,14139.0,13665.0,13736.0,14374.0,14566.0
gene_279,3838.0,9853.0,7595.0,7973.0,4714.0,2038.0,2334.0,1995.0,1123.0,2156.0,3252.0,9296.0,7413.0,6885.0,6919.0,5560.0,4578.0,6384.0
gene_280,13815.0,13678.0,13857.0,13727.0,13704.0,13732.0,13739.0,13705.0,13649.0,13673.0,13893.0,13647.0,13969.0,14106.0,13608.0,13535.0,14016.0,13879.0
gene_281,19110.0,17345.0,13121.0,11722.0,8972.0,6691.0,6928.0,6814.0,6479.0,7557.0,8557.0,12749.0,11454.0,10714.0,10083.0,8318.0,6487.0,6533.0
gene_282,28759.0,28425.0,28416.0,28018.0,28506.0,28536.0,28847.0,28337.0,28772.0,28764.0,28828.0,28423.0,28487.0,28484.0,28388.0,28443.0,28941.0,28720.0
gene_283,24894.0,22860.0,13439.0,7242.0,6473.0,2070.0,475.0,214.0,94.0,86.0,111.0,261.0,1505.0,2122.0,4354.0,7168.0,14314.0,24796.0
gene_284,17607.0,17575.0,17940.0,18131.0,17564.0,16723.0,18041.0,17985.0,18092.0,17383.0,18079.0,17172.0,18010.0,17664.0,17660.0,17713.0,18033.0,17546.0
gene_285,12473.0,11447.0,6751.0,3725.0,3562.0,2791.0,1593.0,3726.0,6048.0,9010.0,6783.0,6694.0,7883.0,3917.0,3137.0,3750.0,7229.0,12416.0
gene_286,15571.0,15425.0,15650.0,15734.0,15620.0,15467.0,15587.0,15839.0,15889.0,15274.0,15981.0,15335.0,15882.0,15453.0,15522.0,15315.0,15656.0,15263.0
gene_287,9907.0,9705.0,7029.0,5195.0,4843.0,3957.0,2731.0,3650.0,4843.0,6531.0,4814.0,4644.0,5367.0,2693.0,2156.0,2556.0,4879.0,8356.0
gene_288,12411.0,12328.0,12445.0,12556.0,12484.0,12336.0,12472.0,12640.0,12642.0,12170.0,12730.0,12317.0,12650.0,12353.0,12362.0,12249.0,12488.0,12244.0
gene_289,351.0,1030.0,3340.0,5809.0,12126.0,11370.0,19547.0,15633.0,8499.0,2952.0,2718.0,1953.0,696.0,75.0,24.0,23.0,44.0,99.0
gene_290,13034.0,12594.0,13084.0,13067.0,12669.0,12763.0,13306.0,12651.0,13141.0,12157.0,12916.0,13000.0,13127.0,12598.0,13037.0,13211.0,13036.0,13133.0
gene_291,233.0,1527.0,2673.0,4765.0,9965.0,12195.0,14768.0,15668.0,10014.0,5325.0,3097.0,2003.0,959.0,336.0,62.0,30.0,40.0,72.0
gene_292,12167.0,11926.0,12112.0,12248.0,11933.0,11961.0,12237.0,11980.0,11977.0,11643.0,11966.0,12232.0,12193.0,11785.0,11983.0,12343.0,12086.0,12198.0
gene_293,285.0,1109.0,1892.0,3711.0,7441.0,9586.0,13277.0,17929.0,19989.0,32290.0,52525.0,81313.0,118484.0,157480.0,199195.0,212968.0,196071.0,140166.0
gene_294,96759.0,96214.0,95674.0,96578.0,97784.0,99766.0,95395.0,96177.0,96223.0,96467.0,96197.0,95491.0,95170.0,100329.0,97719.0,99203.0,97871.0,95870.0
gene_295,5959.0,1674.0,932.0,234.0,110.0,44.0,37.0,111.0,1529.0,1554.0,1292.0,3673.0,8858.0,16617.0,21047.0,15347.0,11641.0,6099.0
gene_296,12493.0,12781.0,12575.0,12504.0,12701.0,12841.0,12367.0,12575.0,12390.0,12382.0,12361.0,12573.0,12597.0,12770.0,12449.0,12473.0,12748.0,12850.0
gene_297,3007.0,1069.0,1318.0,3098.0,4156.0,5946.0,7622.0,7514.0,7438.0,4317.0,4140.0,3553.0,5498.0,8449.0,10561.0,7690.0,5837.0,3075.0
gene_298,11674.0,11915.0,12025.0,11702.0,11887.0,11861.0,11891.0,11995.0,11692.0,11822.0,11760.0,11945.0,11839.0,11865.0,11719.0,11680.0,11875.0,11978.0
gene_299,120285.0,193974.0,216175.0,211699.0,168487.0,113022.0,76687.0,53352.0,27436.0,12346.0,6287.0,3916.0,4519.0,5911.0,7240.0,5363.0,4472.0,3562.0
gene_300,92359.0,92625.0,93886.0,92232.0,93483.0,91119.0,93302.0,91984.0,90636.0,90969.0,93488.0,93605.0,92527.0,91572.0,93276.0,92683.0,91849.0,92424.0
