,0.0,0.0.1,0.1,0.1.1,0.2,0.2.1,0.30000000000000004,0.30000000000000004.1,0.4,0.4.1,0.5,0.5.1,0.6000000000000001,0.6000000000000001.1,0.7000000000000001,0.7000000000000001.1,0.8,0.8.1,0.9,0.9.1,1.0,1.0.1
gene_1_1,1.0,2.0,2.0,0.0,1.0,1.0,2.0,1.0,1.0,1.0,0.0,2.0,0.0,1.0,6.0,1.0,1.0,3.0,3.0,1.0,2.0,5.0
gene_1_2,7.0,1.0,2.0,2.0,6.0,4.0,2.0,6.0,1.0,0.0,2.0,2.0,3.0,3.0,1.0,1.0,3.0,0.0,4.0,3.0,0.0,1.0
gene_1_3,2.0,2.0,4.0,3.0,2.0,7.0,2.0,3.0,1.0,1.0,1.0,1.0,4.0,0.0,2.0,0.0,2.0,1.0,0.0,3.0,2.0,2.0
gene_1_4,5.0,3.0,5.0,2.0,1.0,0.0,0.0,2.0,1.0,1.0,0.0,0.0,1.0,2.0,2.0,3.0,1.0,5.0,4.0,1.0,1.0,7.0
gene_1_5,5.0,2.0,2.0,1.0,5.0,3.0,1.0,2.0,2.0,3.0,2.0,2.0,2.0,3.0,0.0,2.0,1.0,0.0,1.0,1.0,1.0,1.0
gene_1_6,1.0,1.0,3.0,6.0,2.0,5.0,2.0,1.0,1.0,3.0,2.0,1.0,3.0,2.0,3.0,0.0,1.0,3.0,0.0,1.0,1.0,4.0
gene_1_7,3.0,0.0,1.0,0.0,4.0,2.0,1.0,2.0,0.0,1.0,1.0,1.0,1.0,1.0,1.0,2.0,2.0,1.0,2.0,1.0,0.0,0.0
gene_1_8,2.0,2.0,1.0,2.0,0.0,0.0,1.0,1.0,1.0,1.0,3.0,2.0,2.0,2.0,2.0,0.0,0.0,0.0,2.0,3.0,1.0,0.0
gene_1_9,1.0,2.0,3.0,3.0,2.0,2.0,5.0,9.0,2.0,3.0,2.0,2.0,2.0,2.0,2.0,1.0,0.0,0.0,0.0,2.0,1.0,2.0
gene_1_10,0.0,1.0,1.0,5.0,3.0,2.0,6.0,3.0,1.0,4.0,1.0,3.0,3.0,2.0,4.0,2.0,4.0,3.0,2.0,6.0,1.0,4.0
gene_1_11,1.0,1.0,6.0,4.0,3.0,1.0,8.0,13.0,6.0,4.0,2.0,3.0,7.0,9.0,1.0,5.0,2.0,5.0,2.0,0.0,2.0,3.0
gene_1_12,3.0,2.0,6.0,2.0,5.0,2.0,3.0,2.0,2.0,5.0,6.0,2.0,7.0,8.0,0.0,4.0,1.0,6.0,3.0,0.0,5.0,1.0
gene_1_13,6.0,2.0,4.0,0.0,2.0,3.0,3.0,1.0,1.0,0.0,5.0,0.0,0.0,1.0,1.0,2.0,2.0,0.0,0.0,0.0,1.0,3.0
gene_1_14,0.0,1.0,0.0,1.0,1.0,1.0,1.0,1.0,0.0,1.0,1.0,1.0,0.0,0.0,1.0,0.0,1.0,3.0,0.0,1.0,0.0,0.0
gene_1_15,1.0,1.0,0.0,1.0,6.0,3.0,4.0,7.0,6.0,4.0,4.0,5.0,1.0,1.0,6.0,5.0,2.0,5.0,3.0,0.0,1.0,2.0
gene_1_16,1.0,4.0,0.0,3.0,6.0,5.0,3.0,3.0,0.0,1.0,3.0,4.0,6.0,6.0,2.0,4.0,2.0,3.0,4.0,3.0,5.0,4.0
gene_1_17,1.0,3.0,3.0,5.0,1.0,2.0,1.0,0.0,2.0,0.0,2.0,1.0,1.0,2.0,0.0,1.0,1.0,0.0,3.0,0.0,1.0,1.0
gene_1_18,0.0,1.0,3.0,1.0,1.0,1.0,1.0,2.0,0.0,0.0,2.0,2.0,0.0,1.0,1.0,3.0,1.0,0.0,1.0,3.0,1.0,2.0
gene_1_19,2.0,1.0,3.0,1.0,2.0,1.0,2.0,0.0,0.0,1.0,3.0,2.0,0.0,1.0,2.0,1.0,0.0,2.0,1.0,0.0,0.0,0.0
gene_1_20,2.0,0.0,2.0,1.0,2.0,1.0,0.0,2.0,1.0,1.0,0.0,1.0,2.0,0.0,2.0,3.0,1.0,2.0,0.0,0.0,1.0,0.0
gene_1_21,3.0,1.0,3.0,4.0,8.0,2.0,3.0,1.0,2.0,6.0,6.0,5.0,3.0,3.0,0.0,2.0,2.0,4.0,2.0,1.0,2.0,2.0
gene_1_22,1.0,2.0,2.0,1.0,4.0,2.0,0.0,1.0,3.0,7.0,3.0,9.0,2.0,4.0,1.0,2.0,4.0,1.0,1.0,9.0,1.0,2.0
gene_1_23,1.0,1.0,3.0,1.0,0.0,0.0,2.0,2.0,2.0,0.0,0.0,1.0,1.0,0.0,2.0,0.0,2.0,1.0,1.0,1.0,0.0,0.0
gene_1_24,2.0,1.0,0.0,1.0,1.0,0.0,2.0,0.0,0.0,1.0,4.0,1.0,3.0,1.0,1.0,2.0,1.0,1.0,2.0,2.0,1.0,1.0
gene_1_25,1.0,1.0,3.0,1.0,1.0,1.0,4.0,5.0,4.0,3.0,2.0,2.0,1.0,3.0,2.0,1.0,1.0,2.0,1.0,2.0,1.0,0.0
gene_1_26,3.0,3.0,0.0,1.0,2.0,2.0,4.0,2.0,3.0,2.0,2.0,4.0,0.0,4.0,1.0,1.0,3.0,2.0,3.0,1.0,0.0,1.0
gene_1_27,6.0,9.0,5.0,7.0,4.0,4.0,7.0,6.0,4.0,4.0,3.0,3.0,1.0,7.0,2.0,5.0,3.0,1.0,1.0,2.0,0.0,1.0
gene_1_28,3.0,6.0,2.0,6.0,6.0,3.0,0.0,1.0,2.0,4.0,5.0,6.0,4.0,2.0,7.0,4.0,6.0,6.0,2.0,6.0,0.0,1.0
gene_1_29,1.0,2.0,2.0,0.0,2.0,1.0,0.0,2.0,4.0,5.0,4.0,1.0,1.0,1.0,4.0,1.0,2.0,5.0,6.0,4.0,1.0,1.0
gene_1_30,1.0,2.0,1.0,6.0,3.0,1.0,2.0,1.0,0.0,1.0,3.0,2.0,3.0,2.0,2.0,2.0,1.0,4.0,1.0,1.0,4.0,3.0
gene_1_31,0.0,2.0,3.0,1.0,1.0,1.0,1.0,0.0,0.0,2.0,1.0,1.0,5.0,3.0,1.0,2.0,1.0,3.0,1.0,4.0,1.0,2.0
gene_1_32,5.0,2.0,2.0,1.0,2.0,1.0,3.0,0.0,2.0,0.0,2.0,4.0,3.0,3.0,3.0,0.0,2.0,2.0,1.0,0.0,1.0,1.0
gene_1_33,1.0,3.0,3.0,2.0,0.0,2.0,2.0,0.0,0.0,0.0,0.0,2.0,1.0,1.0,1.0,1.0,2.0,0.0,1.0,2.0,8.0,4.0
gene_1_34,2.0,0.0,0.0,1.0,1.0,2.0,2.0,4.0,1.0,0.0,2.0,3.0,1.0,2.0,1.0,0.0,2.0,4.0,1.0,1.0,1.0,3.0
gene_1_35,2.0,1.0,3.0,3.0,3.0,2.0,5.0,6.0,3.0,4.0,6.0,4.0,6.0,5.0,3.0,4.0,0.0,0.0,4.0,6.0,1.0,1.0
gene_1_36,3.0,1.0,5.0,3.0,2.0,5.0,0.0,4.0,3.0,4.0,5.0,3.0,1.0,5.0,0.0,1.0,4.0,4.0,1.0,2.0,2.0,2.0
gene_1_37,0.0,1.0,1.0,0.0,0.0,0.0,1.0,0.0,4.0,4.0,0.0,1.0,1.0,2.0,5.0,4.0,4.0,5.0,3.0,0.0,1.0,4.0
gene_1_38,1.0,1.0,0.0,4.0,2.0,2.0,1.0,0.0,1.0,3.0,2.0,3.0,4.0,2.0,2.0,2.0,1.0,2.0,0.0,4.0,2.0,4.0
gene_1_39,1.0,1.0,0.0,1.0,0.0,0.0,0.0,3.0,1.0,0.0,0.0,1.0,1.0,0.0,0.0,1.0,2.0,0.0,0.0,0.0,3.0,0.0
gene_1_40,2.0,1.0,1.0,1.0,0.0,0.0,0.0,1.0,1.0,1.0,1.0,0.0,0.0,2.0,0.0,0.0,4.0,0.0,0.0,1.0,1.0,0.0
gene_1_41,0.0,0.0,1.0,2.0,1.0,2.0,2.0,2.0,1.0,4.0,4.0,6.0,5.0,6.0,5.0,2.0,2.0,1.0,1.0,0.0,2.0,2.0
gene_1_42,0.0,4.0,2.0,2.0,3.0,1.0,4.0,3.0,3.0,0.0,1.0,1.0,1.0,1.0,1.0,2.0,3.0,0.0,0.0,2.0,1.0,1.0
gene_1_43,0.0,2.0,4.0,3.0,3.0,3.0,4.0,8.0,7.0,10.0,4.0,3.0,2.0,5.0,1.0,4.0,2.0,1.0,0.0,0.0,1.0,2.0
gene_1_44,1.0,4.0,2.0,3.0,3.0,4.0,6.0,2.0,4.0,3.0,3.0,5.0,6.0,6.0,2.0,6.0,6.0,3.0,4.0,6.0,4.0,1.0
gene_1_45,1.0,3.0,0.0,1.0,2.0,1.0,0.0,1.0,2.0,0.0,0.0,0.0,0.0,1.0,0.0,0.0,2.0,3.0,1.0,1.0,5.0,2.0
gene_1_46,2.0,1.0,0.0,1.0,0.0,1.0,2.0,2.0,1.0,2.0,0.0,1.0,1.0,0.0,1.0,0.0,1.0,2.0,2.0,1.0,3.0,0.0
gene_1_47,5.0,3.0,0.0,1.0,1.0,1.0,2.0,0.0,1.0,1.0,1.0,0.0,0.0,5.0,1.0,0.0,4.0,4.0,4.0,3.0,8.0,5.0
gene_1_48,1.0,1.0,0.0,2.0,0.0,0.0,2.0,1.0,1.0,1.0,0.0,0.0,2.0,1.0,1.0,1.0,2.0,0.0,3.0,1.0,1.0,2.0
gene_1_49,2.0,1.0,1.0,1.0,0.0,2.0,2.0,0.0,2.0,1.0,0.0,2.0,2.0,1.0,2.0,0.0,0.0,1.0,2.0,1.0,4.0,7.0
gene_1_50,0.0,2.0,0.0,0.0,1.0,3.0,1.0,3.0,1.0,1.0,1.0,1.0,1.0,1.0,0.0,1.0,3.0,0.0,0.0,2.0,0.0,2.0
gene_1_51,3.0,4.0,4.0,8.0,6.0,5.0,8.0,2.0,5.0,4.0,5.0,5.0,4.0,1.0,8.0,4.0,1.0,2.0,5.0,1.0,2.0,5.0
gene_1_52,4.0,1.0,1.0,5.0,4.0,8.0,1.0,3.0,3.0,2.0,2.0,3.0,2.0,7.0,6.0,6.0,7.0,5.0,5.0,5.0,11.0,2.0
gene_1_53,3.0,4.0,2.0,5.0,3.0,7.0,1.0,2.0,1.0,0.0,1.0,2.0,0.0,1.0,0.0,1.0,2.0,2.0,3.0,3.0,3.0,2.0
gene_1_54,1.0,0.0,1.0,1.0,1.0,4.0,1.0,0.0,3.0,1.0,1.0,1.0,0.0,1.0,2.0,0.0,2.0,0.0,2.0,2.0,3.0,0.0
gene_1_55,2.0,1.0,1.0,0.0,0.0,0.0,0.0,2.0,0.0,1.0,0.0,2.0,0.0,0.0,1.0,2.0,1.0,1.0,0.0,1.0,4.0,1.0
gene_1_56,0.0,0.0,0.0,1.0,0.0,1.0,0.0,1.0,2.0,2.0,0.0,2.0,0.0,1.0,1.0,1.0,2.0,1.0,1.0,1.0,3.0,0.0
gene_1_57,5.0,1.0,1.0,5.0,3.0,11.0,5.0,2.0,0.0,2.0,0.0,2.0,0.0,1.0,1.0,2.0,1.0,0.0,0.0,1.0,1.0,1.0
gene_1_58,0.0,1.0,2.0,1.0,0.0,4.0,6.0,1.0,3.0,4.0,1.0,2.0,0.0,2.0,0.0,1.0,1.0,1.0,0.0,0.0,1.0,2.0
gene_1_59,7.0,5.0,8.0,5.0,3.0,0.0,1.0,0.0,1.0,1.0,0.0,1.0,0.0,0.0,0.0,0.0,0.0,0.0,0.0,3.0,1.0,1.0
gene_1_60,3.0,0.0,0.0,0.0,0.0,0.0,0.0,0.0,0.0,0.0,0.0,0.0,0.0,0.0,0.0,0.0,3.0,1.0,1.0,2.0,0.0,1.0
gene_1_61,1.0,2.0,2.0,2.0,1.0,0.0,1.0,2.0,0.0,1.0,1.0,1.0,0.0,2.0,1.0,2.0,3.0,2.0,3.0,3.0,2.0,5.0
gene_1_62,2.0,2.0,1.0,2.0,0.0,2.0,1.0,3.0,0.0,2.0,1.0,3.0,5.0,2.0,2.0,2.0,0.0,1.0,2.0,4.0,2.0,1.0
gene_1_63,0.0,2.0,0.0,1.0,1.0,0.0,0.0,1.0,0.0,1.0,0.0,0.0,1.0,3.0,1.0,2.0,1.0,1.0,2.0,1.0,7.0,6.0
gene_1_64,1.0,1.0,0.0,1.0,1.0,3.0,1.0,0.0,1.0,1.0,0.0,2.0,0.0,0.0,0.0,0.0,0.0,1.0,1.0,0.0,0.0,2.0
gene_1_65,0.0,1.0,0.0,1.0,0.0,1.0,0.0,0.0,0.0,0.0,1.0,1.0,5.0,1.0,3.0,1.0,1.0,1.0,1.0,3.0,1.0,1.0
gene_1_66,3.0,0.0,1.0,1.0,0.0,3.0,1.0,0.0,0.0,0.0,0.0,1.0,3.0,3.0,1.0,0.0,3.0,0.0,0.0,3.0,2.0,0.0
gene_1_67,2.0,1.0,5.0,1.0,2.0,1.0,2.0,2.0,3.0,6.0,1.0,2.0,3.0,0.0,3.0,6.0,0.0,1.0,1.0,3.0,3.0,6.0
gene_1_68,2.0,1.0,3.0,1.0,1.0,2.0,0.0,3.0,1.0,3.0,1.0,1.0,3.0,2.0,3.0,5.0,1.0,5.0,1.0,2.0,2.0,2.0
gene_1_69,1.0,0.0,3.0,1.0,1.0,1.0,2.0,1.0,2.0,0.0,3.0,3.0,4.0,2.0,5.0,4.0,2.0,3.0,6.0,3.0,5.0,2.0
gene_1_70,2.0,0.0,5.0,2.0,1.0,5.0,3.0,2.0,2.0,3.0,5.0,2.0,3.0,1.0,4.0,7.0,1.0,1.0,1.0,1.0,4.0,1.0
gene_1_71,1.0,5.0,7.0,4.0,5.0,11.0,8.0,10.0,9.0,5.0,12.0,9.0,5.0,6.0,6.0,5.0,2.0,4.0,0.0,6.0,1.0,1.0
gene_1_72,2.0,8.0,7.0,7.0,6.0,4.0,2.0,0.0,7.0,5.0,8.0,6.0,11.0,5.0,5.0,9.0,5.0,10.0,5.0,3.0,6.0,3.0
gene_1_73,1.0,1.0,0.0,1.0,1.0,2.0,0.0,0.0,3.0,0.0,0.0,2.0,0.0,1.0,4.0,2.0,0.0,6.0,0.0,1.0,6.0,1.0
gene_1_74,0.0,0.0,3.0,0.0,2.0,4.0,3.0,2.0,1.0,1.0,1.0,2.0,3.0,1.0,1.0,2.0,2.0,0.0,2.0,2.0,4.0,1.0
gene_1_75,3.0,5.0,8.0,5.0,7.0,3.0,3.0,9.0,10.0,5.0,7.0,7.0,6.0,7.0,7.0,7.0,7.0,6.0,7.0,6.0,4.0,1.0
gene_1_76,2.0,3.0,2.0,7.0,5.0,2.0,5.0,3.0,0.0,11.0,13.0,5.0,6.0,2.0,15.0,10.0,6.0,3.0,4.0,7.0,12.0,8.0
gene_1_77,1.0,1.0,0.0,5.0,0.0,0.0,0.0,2.0,2.0,5.0,1.0,4.0,7.0,5.0,4.0,2.0,0.0,2.0,2.0,2.0,0.0,0.0
gene_1_78,1.0,4.0,1.0,2.0,2.0,0.0,1.0,0.0,1.0,1.0,1.0,1.0,0.0,1.0,2.0,0.0,0.0,2.0,1.0,0.0,1.0,1.0
gene_1_79,1.0,1.0,2.0,1.0,3.0,2.0,0.0,1.0,2.0,0.0,3.0,2.0,2.0,2.0,2.0,1.0,1.0,1.0,2.0,2.0,8.0,7.0
gene_1_80,1.0,1.0,2.0,1.0,2.0,1.0,3.0,1.0,3.0,2.0,4.0,0.0,0.0,2.0,0.0,0.0,1.0,3.0,0.0,1.0,1.0,2.0
gene_1_81,2.0,8.0,7.0,3.0,0.0,6.0,0.0,3.0,3.0,0.0,1.0,3.0,2.0,2.0,3.0,1.0,2.0,0.0,0.0,3.0,0.0,2.0
gene_1_82,1.0,0.0,2.0,2.0,3.0,1.0,1.0,0.0,1.0,2.0,0.0,0.0,0.0,1.0,1.0,1.0,1.0,0.0,3.0,0.0,0.0,1.0
gene_1_83,6.0,0.0,9.0,9.0,2.0,5.0,2.0,8.0,3.0,8.0,6.0,6.0,0.0,2.0,3.0,5.0,7.0,4.0,1.0,4.0,6.0,9.0
gene_1_84,5.0,7.0,4.0,3.0,8.0,1.0,6.0,7.0,6.0,2.0,3.0,3.0,5.0,4.0,4.0,6.0,6.0,7.0,2.0,4.0,5.0,2.0
gene_1_85,1.0,2.0,1.0,2.0,0.0,0.0,0.0,1.0,3.0,0.0,2.0,2.0,3.0,5.0,1.0,2.0,2.0,2.0,5.0,3.0,5.0,0.0
gene_1_86,3.0,2.0,1.0,4.0,2.0,1.0,0.0,5.0,3.0,2.0,3.0,0.0,4.0,3.0,2.0,3.0,6.0,5.0,2.0,2.0,2.0,1.0
gene_1_87,1.0,1.0,1.0,1.0,3.0,0.0,1.0,1.0,0.0,1.0,3.0,1.0,1.0,1.0,3.0,1.0,2.0,4.0,1.0,0.0,2.0,3.0
gene_1_88,3.0,0.0,0.0,1.0,4.0,0.0,0.0,2.0,0.0,0.0,1.0,1.0,1.0,0.0,1.0,1.0,1.0,3.0,1.0,0.0,0.0,0.0
gene_1_89,0.0,1.0,2.0,1.0,3.0,3.0,0.0,7.0,4.0,1.0,3.0,3.0,0.0,1.0,2.0,4.0,2.0,0.0,2.0,0.0,1.0,1.0
gene_1_90,3.0,0.0,1.0,1.0,0.0,1.0,0.0,1.0,1.0,1.0,1.0,1.0,4.0,1.0,3.0,0.0,1.0,0.0,2.0,1.0,4.0,0.0
gene_1_91,4.0,11.0,1.0,3.0,3.0,3.0,4.0,2.0,3.0,1.0,2.0,3.0,1.0,2.0,4.0,1.0,0.0,3.0,2.0,3.0,3.0,1.0
gene_1_92,7.0,0.0,1.0,1.0,2.0,2.0,4.0,2.0,1.0,2.0,5.0,1.0,0.0,0.0,2.0,4.0,3.0,0.0,5.0,0.0,1.0,1.0
gene_1_93,4.0,0.0,5.0,8.0,3.0,4.0,0.0,3.0,4.0,3.0,2.0,2.0,2.0,3.0,4.0,0.0,0.0,0.0,3.0,0.0,0.0,0.0
gene_1_94,1.0,1.0,1.0,4.0,3.0,1.0,3.0,1.0,2.0,3.0,1.0,1.0,5.0,0.0,3.0,2.0,3.0,3.0,2.0,4.0,3.0,1.0
gene_1_95,4.0,4.0,5.0,3.0,4.0,8.0,4.0,6.0,6.0,7.0,4.0,4.0,6.0,8.0,1.0,2.0,1.0,2.0,1.0,3.0,4.0,2.0
gene_1_96,5.0,4.0,5.0,0.0,1.0,2.0,3.0,3.0,3.0,4.0,7.0,8.0,4.0,2.0,5.0,1.0,5.0,2.0,3.0,4.0,2.0,9.0
gene_1_97,3.0,1.0,1.0,3.0,2.0,2.0,1.0,3.0,2.0,0.0,5.0,3.0,0.0,1.0,0.0,0.0,0.0,4.0,2.0,0.0,0.0,0.0
gene_1_98,0.0,3.0,0.0,1.0,1.0,1.0,2.0,0.0,0.0,2.0,2.0,0.0,0.0,3.0,3.0,2.0,1.0,1.0,4.0,1.0,1.0,2.0
gene_1_99,0.0,0.0,1.0,1.0,1.0,4.0,7.0,5.0,3.0,4.0,1.0,5.0,3.0,2.0,3.0,3.0,1.0,0.0,2.0,1.0,3.0,0.0
gene_1_100,5.0,3.0,3.0,1.0,0.0,1.0,2.0,2.0,2.0,1.0,3.0,4.0,2.0,2.0,2.0,2.0,2.0,2.0,1.0,2.0,3.0,2.0
gene_1_101,0.0,2.0,3.0,4.0,1.0,5.0,2.0,3.0,3.0,3.0,2.0,3.0,1.0,0.0,1.0,4.0,1.0,1.0,0.0,0.0,1.0,1.0
gene_1_102,2.0,2.0,2.0,1.0,0.0,1.0,2.0,1.0,1.0,2.0,3.0,1.0,3.0,1.0,1.0,2.0,0.0,1.0,2.0,4.0,3.0,1.0
gene_1_103,0.0,0.0,3.0,6.0,2.0,2.0,3.0,2.0,1.0,9.0,3.0,6.0,5.0,3.0,2.0,3.0,3.0,4.0,7.0,3.0,6.0,3.0
gene_1_104,6.0,2.0,5.0,6.0,7.0,3.0,3.0,1.0,4.0,7.0,5.0,4.0,1.0,3.0,2.0,3.0,1.0,3.0,4.0,4.0,0.0,5.0
gene_1_105,3.0,4.0,3.0,1.0,2.0,8.0,3.0,2.0,2.0,2.0,2.0,2.0,3.0,6.0,2.0,2.0,2.0,0.0,1.0,0.0,2.0,1.0
gene_1_106,3.0,1.0,5.0,5.0,0.0,6.0,2.0,2.0,1.0,3.0,5.0,3.0,1.0,5.0,1.0,3.0,3.0,2.0,5.0,2.0,0.0,2.0
gene_1_107,3.0,2.0,3.0,4.0,2.0,2.0,2.0,2.0,2.0,2.0,4.0,2.0,1.0,1.0,0.0,1.0,1.0,3.0,7.0,0.0,6.0,1.0
gene_1_108,1.0,2.0,4.0,3.0,1.0,2.0,2.0,2.0,0.0,2.0,3.0,0.0,1.0,1.0,4.0,1.0,4.0,1.0,0.0,2.0,1.0,4.0
gene_1_109,5.0,1.0,2.0,3.0,1.0,5.0,0.0,1.0,0.0,3.0,3.0,1.0,1.0,1.0,4.0,0.0,4.0,1.0,1.0,1.0,0.0,1.0
gene_1_110,0.0,1.0,2.0,2.0,0.0,1.0,0.0,3.0,0.0,1.0,0.0,0.0,1.0,1.0,1.0,1.0,4.0,4.0,1.0,0.0,1.0,0.0
gene_1_111,2.0,3.0,2.0,6.0,4.0,3.0,4.0,6.0,0.0,1.0,5.0,1.0,1.0,2.0,3.0,3.0,8.0,6.0,3.0,4.0,6.0,10.0
gene_1_112,4.0,11.0,3.0,3.0,0.0,4.0,3.0,1.0,1.0,2.0,2.0,3.0,0.0,2.0,2.0,5.0,1.0,0.0,4.0,4.0,6.0,3.0
gene_1_113,1.0,1.0,0.0,2.0,2.0,0.0,0.0,3.0,4.0,2.0,6.0,4.0,4.0,4.0,1.0,0.0,2.0,1.0,0.0,1.0,1.0,2.0
gene_1_114,5.0,3.0,3.0,0.0,1.0,3.0,1.0,1.0,1.0,2.0,1.0,1.0,2.0,2.0,1.0,1.0,1.0,2.0,6.0,1.0,3.0,3.0
gene_1_115,5.0,2.0,9.0,1.0,4.0,4.0,3.0,2.0,2.0,0.0,4.0,2.0,0.0,0.0,3.0,2.0,4.0,0.0,0.0,3.0,3.0,5.0
gene_1_116,1.0,0.0,3.0,4.0,0.0,2.0,1.0,1.0,4.0,3.0,0.0,4.0,2.0,3.0,6.0,1.0,2.0,7.0,1.0,1.0,0.0,3.0
gene_1_117,1.0,1.0,1.0,0.0,0.0,2.0,5.0,3.0,5.0,1.0,2.0,1.0,6.0,6.0,1.0,1.0,1.0,1.0,0.0,1.0,0.0,0.0
gene_1_118,0.0,2.0,2.0,2.0,0.0,1.0,2.0,1.0,2.0,1.0,1.0,1.0,2.0,2.0,0.0,1.0,2.0,2.0,2.0,0.0,2.0,0.0
gene_1_119,3.0,0.0,1.0,1.0,0.0,1.0,0.0,1.0,5.0,2.0,3.0,2.0,1.0,2.0,0.0,6.0,3.0,0.0,2.0,4.0,3.0,3.0
gene_1_120,1.0,2.0,0.0,5.0,1.0,3.0,2.0,1.0,3.0,3.0,2.0,0.0,0.0,2.0,3.0,5.0,1.0,2.0,4.0,2.0,1.0,1.0
gene_1_121,2.0,1.0,5.0,6.0,4.0,3.0,3.0,4.0,3.0,1.0,1.0,3.0,3.0,1.0,0.0,2.0,1.0,2.0,4.0,0.0,0.0,1.0
gene_1_122,3.0,5.0,0.0,3.0,1.0,3.0,0.0,0.0,0.0,1.0,4.0,1.0,1.0,8.0,0.0,5.0,4.0,4.0,2.0,2.0,0.0,2.0
gene_1_123,2.0,0.0,1.0,3.0,3.0,0.0,1.0,3.0,4.0,4.0,3.0,2.0,4.0,1.0,1.0,5.0,0.0,2.0,1.0,2.0,0.0,4.0
gene_1_124,0.0,1.0,2.0,4.0,0.0,3.0,2.0,2.0,0.0,3.0,1.0,3.0,1.0,1.0,3.0,1.0,2.0,4.0,0.0,2.0,9.0,0.0
gene_1_125,2.0,0.0,1.0,2.0,2.0,0.0,1.0,0.0,4.0,1.0,0.0,4.0,4.0,2.0,1.0,6.0,3.0,1.0,3.0,0.0,2.0,3.0
gene_1_126,1.0,6.0,1.0,2.0,3.0,1.0,1.0,3.0,1.0,1.0,1.0,3.0,1.0,2.0,5.0,0.0,1.0,2.0,0.0,0.0,1.0,2.0
gene_1_127,2.0,1.0,4.0,3.0,2.0,4.0,3.0,3.0,12.0,7.0,2.0,9.0,8.0,4.0,6.0,5.0,3.0,13.0,4.0,4.0,3.0,1.0
gene_1_128,7.0,1.0,6.0,6.0,8.0,4.0,3.0,3.0,2.0,4.0,5.0,6.0,4.0,7.0,3.0,2.0,7.0,6.0,3.0,2.0,4.0,4.0
gene_1_129,6.0,2.0,3.0,6.0,2.0,2.0,2.0,2.0,4.0,1.0,2.0,1.0,1.0,4.0,2.0,2.0,1.0,2.0,2.0,3.0,2.0,1.0
gene_1_130,1.0,5.0,4.0,1.0,2.0,1.0,3.0,3.0,2.0,4.0,0.0,5.0,1.0,2.0,5.0,2.0,3.0,3.0,5.0,4.0,2.0,2.0
gene_1_131,1.0,1.0,1.0,2.0,1.0,1.0,0.0,0.0,2.0,1.0,1.0,0.0,1.0,1.0,5.0,2.0,3.0,4.0,4.0,5.0,6.0,2.0
gene_1_132,1.0,1.0,0.0,1.0,0.0,2.0,0.0,3.0,1.0,4.0,3.0,0.0,2.0,1.0,2.0,2.0,2.0,0.0,1.0,1.0,0.0,1.0
gene_1_133,1.0,1.0,2.0,3.0,3.0,4.0,0.0,6.0,0.0,2.0,4.0,2.0,3.0,0.0,1.0,4.0,2.0,1.0,2.0,4.0,3.0,2.0
gene_1_134,0.0,2.0,0.0,0.0,1.0,9.0,2.0,1.0,3.0,2.0,2.0,6.0,4.0,4.0,4.0,6.0,4.0,6.0,2.0,2.0,0.0,3.0
gene_1_135,0.0,2.0,0.0,1.0,5.0,3.0,8.0,6.0,8.0,6.0,3.0,2.0,11.0,3.0,8.0,10.0,2.0,8.0,3.0,6.0,4.0,1.0
gene_1_136,4.0,8.0,8.0,9.0,5.0,5.0,5.0,11.0,2.0,7.0,2.0,5.0,8.0,10.0,6.0,5.0,2.0,6.0,6.0,5.0,5.0,5.0
gene_1_137,1.0,0.0,2.0,2.0,3.0,0.0,1.0,3.0,3.0,3.0,1.0,3.0,4.0,4.0,5.0,1.0,10.0,3.0,1.0,1.0,3.0,5.0
gene_1_138,2.0,2.0,0.0,1.0,2.0,0.0,4.0,5.0,0.0,2.0,4.0,2.0,3.0,2.0,2.0,2.0,1.0,2.0,1.0,2.0,1.0,2.0
gene_1_139,0.0,2.0,4.0,1.0,2.0,7.0,5.0,4.0,3.0,8.0,5.0,4.0,2.0,5.0,4.0,2.0,2.0,3.0,2.0,0.0,0.0,0.0
gene_1_140,5.0,2.0,0.0,4.0,2.0,2.0,3.0,3.0,4.0,5.0,4.0,1.0,3.0,2.0,2.0,0.0,4.0,2.0,2.0,4.0,7.0,1.0
gene_1_141,0.0,2.0,2.0,0.0,1.0,1.0,2.0,1.0,2.0,1.0,3.0,1.0,5.0,4.0,2.0,2.0,2.0,5.0,4.0,4.0,3.0,6.0
gene_1_142,8.0,1.0,1.0,4.0,1.0,3.0,3.0,3.0,2.0,3.0,3.0,2.0,1.0,2.0,2.0,2.0,1.0,5.0,0.0,1.0,5.0,4.0
gene_1_143,1.0,0.0,2.0,1.0,1.0,0.0,1.0,2.0,3.0,0.0,0.0,0.0,1.0,0.0,0.0,1.0,0.0,1.0,1.0,1.0,0.0,3.0
gene_1_144,1.0,2.0,1.0,0.0,0.0,2.0,2.0,2.0,0.0,1.0,2.0,0.0,1.0,3.0,0.0,0.0,0.0,4.0,2.0,0.0,0.0,1.0
gene_1_145,5.0,2.0,1.0,4.0,2.0,2.0,0.0,7.0,2.0,4.0,1.0,3.0,0.0,2.0,2.0,2.0,0.0,1.0,0.0,3.0,1.0,0.0
gene_1_146,0.0,4.0,1.0,1.0,4.0,2.0,1.0,4.0,0.0,2.0,2.0,1.0,2.0,1.0,3.0,2.0,1.0,1.0,3.0,1.0,3.0,2.0
gene_1_147,15.0,3.0,5.0,5.0,0.0,5.0,8.0,6.0,2.0,5.0,1.0,3.0,1.0,2.0,0.0,4.0,3.0,1.0,1.0,3.0,1.0,1.0
gene_1_148,2.0,5.0,3.0,3.0,3.0,7.0,2.0,6.0,7.0,7.0,5.0,4.0,2.0,2.0,7.0,1.0,2.0,3.0,1.0,4.0,4.0,3.0
gene_1_149,2.0,0.0,2.0,0.0,1.0,0.0,0.0,2.0,2.0,1.0,0.0,1.0,0.0,1.0,0.0,0.0,0.0,1.0,1.0,2.0,0.0,1.0
gene_1_150,0.0,1.0,0.0,3.0,0.0,2.0,1.0,1.0,2.0,1.0,1.0,0.0,0.0,1.0,1.0,1.0,2.0,0.0,0.0,0.0,0.0,0.0
gene_1_151,1.0,0.0,1.0,0.0,0.0,0.0,0.0,0.0,1.0,0.0,0.0,2.0,0.0,0.0,0.0,1.0,3.0,2.0,1.0,3.0,2.0,5.0
gene_1_152,0.0,0.0,1.0,2.0,1.0,0.0,1.0,2.0,0.0,2.0,2.0,1.0,1.0,2.0,0.0,0.0,0.0,0.0,0.0,0.0,1.0,1.0
gene_1_153,0.0,1.0,1.0,0.0,1.0,2.0,2.0,4.0,4.0,2.0,0.0,8.0,4.0,3.0,2.0,1.0,0.0,1.0,3.0,1.0,0.0,0.0
gene_1_154,2.0,0.0,1.0,0.0,0.0,0.0,1.0,3.0,0.0,2.0,2.0,2.0,0.0,1.0,2.0,3.0,1.0,2.0,1.0,3.0,1.0,0.0
gene_1_155,2.0,0.0,2.0,0.0,0.0,0.0,1.0,1.0,2.0,0.0,1.0,0.0,3.0,1.0,1.0,1.0,2.0,3.0,5.0,2.0,6.0,6.0
gene_1_156,1.0,3.0,2.0,2.0,2.0,1.0,1.0,0.0,1.0,5.0,1.0,2.0,4.0,2.0,1.0,1.0,2.0,1.0,1.0,4.0,1.0,3.0
gene_1_157,2.0,1.0,0.0,0.0,0.0,2.0,0.0,0.0,2.0,4.0,1.0,1.0,0.0,2.0,0.0,1.0,2.0,3.0,6.0,1.0,0.0,6.0
gene_1_158,1.0,1.0,0.0,1.0,3.0,1.0,6.0,0.0,1.0,1.0,4.0,1.0,1.0,3.0,2.0,2.0,0.0,4.0,2.0,0.0,0.0,1.0
gene_1_159,6.0,2.0,1.0,3.0,2.0,4.0,3.0,1.0,2.0,2.0,0.0,3.0,3.0,4.0,2.0,2.0,2.0,3.0,0.0,1.0,3.0,1.0
gene_1_160,2.0,0.0,1.0,1.0,0.0,0.0,5.0,4.0,1.0,3.0,2.0,1.0,2.0,2.0,2.0,0.0,1.0,2.0,1.0,0.0,1.0,2.0
gene_1_161,2.0,4.0,0.0,1.0,1.0,5.0,2.0,0.0,2.0,5.0,3.0,2.0,0.0,2.0,2.0,0.0,2.0,2.0,1.0,1.0,0.0,1.0
gene_1_162,1.0,3.0,3.0,2.0,2.0,0.0,3.0,4.0,3.0,0.0,2.0,3.0,2.0,3.0,4.0,3.0,0.0,2.0,0.0,0.0,5.0,4.0
gene_1_163,2.0,2.0,14.0,5.0,4.0,9.0,4.0,9.0,6.0,9.0,6.0,6.0,5.0,3.0,6.0,2.0,3.0,1.0,4.0,3.0,2.0,0.0
gene_1_164,6.0,3.0,5.0,3.0,4.0,4.0,3.0,7.0,4.0,7.0,13.0,4.0,8.0,8.0,10.0,6.0,7.0,2.0,6.0,4.0,3.0,7.0
gene_1_165,5.0,3.0,2.0,2.0,2.0,3.0,6.0,9.0,5.0,3.0,5.0,3.0,5.0,6.0,5.0,1.0,1.0,2.0,1.0,1.0,3.0,5.0
gene_1_166,5.0,2.0,4.0,1.0,0.0,1.0,9.0,0.0,7.0,3.0,7.0,1.0,0.0,1.0,1.0,2.0,2.0,5.0,1.0,2.0,3.0,4.0
gene_1_167,1.0,5.0,0.0,1.0,1.0,2.0,5.0,1.0,1.0,3.0,2.0,2.0,1.0,1.0,1.0,2.0,0.0,2.0,0.0,3.0,2.0,5.0
gene_1_168,0.0,1.0,1.0,3.0,1.0,0.0,2.0,0.0,1.0,4.0,0.0,0.0,1.0,0.0,3.0,0.0,0.0,2.0,2.0,1.0,2.0,1.0
gene_1_169,3.0,2.0,1.0,5.0,2.0,0.0,4.0,1.0,0.0,2.0,3.0,2.0,3.0,0.0,0.0,0.0,1.0,1.0,0.0,4.0,0.0,0.0
gene_1_170,4.0,1.0,1.0,1.0,0.0,1.0,0.0,2.0,4.0,0.0,2.0,0.0,3.0,1.0,2.0,2.0,1.0,0.0,0.0,0.0,2.0,3.0
gene_1_171,5.0,4.0,4.0,7.0,6.0,2.0,3.0,4.0,2.0,1.0,1.0,0.0,3.0,0.0,4.0,0.0,0.0,1.0,3.0,1.0,3.0,1.0
gene_1_172,4.0,4.0,2.0,1.0,3.0,1.0,4.0,1.0,3.0,5.0,1.0,2.0,0.0,3.0,2.0,2.0,4.0,4.0,6.0,2.0,2.0,2.0
gene_1_173,4.0,2.0,3.0,1.0,1.0,2.0,0.0,4.0,0.0,0.0,1.0,0.0,2.0,4.0,0.0,1.0,2.0,0.0,1.0,0.0,1.0,4.0
gene_1_174,2.0,0.0,3.0,4.0,1.0,3.0,0.0,3.0,0.0,5.0,2.0,0.0,2.0,1.0,2.0,0.0,0.0,2.0,4.0,3.0,2.0,0.0
gene_1_175,2.0,3.0,0.0,2.0,3.0,5.0,2.0,2.0,1.0,2.0,2.0,2.0,0.0,4.0,3.0,3.0,5.0,2.0,10.0,4.0,6.0,4.0
gene_1_176,2.0,4.0,4.0,6.0,5.0,2.0,2.0,0.0,6.0,3.0,4.0,3.0,8.0,4.0,1.0,3.0,4.0,4.0,0.0,4.0,4.0,4.0
gene_1_177,2.0,2.0,0.0,2.0,3.0,0.0,0.0,1.0,2.0,3.0,2.0,1.0,3.0,2.0,1.0,1.0,6.0,7.0,3.0,6.0,6.0,4.0
gene_1_178,3.0,0.0,1.0,0.0,0.0,3.0,0.0,1.0,3.0,0.0,1.0,1.0,0.0,1.0,0.0,1.0,1.0,1.0,1.0,2.0,1.0,2.0
gene_1_179,0.0,0.0,0.0,3.0,1.0,1.0,2.0,3.0,3.0,4.0,3.0,3.0,2.0,3.0,2.0,4.0,2.0,2.0,5.0,5.0,4.0,6.0
gene_1_180,1.0,3.0,0.0,2.0,2.0,3.0,4.0,3.0,2.0,2.0,3.0,1.0,3.0,6.0,2.0,1.0,5.0,8.0,2.0,2.0,3.0,2.0
gene_1_181,1.0,3.0,7.0,1.0,2.0,1.0,1.0,3.0,2.0,0.0,1.0,1.0,2.0,0.0,1.0,1.0,0.0,3.0,0.0,3.0,2.0,1.0
gene_1_182,1.0,0.0,3.0,1.0,0.0,2.0,0.0,1.0,2.0,0.0,0.0,0.0,3.0,0.0,0.0,0.0,2.0,0.0,1.0,0.0,0.0,2.0
gene_1_183,4.0,6.0,5.0,7.0,7.0,10.0,9.0,7.0,7.0,16.0,10.0,11.0,17.0,6.0,4.0,5.0,3.0,1.0,2.0,1.0,3.0,4.0
gene_1_184,1.0,1.0,8.0,0.0,6.0,5.0,6.0,3.0,11.0,7.0,6.0,4.0,6.0,7.0,2.0,10.0,5.0,8.0,6.0,10.0,3.0,5.0
gene_1_185,2.0,2.0,2.0,2.0,0.0,5.0,1.0,1.0,1.0,1.0,0.0,1.0,0.0,0.0,1.0,0.0,0.0,0.0,4.0,2.0,2.0,3.0
gene_1_186,0.0,1.0,2.0,2.0,0.0,5.0,1.0,5.0,1.0,2.0,0.0,0.0,0.0,3.0,0.0,1.0,0.0,0.0,2.0,1.0,2.0,4.0
gene_1_187,2.0,0.0,1.0,3.0,0.0,2.0,3.0,2.0,1.0,2.0,1.0,1.0,0.0,2.0,2.0,2.0,0.0,1.0,1.0,0.0,0.0,0.0
gene_1_188,3.0,0.0,1.0,0.0,0.0,5.0,0.0,1.0,0.0,2.0,0.0,4.0,2.0,2.0,0.0,1.0,2.0,0.0,2.0,0.0,3.0,1.0
gene_1_189,0.0,0.0,1.0,0.0,0.0,0.0,2.0,1.0,0.0,1.0,2.0,1.0,1.0,2.0,0.0,1.0,3.0,2.0,4.0,3.0,3.0,2.0
gene_1_190,2.0,1.0,0.0,1.0,0.0,2.0,1.0,1.0,1.0,1.0,2.0,1.0,2.0,1.0,0.0,1.0,0.0,2.0,0.0,1.0,0.0,3.0
gene_1_191,3.0,10.0,6.0,6.0,4.0,3.0,12.0,3.0,3.0,4.0,6.0,5.0,5.0,7.0,5.0,4.0,3.0,4.0,4.0,2.0,2.0,0.0
gene_1_192,6.0,5.0,3.0,4.0,5.0,5.0,5.0,5.0,4.0,5.0,3.0,6.0,6.0,6.0,1.0,3.0,2.0,2.0,1.0,2.0,2.0,1.0
gene_1_193,0.0,1.0,3.0,2.0,4.0,2.0,3.0,3.0,1.0,0.0,1.0,2.0,0.0,0.0,0.0,1.0,1.0,2.0,2.0,1.0,2.0,0.0
gene_1_194,2.0,3.0,2.0,2.0,2.0,0.0,0.0,1.0,2.0,0.0,3.0,4.0,0.0,2.0,1.0,2.0,3.0,2.0,1.0,2.0,0.0,2.0
gene_1_195,2.0,1.0,1.0,1.0,1.0,1.0,3.0,0.0,0.0,0.0,2.0,2.0,2.0,2.0,0.0,2.0,1.0,8.0,2.0,3.0,1.0,3.0
gene_1_196,3.0,1.0,0.0,3.0,2.0,0.0,2.0,4.0,0.0,1.0,0.0,4.0,1.0,2.0,2.0,2.0,2.0,0.0,1.0,3.0,3.0,4.0
gene_1_197,5.0,4.0,1.0,2.0,1.0,3.0,2.0,6.0,1.0,4.0,3.0,1.0,1.0,0.0,0.0,6.0,1.0,3.0,0.0,1.0,1.0,0.0
gene_1_198,0.0,2.0,3.0,1.0,2.0,3.0,1.0,2.0,2.0,3.0,1.0,0.0,2.0,1.0,0.0,3.0,2.0,4.0,0.0,4.0,1.0,4.0
gene_1_199,0.0,3.0,0.0,1.0,5.0,2.0,2.0,2.0,0.0,0.0,1.0,1.0,1.0,1.0,0.0,0.0,0.0,2.0,1.0,0.0,1.0,0.0
gene_1_200,1.0,0.0,0.0,0.0,0.0,0.0,0.0,0.0,0.0,2.0,1.0,0.0,0.0,1.0,1.0,1.0,1.0,2.0,0.0,1.0,1.0,1.0
gene_1_201,1.0,3.0,3.0,6.0,1.0,4.0,5.0,7.0,4.0,2.0,3.0,6.0,4.0,4.0,2.0,1.0,5.0,5.0,3.0,5.0,2.0,2.0
gene_1_202,5.0,3.0,3.0,4.0,0.0,0.0,1.0,2.0,2.0,4.0,2.0,2.0,4.0,0.0,4.0,5.0,3.0,4.0,3.0,6.0,4.0,3.0
gene_1_203,5.0,1.0,4.0,1.0,3.0,4.0,5.0,6.0,6.0,5.0,7.0,8.0,10.0,12.0,6.0,2.0,5.0,10.0,11.0,6.0,6.0,4.0
gene_1_204,11.0,5.0,5.0,5.0,1.0,3.0,7.0,10.0,8.0,3.0,3.0,3.0,6.0,6.0,5.0,8.0,5.0,8.0,6.0,10.0,9.0,7.0
gene_1_205,0.0,0.0,0.0,1.0,2.0,2.0,2.0,4.0,2.0,1.0,4.0,5.0,3.0,1.0,0.0,0.0,0.0,5.0,1.0,1.0,0.0,0.0
gene_1_206,2.0,1.0,2.0,2.0,0.0,0.0,1.0,3.0,3.0,1.0,1.0,3.0,0.0,1.0,1.0,2.0,3.0,1.0,0.0,3.0,2.0,0.0
gene_1_207,13.0,3.0,5.0,7.0,7.0,5.0,11.0,8.0,7.0,10.0,8.0,2.0,7.0,7.0,5.0,2.0,4.0,0.0,4.0,5.0,2.0,1.0
gene_1_208,4.0,8.0,6.0,7.0,1.0,4.0,2.0,10.0,5.0,6.0,4.0,1.0,6.0,2.0,5.0,5.0,3.0,5.0,8.0,5.0,4.0,2.0
gene_1_209,3.0,6.0,0.0,6.0,3.0,2.0,2.0,3.0,3.0,1.0,2.0,3.0,4.0,1.0,1.0,0.0,1.0,2.0,1.0,0.0,1.0,1.0
gene_1_210,0.0,3.0,0.0,1.0,4.0,2.0,3.0,2.0,4.0,4.0,8.0,0.0,2.0,2.0,0.0,0.0,1.0,3.0,2.0,2.0,3.0,3.0
gene_1_211,1.0,4.0,3.0,1.0,2.0,2.0,0.0,3.0,1.0,0.0,4.0,1.0,1.0,4.0,5.0,1.0,1.0,1.0,1.0,1.0,2.0,5.0
gene_1_212,2.0,4.0,0.0,1.0,2.0,0.0,7.0,2.0,3.0,0.0,2.0,0.0,2.0,1.0,2.0,0.0,0.0,2.0,0.0,4.0,3.0,1.0
gene_1_213,2.0,1.0,1.0,0.0,1.0,1.0,0.0,0.0,3.0,1.0,3.0,2.0,5.0,0.0,3.0,8.0,4.0,6.0,2.0,5.0,1.0,6.0
gene_1_214,0.0,4.0,1.0,1.0,2.0,0.0,5.0,0.0,2.0,2.0,3.0,3.0,2.0,1.0,0.0,1.0,2.0,0.0,3.0,0.0,1.0,3.0
gene_1_215,1.0,3.0,6.0,2.0,3.0,2.0,3.0,4.0,3.0,2.0,2.0,0.0,1.0,6.0,1.0,1.0,2.0,3.0,3.0,4.0,1.0,1.0
gene_1_216,1.0,2.0,0.0,0.0,5.0,0.0,5.0,6.0,3.0,3.0,2.0,6.0,4.0,2.0,4.0,4.0,2.0,5.0,4.0,3.0,4.0,9.0
gene_1_217,2.0,0.0,2.0,3.0,3.0,4.0,2.0,0.0,1.0,3.0,3.0,3.0,6.0,2.0,4.0,0.0,4.0,2.0,5.0,1.0,1.0,2.0
gene_1_218,3.0,0.0,5.0,2.0,5.0,5.0,2.0,2.0,4.0,2.0,2.0,2.0,3.0,3.0,6.0,1.0,0.0,2.0,1.0,1.0,4.0,3.0
gene_1_219,2.0,1.0,2.0,9.0,2.0,2.0,5.0,4.0,3.0,1.0,6.0,3.0,3.0,6.0,3.0,2.0,2.0,1.0,0.0,0.0,0.0,0.0
gene_1_220,7.0,3.0,2.0,1.0,2.0,1.0,1.0,1.0,3.0,1.0,1.0,4.0,5.0,4.0,4.0,1.0,3.0,5.0,1.0,0.0,1.0,3.0
gene_1_221,1.0,0.0,1.0,0.0,1.0,0.0,1.0,1.0,1.0,2.0,1.0,3.0,2.0,1.0,3.0,3.0,3.0,3.0,2.0,1.0,3.0,3.0
gene_1_222,1.0,0.0,2.0,0.0,3.0,0.0,2.0,1.0,2.0,5.0,1.0,1.0,3.0,3.0,3.0,3.0,1.0,1.0,1.0,0.0,0.0,0.0
gene_1_223,3.0,1.0,0.0,1.0,3.0,0.0,4.0,2.0,2.0,2.0,0.0,1.0,1.0,1.0,2.0,2.0,2.0,1.0,1.0,1.0,2.0,3.0
gene_1_224,1.0,0.0,1.0,1.0,1.0,2.0,1.0,1.0,3.0,2.0,3.0,1.0,1.0,0.0,4.0,2.0,1.0,2.0,1.0,2.0,3.0,3.0
gene_1_225,0.0,1.0,1.0,2.0,2.0,3.0,2.0,2.0,1.0,4.0,2.0,2.0,3.0,5.0,6.0,2.0,3.0,2.0,0.0,2.0,3.0,6.0
gene_1_226,2.0,1.0,2.0,1.0,1.0,3.0,0.0,0.0,2.0,2.0,1.0,3.0,3.0,2.0,2.0,2.0,2.0,2.0,2.0,2.0,2.0,1.0
gene_1_227,4.0,2.0,1.0,5.0,3.0,2.0,4.0,6.0,6.0,1.0,4.0,1.0,4.0,3.0,4.0,3.0,4.0,5.0,3.0,3.0,0.0,4.0
gene_1_228,6.0,6.0,3.0,2.0,4.0,1.0,0.0,4.0,6.0,2.0,9.0,0.0,2.0,5.0,4.0,4.0,7.0,3.0,5.0,4.0,11.0,4.0
gene_1_229,3.0,2.0,0.0,3.0,1.0,0.0,2.0,0.0,1.0,0.0,1.0,2.0,1.0,0.0,0.0,2.0,0.0,1.0,1.0,1.0,1.0,0.0
gene_1_230,0.0,0.0,0.0,0.0,1.0,1.0,1.0,1.0,1.0,2.0,1.0,0.0,1.0,1.0,1.0,0.0,2.0,2.0,1.0,1.0,1.0,1.0
gene_1_231,1.0,1.0,3.0,2.0,1.0,3.0,1.0,4.0,0.0,1.0,2.0,2.0,1.0,2.0,0.0,0.0,1.0,3.0,3.0,2.0,2.0,0.0
gene_1_232,3.0,2.0,3.0,3.0,2.0,5.0,4.0,1.0,6.0,3.0,2.0,0.0,3.0,3.0,2.0,2.0,2.0,1.0,4.0,2.0,3.0,0.0
gene_1_233,0.0,5.0,7.0,6.0,1.0,4.0,3.0,3.0,1.0,5.0,1.0,0.0,0.0,4.0,1.0,3.0,0.0,2.0,1.0,2.0,1.0,1.0
gene_1_234,3.0,2.0,2.0,2.0,1.0,1.0,4.0,1.0,0.0,4.0,1.0,1.0,1.0,1.0,3.0,1.0,0.0,3.0,4.0,2.0,1.0,1.0
gene_1_235,1.0,4.0,0.0,1.0,5.0,0.0,1.0,1.0,1.0,3.0,1.0,0.0,1.0,2.0,1.0,1.0,1.0,3.0,1.0,2.0,1.0,0.0
gene_1_236,4.0,0.0,2.0,1.0,1.0,4.0,0.0,1.0,3.0,1.0,2.0,0.0,1.0,2.0,0.0,0.0,1.0,2.0,0.0,2.0,1.0,0.0
gene_1_237,3.0,6.0,3.0,1.0,5.0,3.0,1.0,2.0,1.0,2.0,2.0,4.0,3.0,4.0,7.0,4.0,3.0,6.0,7.0,3.0,5.0,8.0
gene_1_238,5.0,2.0,6.0,1.0,5.0,3.0,3.0,2.0,3.0,2.0,1.0,2.0,5.0,5.0,0.0,3.0,3.0,1.0,4.0,4.0,1.0,1.0
gene_1_239,0.0,3.0,2.0,4.0,2.0,2.0,1.0,1.0,4.0,1.0,1.0,3.0,2.0,1.0,1.0,0.0,3.0,4.0,0.0,1.0,2.0,0.0
gene_1_240,3.0,2.0,4.0,2.0,4.0,1.0,1.0,1.0,1.0,0.0,1.0,0.0,2.0,1.0,0.0,2.0,0.0,7.0,2.0,2.0,2.0,2.0
gene_1_241,3.0,3.0,4.0,3.0,4.0,5.0,3.0,4.0,5.0,2.0,2.0,4.0,2.0,1.0,3.0,1.0,1.0,3.0,0.0,2.0,0.0,2.0
gene_1_242,2.0,6.0,5.0,2.0,2.0,1.0,2.0,4.0,4.0,0.0,3.0,1.0,1.0,1.0,5.0,4.0,3.0,2.0,3.0,4.0,7.0,5.0
gene_1_243,4.0,4.0,2.0,5.0,3.0,5.0,4.0,4.0,0.0,1.0,6.0,2.0,4.0,4.0,5.0,2.0,6.0,6.0,7.0,6.0,12.0,9.0
gene_1_244,4.0,4.0,4.0,3.0,3.0,3.0,3.0,2.0,3.0,2.0,6.0,5.0,3.0,7.0,3.0,0.0,3.0,1.0,3.0,2.0,4.0,4.0
gene_1_245,1.0,1.0,2.0,1.0,1.0,1.0,2.0,2.0,1.0,2.0,3.0,3.0,2.0,1.0,1.0,2.0,0.0,3.0,1.0,1.0,0.0,1.0
gene_1_246,0.0,5.0,1.0,3.0,0.0,0.0,1.0,1.0,1.0,2.0,0.0,1.0,0.0,4.0,1.0,0.0,0.0,1.0,2.0,2.0,4.0,0.0
gene_1_247,1.0,1.0,2.0,1.0,2.0,0.0,2.0,0.0,1.0,0.0,0.0,0.0,1.0,1.0,2.0,0.0,1.0,2.0,1.0,1.0,2.0,0.0
gene_1_248,2.0,1.0,1.0,1.0,2.0,0.0,2.0,0.0,0.0,0.0,1.0,3.0,3.0,1.0,0.0,1.0,3.0,0.0,0.0,0.0,2.0,2.0
gene_1_249,0.0,6.0,1.0,1.0,4.0,1.0,7.0,1.0,5.0,5.0,2.0,1.0,0.0,3.0,2.0,2.0,2.0,0.0,1.0,0.0,0.0,3.0
gene_1_250,0.0,2.0,2.0,1.0,0.0,1.0,4.0,1.0,1.0,1.0,2.0,3.0,1.0,1.0,0.0,0.0,1.0,2.0,2.0,2.0,1.0,1.0
gene_1_251,11.0,5.0,3.0,3.0,4.0,6.0,0.0,3.0,2.0,2.0,1.0,0.0,1.0,0.0,2.0,1.0,5.0,2.0,3.0,1.0,0.0,0.0
gene_1_252,4.0,5.0,2.0,4.0,2.0,1.0,2.0,1.0,3.0,1.0,0.0,3.0,0.0,0.0,1.0,2.0,1.0,4.0,1.0,0.0,0.0,1.0
gene_1_253,2.0,1.0,1.0,1.0,1.0,0.0,1.0,1.0,1.0,1.0,2.0,1.0,1.0,2.0,2.0,5.0,8.0,5.0,0.0,4.0,2.0,1.0
gene_1_254,0.0,2.0,0.0,0.0,2.0,1.0,2.0,0.0,2.0,0.0,3.0,3.0,1.0,2.0,1.0,1.0,1.0,4.0,1.0,1.0,2.0,0.0
gene_1_255,2.0,1.0,0.0,0.0,0.0,3.0,1.0,0.0,3.0,0.0,1.0,2.0,2.0,5.0,4.0,0.0,1.0,1.0,2.0,1.0,0.0,3.0
gene_1_256,0.0,1.0,0.0,2.0,0.0,1.0,0.0,1.0,1.0,1.0,0.0,0.0,1.0,0.0,0.0,1.0,2.0,0.0,3.0,1.0,0.0,0.0
gene_1_257,0.0,4.0,0.0,1.0,1.0,0.0,0.0,3.0,0.0,0.0,4.0,2.0,0.0,0.0,1.0,3.0,1.0,2.0,3.0,3.0,2.0,5.0
gene_1_258,1.0,0.0,1.0,2.0,3.0,2.0,2.0,4.0,2.0,2.0,1.0,1.0,1.0,0.0,2.0,1.0,2.0,2.0,2.0,0.0,0.0,1.0
gene_1_259,1.0,1.0,4.0,0.0,6.0,1.0,5.0,3.0,8.0,5.0,9.0,8.0,5.0,6.0,10.0,3.0,3.0,2.0,3.0,2.0,0.0,0.0
gene_1_260,2.0,2.0,5.0,5.0,1.0,3.0,4.0,5.0,0.0,1.0,3.0,2.0,3.0,4.0,3.0,2.0,6.0,4.0,5.0,4.0,4.0,4.0
gene_1_261,5.0,1.0,4.0,3.0,2.0,2.0,3.0,3.0,3.0,4.0,1.0,2.0,3.0,0.0,3.0,1.0,2.0,0.0,1.0,1.0,0.0,2.0
gene_1_262,1.0,3.0,1.0,5.0,2.0,4.0,0.0,1.0,5.0,2.0,3.0,1.0,1.0,5.0,2.0,5.0,5.0,3.0,3.0,2.0,9.0,3.0
gene_1_263,8.0,5.0,3.0,1.0,2.0,1.0,0.0,1.0,2.0,1.0,0.0,0.0,1.0,0.0,3.0,2.0,2.0,3.0,1.0,0.0,5.0,3.0
gene_1_264,2.0,2.0,1.0,0.0,2.0,3.0,3.0,2.0,2.0,0.0,2.0,1.0,0.0,3.0,1.0,3.0,4.0,1.0,0.0,4.0,0.0,2.0
gene_1_265,0.0,1.0,3.0,1.0,5.0,1.0,3.0,4.0,3.0,3.0,1.0,3.0,3.0,3.0,7.0,3.0,3.0,3.0,1.0,1.0,2.0,1.0
gene_1_266,4.0,2.0,2.0,1.0,2.0,1.0,2.0,0.0,3.0,0.0,4.0,4.0,2.0,4.0,3.0,1.0,4.0,0.0,2.0,1.0,2.0,3.0
gene_1_267,5.0,4.0,2.0,7.0,2.0,2.0,3.0,2.0,0.0,1.0,3.0,3.0,5.0,1.0,1.0,2.0,3.0,4.0,2.0,0.0,4.0,7.0
gene_1_268,3.0,3.0,3.0,0.0,3.0,3.0,6.0,0.0,0.0,2.0,1.0,3.0,0.0,3.0,5.0,2.0,2.0,2.0,1.0,5.0,2.0,3.0
gene_1_269,3.0,5.0,3.0,0.0,2.0,2.0,4.0,3.0,3.0,4.0,0.0,0.0,2.0,3.0,0.0,5.0,1.0,5.0,1.0,0.0,2.0,1.0
gene_1_270,5.0,4.0,3.0,4.0,3.0,3.0,2.0,2.0,1.0,2.0,0.0,5.0,0.0,2.0,5.0,2.0,2.0,6.0,3.0,3.0,1.0,5.0
gene_1_271,3.0,2.0,2.0,1.0,0.0,1.0,2.0,1.0,1.0,2.0,0.0,1.0,0.0,0.0,1.0,1.0,1.0,2.0,1.0,0.0,1.0,0.0
gene_1_272,0.0,1.0,2.0,0.0,3.0,0.0,2.0,3.0,1.0,1.0,3.0,0.0,3.0,1.0,0.0,0.0,1.0,0.0,1.0,2.0,2.0,0.0
gene_1_273,4.0,1.0,2.0,6.0,2.0,2.0,3.0,3.0,3.0,5.0,3.0,2.0,2.0,1.0,1.0,2.0,0.0,1.0,0.0,1.0,0.0,0.0
gene_1_274,0.0,2.0,4.0,1.0,4.0,2.0,1.0,1.0,4.0,4.0,4.0,2.0,4.0,1.0,4.0,3.0,5.0,1.0,0.0,7.0,1.0,0.0
gene_1_275,5.0,4.0,4.0,6.0,4.0,2.0,3.0,1.0,2.0,2.0,3.0,3.0,3.0,1.0,0.0,2.0,0.0,0.0,3.0,0.0,1.0,0.0
gene_1_276,1.0,0.0,0.0,1.0,3.0,0.0,1.0,1.0,2.0,4.0,4.0,1.0,0.0,3.0,2.0,1.0,1.0,3.0,6.0,3.0,0.0,2.0
gene_1_277,3.0,2.0,2.0,3.0,0.0,1.0,1.0,3.0,3.0,5.0,1.0,4.0,5.0,4.0,2.0,3.0,5.0,6.0,0.0,1.0,1.0,5.0
gene_1_278,4.0,4.0,4.0,5.0,3.0,4.0,6.0,2.0,3.0,0.0,0.0,3.0,2.0,4.0,1.0,5.0,6.0,3.0,2.0,2.0,4.0,3.0
gene_1_279,1.0,3.0,2.0,1.0,0.0,7.0,2.0,4.0,3.0,0.0,3.0,1.0,1.0,2.0,1.0,5.0,1.0,0.0,3.0,3.0,2.0,3.0
gene_1_280,1.0,2.0,0.0,0.0,1.0,0.0,1.0,1.0,0.0,4.0,1.0,0.0,2.0,2.0,1.0,1.0,1.0,3.0,0.0,0.0,1.0,3.0
gene_1_281,2.0,3.0,1.0,4.0,2.0,1.0,0.0,0.0,2.0,0.0,1.0,0.0,1.0,0.0,0.0,4.0,0.0,0.0,0.0,1.0,1.0,1.0
gene_1_282,0.0,1.0,2.0,0.0,2.0,0.0,2.0,1.0,2.0,2.0,1.0,2.0,3.0,1.0,0.0,2.0,1.0,0.0,1.0,2.0,1.0,0.0
gene_1_283,6.0,8.0,5.0,4.0,2.0,10.0,9.0,2.0,5.0,8.0,4.0,0.0,2.0,6.0,2.0,2.0,0.0,2.0,2.0,1.0,2.0,2.0
gene_1_284,3.0,5.0,4.0,5.0,3.0,3.0,1.0,1.0,2.0,3.0,1.0,2.0,4.0,8.0,2.0,4.0,8.0,1.0,4.0,8.0,4.0,2.0
gene_1_285,2.0,7.0,2.0,5.0,4.0,2.0,0.0,2.0,1.0,1.0,3.0,1.0,1.0,1.0,0.0,1.0,1.0,1.0,2.0,2.0,1.0,2.0
gene_1_286,2.0,1.0,0.0,2.0,2.0,0.0,2.0,1.0,1.0,1.0,0.0,0.0,1.0,0.0,0.0,2.0,1.0,1.0,3.0,1.0,0.0,1.0
gene_1_287,2.0,0.0,0.0,2.0,0.0,2.0,2.0,0.0,0.0,1.0,1.0,2.0,1.0,0.0,2.0,0.0,7.0,1.0,2.0,3.0,2.0,1.0
gene_1_288,2.0,4.0,1.0,2.0,1.0,4.0,1.0,3.0,2.0,3.0,1.0,2.0,3.0,2.0,2.0,4.0,3.0,4.0,4.0,1.0,2.0,1.0
gene_1_289,1.0,5.0,3.0,1.0,1.0,4.0,2.0,5.0,2.0,3.0,4.0,3.0,3.0,0.0,3.0,0.0,4.0,1.0,1.0,2.0,0.0,0.0
gene_1_290,2.0,0.0,2.0,5.0,2.0,3.0,1.0,3.0,3.0,5.0,2.0,4.0,2.0,4.0,1.0,0.0,3.0,3.0,0.0,0.0,3.0,3.0
gene_1_291,3.0,1.0,1.0,1.0,0.0,3.0,1.0,2.0,0.0,1.0,3.0,0.0,1.0,1.0,5.0,1.0,3.0,1.0,0.0,4.0,5.0,7.0
gene_1_292,1.0,0.0,3.0,0.0,2.0,0.0,1.0,3.0,3.0,2.0,0.0,2.0,1.0,1.0,1.0,2.0,3.0,1.0,1.0,1.0,0.0,1.0
gene_1_293,2.0,1.0,0.0,1.0,3.0,0.0,1.0,0.0,2.0,3.0,2.0,2.0,9.0,3.0,8.0,7.0,2.0,1.0,0.0,4.0,2.0,0.0
gene_1_294,4.0,0.0,2.0,2.0,1.0,1.0,0.0,1.0,2.0,2.0,0.0,2.0,1.0,2.0,1.0,1.0,2.0,1.0,2.0,2.0,1.0,0.0
gene_1_295,4.0,2.0,4.0,2.0,2.0,1.0,0.0,0.0,1.0,3.0,2.0,1.0,0.0,2.0,1.0,0.0,4.0,0.0,3.0,2.0,4.0,3.0
gene_1_296,1.0,2.0,1.0,1.0,2.0,3.0,2.0,0.0,1.0,2.0,2.0,3.0,1.0,0.0,1.0,2.0,3.0,3.0,3.0,1.0,1.0,2.0
gene_1_297,0.0,1.0,2.0,3.0,3.0,0.0,3.0,2.0,2.0,5.0,1.0,2.0,2.0,1.0,1.0,1.0,0.0,4.0,0.0,0.0,0.0,2.0
gene_1_298,3.0,1.0,3.0,2.0,1.0,0.0,1.0,4.0,1.0,2.0,2.0,0.0,3.0,1.0,3.0,0.0,0.0,2.0,5.0,3.0,1.0,2.0
gene_1_299,5.0,4.0,6.0,3.0,4.0,6.0,3.0,7.0,4.0,4.0,6.0,8.0,2.0,4.0,5.0,3.0,2.0,6.0,4.0,3.0,3.0,8.0
gene_1_300,2.0,3.0,5.0,4.0,6.0,7.0,3.0,5.0,6.0,2.0,4.0,10.0,8.0,2.0,5.0,2.0,6.0,3.0,2.0,5.0,4.0,2.0
gene_1_301,3.0,2.0,0.0,2.0,0.0,1.0,2.0,0.0,2.0,0.0,2.0,1.0,1.0,1.0,1.0,0.0,0.0,1.0,0.0,0.0,1.0,0.0
gene_1_302,1.0,2.0,0.0,1.0,1.0,0.0,0.0,0.0,2.0,1.0,0.0,1.0,1.0,1.0,1.0,1.0,1.0,2.0,0.0,0.0,1.0,0.0
gene_1_303,2.0,0.0,1.0,0.0,0.0,4.0,2.0,1.0,1.0,0.0,1.0,1.0,1.0,0.0,2.0,1.0,2.0,1.0,1.0,1.0,4.0,5.0
gene_1_304,1.0,3.0,3.0,3.0,0.0,0.0,2.0,2.0,2.0,2.0,1.0,0.0,1.0,1.0,2.0,2.0,2.0,1.0,1.0,1.0,1.0,0.0
gene_1_305,2.0,1.0,2.0,0.0,1.0,1.0,1.0,0.0,2.0,1.0,1.0,1.0,2.0,0.0,3.0,0.0,2.0,1.0,1.0,1.0,1.0,2.0
gene_1_306,5.0,1.0,0.0,0.0,1.0,2.0,1.0,0.0,0.0,0.0,4.0,0.0,2.0,1.0,0.0,3.0,0.0,0.0,2.0,1.0,1.0,1.0
gene_1_307,2.0,3.0,2.0,2.0,4.0,6.0,4.0,1.0,12.0,3.0,6.0,3.0,3.0,3.0,4.0,0.0,2.0,2.0,2.0,2.0,0.0,0.0
gene_1_308,1.0,3.0,1.0,3.0,7.0,4.0,0.0,8.0,3.0,4.0,5.0,6.0,0.0,2.0,5.0,3.0,4.0,3.0,4.0,5.0,6.0,4.0
gene_1_309,1.0,2.0,0.0,1.0,1.0,1.0,2.0,0.0,0.0,0.0,0.0,1.0,0.0,2.0,3.0,1.0,0.0,1.0,2.0,0.0,0.0,2.0
gene_1_310,0.0,1.0,1.0,3.0,0.0,1.0,3.0,1.0,0.0,1.0,2.0,0.0,3.0,2.0,0.0,0.0,2.0,2.0,0.0,0.0,1.0,2.0
gene_1_311,1.0,2.0,0.0,1.0,2.0,0.0,0.0,2.0,1.0,0.0,1.0,2.0,3.0,0.0,6.0,3.0,2.0,1.0,4.0,2.0,2.0,0.0
gene_1_312,2.0,3.0,1.0,2.0,2.0,3.0,3.0,1.0,5.0,3.0,2.0,2.0,2.0,2.0,2.0,3.0,2.0,0.0,0.0,0.0,2.0,0.0
gene_1_313,0.0,0.0,2.0,0.0,1.0,0.0,2.0,0.0,0.0,1.0,5.0,3.0,6.0,0.0,3.0,7.0,2.0,3.0,2.0,4.0,1.0,3.0
gene_1_314,1.0,0.0,2.0,1.0,1.0,1.0,5.0,0.0,2.0,1.0,2.0,1.0,0.0,1.0,0.0,1.0,4.0,3.0,4.0,1.0,2.0,1.0
gene_1_315,1.0,1.0,4.0,3.0,1.0,0.0,2.0,1.0,3.0,1.0,3.0,1.0,1.0,3.0,0.0,0.0,1.0,1.0,1.0,3.0,1.0,2.0
gene_1_316,2.0,3.0,4.0,2.0,2.0,1.0,2.0,1.0,2.0,0.0,0.0,1.0,3.0,1.0,2.0,4.0,1.0,3.0,2.0,0.0,1.0,1.0
gene_1_317,1.0,0.0,1.0,0.0,1.0,1.0,0.0,1.0,4.0,0.0,1.0,0.0,1.0,2.0,0.0,2.0,0.0,2.0,2.0,3.0,3.0,1.0
gene_1_318,0.0,1.0,1.0,0.0,0.0,1.0,2.0,0.0,1.0,2.0,1.0,2.0,1.0,1.0,2.0,1.0,1.0,0.0,0.0,3.0,2.0,1.0
gene_1_319,2.0,5.0,5.0,3.0,2.0,2.0,3.0,0.0,1.0,2.0,3.0,5.0,5.0,0.0,3.0,4.0,1.0,2.0,3.0,4.0,9.0,2.0
gene_1_320,1.0,2.0,2.0,2.0,3.0,8.0,3.0,4.0,2.0,1.0,1.0,2.0,5.0,2.0,3.0,5.0,3.0,3.0,0.0,1.0,4.0,3.0
gene_1_321,2.0,2.0,4.0,0.0,0.0,1.0,0.0,3.0,2.0,2.0,2.0,4.0,0.0,1.0,2.0,2.0,3.0,1.0,1.0,2.0,3.0,1.0
gene_1_322,0.0,2.0,2.0,0.0,0.0,4.0,1.0,0.0,1.0,1.0,3.0,0.0,4.0,4.0,2.0,3.0,3.0,1.0,1.0,2.0,1.0,0.0
gene_1_323,8.0,6.0,3.0,4.0,0.0,4.0,2.0,1.0,0.0,0.0,1.0,1.0,1.0,2.0,1.0,3.0,1.0,0.0,0.0,0.0,0.0,2.0
gene_1_324,1.0,0.0,1.0,2.0,0.0,1.0,2.0,1.0,3.0,3.0,1.0,0.0,4.0,0.0,1.0,4.0,2.0,3.0,0.0,3.0,0.0,4.0
gene_1_325,2.0,1.0,0.0,1.0,0.0,1.0,1.0,3.0,1.0,1.0,5.0,2.0,4.0,5.0,1.0,5.0,1.0,4.0,1.0,2.0,2.0,1.0
gene_1_326,3.0,1.0,2.0,7.0,0.0,4.0,4.0,2.0,4.0,2.0,5.0,6.0,1.0,5.0,0.0,2.0,4.0,2.0,5.0,4.0,5.0,3.0
gene_1_327,2.0,1.0,2.0,4.0,1.0,0.0,1.0,4.0,2.0,4.0,1.0,1.0,1.0,0.0,1.0,2.0,3.0,3.0,2.0,3.0,4.0,6.0
gene_1_328,1.0,1.0,2.0,2.0,2.0,0.0,1.0,0.0,0.0,3.0,2.0,3.0,0.0,1.0,0.0,1.0,0.0,4.0,1.0,2.0,1.0,3.0
gene_1_329,8.0,3.0,2.0,3.0,6.0,3.0,3.0,4.0,0.0,3.0,1.0,1.0,2.0,1.0,0.0,0.0,0.0,4.0,2.0,0.0,5.0,1.0
gene_1_330,0.0,4.0,2.0,0.0,0.0,0.0,0.0,0.0,0.0,0.0,1.0,1.0,2.0,1.0,2.0,1.0,3.0,1.0,2.0,0.0,1.0,0.0
gene_1_331,3.0,1.0,3.0,1.0,4.0,1.0,2.0,5.0,2.0,2.0,4.0,2.0,1.0,3.0,3.0,1.0,5.0,6.0,4.0,4.0,6.0,3.0
gene_1_332,6.0,4.0,3.0,4.0,2.0,4.0,1.0,5.0,4.0,5.0,2.0,0.0,3.0,2.0,2.0,5.0,3.0,5.0,3.0,6.0,3.0,5.0
gene_1_333,0.0,1.0,0.0,2.0,2.0,1.0,1.0,4.0,0.0,3.0,2.0,4.0,3.0,3.0,2.0,1.0,2.0,4.0,5.0,2.0,4.0,1.0
gene_1_334,2.0,0.0,3.0,1.0,3.0,1.0,1.0,1.0,1.0,1.0,4.0,5.0,3.0,1.0,2.0,0.0,3.0,3.0,3.0,3.0,3.0,2.0
gene_1_335,3.0,5.0,2.0,2.0,2.0,1.0,0.0,1.0,2.0,1.0,1.0,2.0,2.0,0.0,1.0,2.0,2.0,1.0,2.0,0.0,0.0,0.0
gene_1_336,0.0,0.0,2.0,4.0,1.0,3.0,1.0,0.0,2.0,2.0,2.0,2.0,0.0,1.0,0.0,1.0,1.0,2.0,1.0,1.0,3.0,1.0
gene_1_337,0.0,3.0,3.0,1.0,1.0,1.0,3.0,4.0,3.0,3.0,1.0,2.0,0.0,5.0,0.0,3.0,1.0,2.0,0.0,1.0,2.0,2.0
gene_1_338,1.0,0.0,6.0,2.0,1.0,2.0,0.0,2.0,1.0,1.0,2.0,0.0,1.0,1.0,1.0,1.0,2.0,0.0,1.0,2.0,2.0,1.0
gene_1_339,6.0,2.0,3.0,1.0,8.0,3.0,2.0,4.0,3.0,4.0,3.0,5.0,4.0,4.0,5.0,8.0,5.0,5.0,4.0,6.0,3.0,9.0
gene_1_340,4.0,2.0,6.0,1.0,6.0,1.0,0.0,2.0,3.0,3.0,1.0,3.0,1.0,1.0,3.0,1.0,2.0,2.0,2.0,2.0,2.0,6.0
gene_1_341,2.0,3.0,0.0,4.0,2.0,6.0,1.0,2.0,5.0,2.0,3.0,1.0,2.0,7.0,2.0,5.0,2.0,3.0,2.0,3.0,0.0,1.0
gene_1_342,5.0,7.0,2.0,3.0,5.0,2.0,0.0,3.0,3.0,1.0,0.0,1.0,3.0,1.0,1.0,1.0,2.0,2.0,5.0,4.0,0.0,1.0
gene_1_343,8.0,6.0,7.0,4.0,1.0,1.0,2.0,6.0,3.0,6.0,3.0,3.0,5.0,2.0,7.0,1.0,1.0,2.0,9.0,6.0,6.0,5.0
gene_1_344,1.0,4.0,2.0,4.0,5.0,9.0,4.0,0.0,0.0,2.0,6.0,3.0,4.0,4.0,1.0,1.0,2.0,6.0,3.0,4.0,6.0,3.0
gene_1_345,0.0,1.0,0.0,2.0,0.0,0.0,0.0,2.0,0.0,2.0,0.0,2.0,1.0,2.0,3.0,2.0,1.0,2.0,1.0,6.0,1.0,0.0
gene_1_346,0.0,1.0,2.0,0.0,0.0,1.0,0.0,6.0,0.0,0.0,2.0,0.0,1.0,2.0,1.0,1.0,0.0,2.0,1.0,0.0,1.0,3.0
gene_1_347,0.0,0.0,0.0,2.0,4.0,2.0,3.0,1.0,0.0,0.0,0.0,0.0,3.0,2.0,0.0,2.0,3.0,2.0,1.0,5.0,2.0,0.0
gene_1_348,1.0,1.0,3.0,2.0,0.0,0.0,1.0,2.0,1.0,0.0,2.0,1.0,2.0,2.0,4.0,1.0,2.0,1.0,1.0,2.0,0.0,0.0
gene_1_349,0.0,4.0,0.0,1.0,3.0,2.0,2.0,4.0,2.0,0.0,1.0,3.0,3.0,0.0,1.0,0.0,3.0,0.0,0.0,2.0,1.0,2.0
gene_1_350,1.0,2.0,3.0,0.0,2.0,1.0,3.0,2.0,0.0,1.0,1.0,1.0,1.0,1.0,0.0,1.0,1.0,2.0,2.0,1.0,0.0,0.0
gene_1_351,5.0,4.0,2.0,0.0,2.0,1.0,1.0,3.0,4.0,1.0,3.0,2.0,1.0,4.0,2.0,2.0,6.0,4.0,3.0,3.0,1.0,8.0
gene_1_352,2.0,0.0,3.0,1.0,2.0,8.0,0.0,1.0,2.0,4.0,5.0,1.0,3.0,4.0,4.0,3.0,1.0,1.0,2.0,0.0,1.0,1.0
gene_1_353,1.0,2.0,1.0,1.0,1.0,1.0,0.0,3.0,0.0,0.0,0.0,0.0,4.0,0.0,1.0,3.0,1.0,3.0,2.0,1.0,2.0,1.0
gene_1_354,0.0,0.0,2.0,0.0,1.0,2.0,3.0,0.0,2.0,0.0,1.0,1.0,1.0,1.0,0.0,1.0,1.0,1.0,2.0,2.0,0.0,0.0
gene_1_355,2.0,5.0,5.0,8.0,2.0,9.0,4.0,10.0,2.0,10.0,4.0,4.0,5.0,8.0,6.0,3.0,4.0,2.0,8.0,5.0,3.0,6.0
gene_1_356,4.0,8.0,5.0,8.0,8.0,9.0,2.0,5.0,4.0,2.0,5.0,9.0,9.0,5.0,11.0,5.0,9.0,4.0,3.0,2.0,3.0,11.0
gene_1_357,6.0,0.0,3.0,3.0,0.0,5.0,4.0,4.0,0.0,5.0,2.0,2.0,1.0,2.0,2.0,1.0,1.0,2.0,0.0,3.0,3.0,4.0
gene_1_358,1.0,0.0,2.0,1.0,1.0,3.0,1.0,1.0,3.0,2.0,0.0,2.0,1.0,3.0,0.0,3.0,1.0,0.0,2.0,2.0,1.0,3.0
gene_1_359,0.0,1.0,1.0,0.0,1.0,0.0,2.0,0.0,1.0,0.0,0.0,1.0,4.0,1.0,3.0,4.0,6.0,3.0,1.0,1.0,5.0,6.0
gene_1_360,6.0,1.0,2.0,2.0,1.0,2.0,6.0,2.0,0.0,4.0,1.0,2.0,3.0,0.0,1.0,1.0,1.0,0.0,4.0,2.0,1.0,3.0
gene_1_361,1.0,1.0,1.0,1.0,1.0,2.0,2.0,2.0,0.0,2.0,4.0,3.0,4.0,0.0,3.0,4.0,2.0,2.0,0.0,1.0,0.0,0.0
gene_1_362,4.0,1.0,1.0,5.0,0.0,0.0,1.0,1.0,0.0,2.0,2.0,0.0,2.0,1.0,6.0,1.0,3.0,0.0,1.0,0.0,4.0,0.0
gene_1_363,4.0,0.0,1.0,2.0,0.0,0.0,1.0,5.0,4.0,3.0,3.0,5.0,6.0,3.0,7.0,2.0,4.0,1.0,3.0,5.0,1.0,2.0
gene_1_364,5.0,1.0,3.0,2.0,7.0,1.0,2.0,0.0,3.0,6.0,1.0,2.0,3.0,3.0,2.0,6.0,2.0,1.0,3.0,2.0,3.0,3.0
gene_1_365,3.0,3.0,0.0,1.0,1.0,4.0,1.0,0.0,0.0,1.0,1.0,1.0,1.0,0.0,2.0,0.0,1.0,0.0,0.0,1.0,1.0,1.0
gene_1_366,1.0,1.0,1.0,0.0,1.0,0.0,1.0,2.0,1.0,0.0,1.0,1.0,1.0,1.0,2.0,0.0,0.0,0.0,2.0,1.0,1.0,1.0
gene_1_367,0.0,1.0,0.0,1.0,1.0,1.0,0.0,1.0,0.0,1.0,0.0,1.0,0.0,2.0,0.0,2.0,3.0,2.0,5.0,4.0,3.0,2.0
gene_1_368,0.0,2.0,2.0,2.0,0.0,1.0,1.0,0.0,0.0,2.0,2.0,0.0,0.0,1.0,1.0,1.0,1.0,0.0,0.0,0.0,1.0,1.0
gene_1_369,3.0,2.0,1.0,0.0,1.0,2.0,0.0,3.0,1.0,0.0,2.0,0.0,1.0,0.0,0.0,0.0,2.0,1.0,0.0,0.0,0.0,0.0
gene_1_370,1.0,1.0,0.0,0.0,1.0,1.0,0.0,0.0,2.0,2.0,2.0,0.0,0.0,0.0,0.0,1.0,3.0,0.0,2.0,2.0,0.0,0.0
gene_1_371,2.0,5.0,3.0,4.0,2.0,6.0,2.0,4.0,2.0,1.0,1.0,0.0,2.0,3.0,2.0,3.0,1.0,0.0,2.0,5.0,1.0,2.0
gene_1_372,2.0,1.0,0.0,3.0,5.0,1.0,3.0,2.0,0.0,2.0,4.0,0.0,2.0,3.0,1.0,1.0,1.0,1.0,1.0,0.0,2.0,2.0
gene_1_373,1.0,2.0,1.0,3.0,3.0,0.0,2.0,2.0,0.0,1.0,0.0,0.0,1.0,1.0,0.0,0.0,3.0,1.0,5.0,4.0,7.0,4.0
gene_1_374,3.0,0.0,2.0,1.0,0.0,4.0,2.0,2.0,6.0,4.0,2.0,3.0,0.0,3.0,1.0,1.0,1.0,1.0,0.0,2.0,4.0,1.0
gene_1_375,5.0,2.0,2.0,2.0,1.0,2.0,1.0,1.0,6.0,1.0,0.0,1.0,1.0,2.0,0.0,0.0,0.0,0.0,2.0,4.0,0.0,1.0
gene_1_376,1.0,2.0,1.0,1.0,0.0,2.0,0.0,1.0,1.0,1.0,1.0,2.0,0.0,2.0,3.0,0.0,2.0,0.0,0.0,2.0,2.0,1.0
gene_1_377,3.0,5.0,3.0,2.0,2.0,0.0,2.0,1.0,2.0,3.0,3.0,0.0,1.0,0.0,2.0,0.0,2.0,1.0,7.0,5.0,2.0,4.0
gene_1_378,0.0,4.0,3.0,4.0,3.0,2.0,3.0,2.0,1.0,3.0,1.0,3.0,4.0,2.0,2.0,1.0,0.0,1.0,0.0,1.0,2.0,1.0
gene_1_379,6.0,4.0,6.0,6.0,1.0,2.0,4.0,0.0,1.0,2.0,0.0,2.0,2.0,3.0,0.0,0.0,0.0,0.0,0.0,1.0,1.0,1.0
gene_1_380,0.0,2.0,0.0,2.0,3.0,0.0,2.0,0.0,0.0,1.0,1.0,2.0,2.0,0.0,0.0,1.0,1.0,2.0,2.0,2.0,0.0,1.0
gene_1_381,4.0,2.0,1.0,1.0,3.0,2.0,2.0,1.0,1.0,1.0,4.0,0.0,0.0,1.0,2.0,0.0,1.0,0.0,1.0,1.0,1.0,0.0
gene_1_382,2.0,2.0,0.0,2.0,1.0,0.0,1.0,1.0,0.0,3.0,0.0,0.0,1.0,3.0,0.0,0.0,0.0,2.0,0.0,1.0,2.0,0.0
gene_1_383,1.0,1.0,0.0,0.0,2.0,1.0,1.0,2.0,1.0,1.0,0.0,1.0,0.0,2.0,1.0,3.0,2.0,3.0,0.0,1.0,0.0,0.0
gene_1_384,3.0,0.0,1.0,1.0,2.0,0.0,0.0,1.0,0.0,1.0,0.0,1.0,0.0,1.0,1.0,1.0,0.0,0.0,1.0,2.0,0.0,0.0
gene_1_385,0.0,2.0,0.0,1.0,3.0,1.0,1.0,3.0,1.0,1.0,4.0,2.0,1.0,7.0,2.0,3.0,4.0,5.0,5.0,1.0,2.0,2.0
gene_1_386,8.0,1.0,1.0,4.0,4.0,2.0,1.0,6.0,4.0,3.0,1.0,1.0,6.0,3.0,0.0,2.0,2.0,3.0,2.0,0.0,1.0,1.0
gene_1_387,11.0,4.0,0.0,6.0,2.0,3.0,3.0,4.0,2.0,2.0,0.0,1.0,3.0,0.0,2.0,2.0,0.0,1.0,1.0,1.0,5.0,3.0
gene_1_388,2.0,1.0,0.0,3.0,5.0,1.0,3.0,3.0,1.0,1.0,1.0,2.0,5.0,2.0,1.0,3.0,0.0,1.0,2.0,4.0,1.0,1.0
gene_1_389,2.0,3.0,8.0,1.0,7.0,2.0,3.0,1.0,3.0,3.0,0.0,2.0,1.0,1.0,2.0,2.0,2.0,4.0,0.0,1.0,2.0,4.0
gene_1_390,2.0,0.0,4.0,7.0,6.0,2.0,4.0,3.0,2.0,1.0,2.0,3.0,0.0,4.0,2.0,3.0,9.0,0.0,2.0,5.0,2.0,2.0
gene_1_391,9.0,7.0,8.0,7.0,7.0,4.0,5.0,6.0,1.0,10.0,3.0,2.0,1.0,6.0,3.0,3.0,2.0,0.0,4.0,0.0,1.0,0.0
gene_1_392,7.0,3.0,6.0,4.0,3.0,8.0,3.0,4.0,0.0,5.0,8.0,10.0,10.0,4.0,1.0,1.0,3.0,5.0,1.0,7.0,9.0,7.0
gene_1_393,3.0,5.0,1.0,1.0,2.0,3.0,2.0,2.0,6.0,4.0,2.0,3.0,2.0,6.0,0.0,2.0,3.0,5.0,0.0,2.0,0.0,1.0
gene_1_394,3.0,1.0,4.0,0.0,4.0,4.0,1.0,3.0,3.0,0.0,1.0,1.0,2.0,1.0,3.0,1.0,0.0,4.0,2.0,4.0,2.0,4.0
gene_1_395,0.0,0.0,0.0,0.0,1.0,4.0,2.0,0.0,5.0,1.0,4.0,2.0,0.0,2.0,3.0,3.0,1.0,5.0,3.0,3.0,10.0,3.0
gene_1_396,1.0,3.0,1.0,3.0,1.0,1.0,1.0,0.0,0.0,0.0,0.0,1.0,4.0,2.0,2.0,3.0,1.0,0.0,0.0,2.0,5.0,2.0
gene_1_397,2.0,3.0,1.0,3.0,3.0,3.0,1.0,2.0,1.0,2.0,1.0,0.0,1.0,4.0,2.0,0.0,1.0,0.0,0.0,1.0,0.0,1.0
gene_1_398,0.0,1.0,1.0,0.0,0.0,1.0,2.0,2.0,0.0,3.0,2.0,1.0,0.0,5.0,2.0,1.0,1.0,2.0,0.0,2.0,5.0,1.0
gene_1_399,2.0,0.0,4.0,1.0,2.0,1.0,0.0,2.0,1.0,1.0,1.0,1.0,1.0,0.0,1.0,0.0,3.0,2.0,2.0,1.0,1.0,5.0
gene_1_400,3.0,4.0,1.0,2.0,0.0,4.0,4.0,3.0,4.0,3.0,3.0,1.0,1.0,1.0,3.0,4.0,0.0,0.0,3.0,0.0,3.0,2.0
gene_1_401,2.0,2.0,1.0,3.0,7.0,5.0,2.0,4.0,4.0,6.0,7.0,4.0,4.0,2.0,2.0,2.0,1.0,2.0,1.0,2.0,2.0,1.0
gene_1_402,2.0,2.0,5.0,2.0,0.0,0.0,5.0,0.0,1.0,2.0,3.0,1.0,2.0,5.0,3.0,2.0,0.0,0.0,2.0,4.0,1.0,1.0
gene_1_403,4.0,8.0,2.0,6.0,1.0,3.0,3.0,1.0,1.0,1.0,2.0,1.0,1.0,2.0,3.0,1.0,1.0,2.0,1.0,1.0,0.0,1.0
gene_1_404,0.0,1.0,2.0,2.0,2.0,0.0,0.0,4.0,1.0,1.0,1.0,3.0,3.0,2.0,2.0,1.0,0.0,0.0,1.0,1.0,2.0,5.0
gene_1_405,1.0,3.0,0.0,0.0,1.0,0.0,2.0,2.0,1.0,2.0,2.0,2.0,1.0,0.0,4.0,1.0,2.0,8.0,3.0,1.0,2.0,2.0
gene_1_406,3.0,0.0,2.0,1.0,0.0,3.0,2.0,3.0,3.0,4.0,0.0,0.0,0.0,4.0,2.0,1.0,1.0,0.0,3.0,0.0,2.0,5.0
gene_1_407,5.0,10.0,10.0,7.0,6.0,9.0,6.0,5.0,1.0,2.0,5.0,2.0,6.0,0.0,2.0,1.0,1.0,1.0,1.0,3.0,0.0,0.0
gene_1_408,1.0,4.0,4.0,7.0,6.0,1.0,1.0,4.0,4.0,7.0,6.0,4.0,4.0,5.0,2.0,2.0,4.0,6.0,3.0,2.0,7.0,1.0
gene_1_409,1.0,0.0,0.0,0.0,1.0,5.0,1.0,0.0,4.0,1.0,2.0,4.0,0.0,0.0,3.0,0.0,3.0,1.0,1.0,0.0,3.0,2.0
gene_1_410,4.0,0.0,2.0,0.0,2.0,1.0,1.0,3.0,2.0,0.0,0.0,2.0,3.0,2.0,2.0,1.0,1.0,0.0,2.0,2.0,1.0,2.0
gene_1_411,3.0,0.0,0.0,2.0,0.0,0.0,1.0,1.0,2.0,1.0,1.0,2.0,0.0,3.0,1.0,4.0,3.0,6.0,2.0,9.0,1.0,5.0
gene_1_412,0.0,1.0,1.0,1.0,2.0,0.0,1.0,0.0,3.0,1.0,1.0,3.0,0.0,0.0,4.0,0.0,1.0,3.0,0.0,0.0,1.0,2.0
gene_1_413,1.0,0.0,2.0,1.0,4.0,1.0,2.0,3.0,0.0,2.0,1.0,2.0,0.0,3.0,3.0,2.0,0.0,0.0,0.0,1.0,0.0,0.0
gene_1_414,3.0,7.0,3.0,0.0,7.0,3.0,1.0,1.0,0.0,1.0,6.0,1.0,2.0,3.0,2.0,3.0,4.0,0.0,2.0,2.0,0.0,2.0
gene_1_415,0.0,2.0,1.0,1.0,2.0,1.0,4.0,4.0,2.0,4.0,6.0,5.0,2.0,3.0,5.0,2.0,1.0,0.0,3.0,0.0,0.0,2.0
gene_1_416,2.0,3.0,0.0,1.0,0.0,4.0,2.0,4.0,2.0,2.0,1.0,2.0,5.0,0.0,2.0,2.0,5.0,0.0,5.0,2.0,2.0,0.0
gene_1_417,4.0,2.0,4.0,1.0,2.0,3.0,0.0,2.0,3.0,3.0,3.0,1.0,0.0,0.0,0.0,1.0,2.0,1.0,1.0,1.0,3.0,1.0
gene_1_418,2.0,1.0,2.0,4.0,0.0,2.0,1.0,3.0,0.0,3.0,1.0,0.0,2.0,0.0,1.0,0.0,2.0,2.0,1.0,1.0,0.0,4.0
gene_1_419,2.0,1.0,2.0,5.0,3.0,2.0,3.0,0.0,3.0,2.0,2.0,0.0,1.0,6.0,1.0,3.0,4.0,7.0,9.0,1.0,3.0,8.0
gene_1_420,3.0,3.0,3.0,3.0,0.0,4.0,1.0,1.0,6.0,3.0,1.0,2.0,1.0,4.0,1.0,0.0,2.0,5.0,1.0,0.0,1.0,0.0
gene_1_421,0.0,3.0,0.0,0.0,0.0,3.0,1.0,0.0,0.0,1.0,1.0,1.0,7.0,1.0,3.0,4.0,3.0,3.0,0.0,3.0,1.0,3.0
gene_1_422,0.0,3.0,1.0,2.0,1.0,2.0,3.0,1.0,5.0,0.0,1.0,2.0,6.0,3.0,2.0,1.0,3.0,2.0,3.0,0.0,0.0,1.0
gene_1_423,8.0,4.0,4.0,11.0,7.0,4.0,8.0,3.0,8.0,16.0,12.0,5.0,14.0,9.0,4.0,15.0,4.0,3.0,5.0,1.0,1.0,1.0
gene_1_424,4.0,5.0,3.0,6.0,8.0,8.0,4.0,2.0,6.0,4.0,3.0,8.0,2.0,1.0,6.0,5.0,3.0,11.0,8.0,6.0,7.0,5.0
gene_1_425,1.0,2.0,0.0,3.0,1.0,2.0,0.0,1.0,0.0,1.0,0.0,2.0,0.0,0.0,2.0,0.0,1.0,2.0,0.0,1.0,1.0,0.0
gene_1_426,0.0,4.0,0.0,4.0,1.0,0.0,3.0,1.0,4.0,1.0,0.0,0.0,2.0,0.0,2.0,0.0,0.0,2.0,0.0,0.0,1.0,4.0
gene_1_427,3.0,0.0,6.0,3.0,1.0,7.0,3.0,3.0,3.0,3.0,2.0,4.0,3.0,3.0,2.0,3.0,3.0,4.0,1.0,3.0,1.0,0.0
gene_1_428,3.0,1.0,3.0,1.0,3.0,0.0,2.0,3.0,3.0,4.0,6.0,5.0,3.0,3.0,2.0,3.0,5.0,1.0,4.0,1.0,2.0,1.0
gene_1_429,0.0,0.0,2.0,1.0,2.0,4.0,1.0,3.0,2.0,1.0,1.0,1.0,2.0,1.0,4.0,2.0,6.0,2.0,3.0,1.0,2.0,3.0
gene_1_430,3.0,2.0,2.0,1.0,1.0,4.0,6.0,2.0,5.0,0.0,1.0,1.0,0.0,5.0,0.0,1.0,3.0,2.0,4.0,2.0,2.0,4.0
gene_1_431,3.0,2.0,3.0,2.0,0.0,1.0,1.0,1.0,0.0,0.0,1.0,1.0,1.0,1.0,0.0,2.0,1.0,1.0,3.0,1.0,2.0,2.0
gene_1_432,2.0,2.0,0.0,1.0,0.0,0.0,0.0,2.0,0.0,0.0,1.0,0.0,2.0,1.0,0.0,0.0,1.0,0.0,1.0,1.0,1.0,6.0
gene_1_433,1.0,0.0,2.0,0.0,0.0,0.0,1.0,0.0,2.0,2.0,3.0,0.0,0.0,0.0,1.0,0.0,2.0,1.0,3.0,2.0,2.0,2.0
gene_1_434,3.0,1.0,1.0,0.0,2.0,1.0,0.0,1.0,1.0,3.0,2.0,0.0,1.0,1.0,2.0,2.0,0.0,1.0,0.0,0.0,2.0,1.0
gene_1_435,2.0,1.0,0.0,1.0,3.0,0.0,1.0,0.0,0.0,0.0,2.0,4.0,1.0,0.0,1.0,2.0,0.0,3.0,5.0,3.0,5.0,13.0
gene_1_436,3.0,0.0,6.0,1.0,0.0,2.0,1.0,2.0,0.0,2.0,1.0,0.0,1.0,1.0,1.0,1.0,1.0,0.0,1.0,2.0,1.0,3.0
gene_1_437,2.0,0.0,3.0,1.0,1.0,1.0,2.0,1.0,6.0,0.0,4.0,2.0,3.0,2.0,6.0,1.0,3.0,2.0,2.0,4.0,6.0,6.0
gene_1_438,5.0,2.0,1.0,0.0,1.0,2.0,0.0,3.0,1.0,4.0,2.0,2.0,1.0,2.0,3.0,4.0,2.0,2.0,3.0,3.0,3.0,2.0
gene_1_439,4.0,2.0,1.0,1.0,3.0,3.0,3.0,3.0,1.0,6.0,1.0,4.0,2.0,3.0,2.0,2.0,4.0,2.0,2.0,1.0,1.0,1.0
gene_1_440,3.0,2.0,2.0,3.0,3.0,1.0,1.0,2.0,2.0,0.0,2.0,1.0,4.0,1.0,2.0,4.0,0.0,1.0,1.0,1.0,6.0,1.0
gene_1_441,1.0,2.0,2.0,4.0,2.0,0.0,4.0,2.0,4.0,4.0,5.0,2.0,2.0,2.0,2.0,1.0,0.0,2.0,0.0,0.0,1.0,1.0
gene_1_442,2.0,4.0,1.0,2.0,1.0,3.0,0.0,2.0,2.0,0.0,1.0,1.0,0.0,1.0,2.0,0.0,2.0,2.0,0.0,1.0,0.0,2.0
gene_1_443,5.0,3.0,1.0,4.0,1.0,1.0,2.0,0.0,0.0,2.0,2.0,1.0,0.0,2.0,1.0,2.0,2.0,3.0,1.0,3.0,1.0,5.0
gene_1_444,0.0,4.0,1.0,1.0,2.0,1.0,0.0,3.0,3.0,2.0,1.0,1.0,1.0,1.0,1.0,4.0,0.0,2.0,2.0,1.0,1.0,4.0
gene_1_445,2.0,0.0,3.0,2.0,4.0,1.0,2.0,2.0,3.0,5.0,2.0,5.0,4.0,1.0,2.0,3.0,4.0,1.0,4.0,0.0,2.0,1.0
gene_1_446,1.0,4.0,4.0,1.0,2.0,1.0,0.0,2.0,1.0,1.0,0.0,1.0,2.0,3.0,5.0,5.0,2.0,3.0,2.0,1.0,1.0,4.0
gene_1_447,1.0,2.0,2.0,1.0,4.0,2.0,3.0,3.0,0.0,1.0,1.0,1.0,1.0,6.0,3.0,4.0,4.0,4.0,6.0,7.0,8.0,6.0
gene_1_448,1.0,3.0,1.0,2.0,5.0,1.0,2.0,0.0,1.0,3.0,1.0,2.0,1.0,0.0,1.0,1.0,2.0,0.0,0.0,4.0,1.0,0.0
gene_1_449,3.0,1.0,2.0,6.0,5.0,4.0,4.0,2.0,3.0,3.0,3.0,1.0,1.0,0.0,1.0,0.0,0.0,1.0,1.0,1.0,1.0,2.0
gene_1_450,0.0,1.0,0.0,0.0,1.0,1.0,6.0,1.0,3.0,1.0,0.0,0.0,2.0,4.0,1.0,2.0,1.0,0.0,5.0,2.0,3.0,1.0
gene_1_451,0.0,1.0,2.0,2.0,2.0,4.0,0.0,6.0,3.0,2.0,3.0,5.0,9.0,4.0,8.0,6.0,3.0,6.0,2.0,3.0,3.0,4.0
gene_1_452,1.0,5.0,3.0,6.0,2.0,4.0,5.0,8.0,4.0,1.0,1.0,7.0,0.0,8.0,2.0,5.0,3.0,3.0,10.0,7.0,5.0,2.0
gene_1_453,1.0,7.0,3.0,10.0,5.0,5.0,5.0,3.0,4.0,2.0,4.0,1.0,1.0,1.0,1.0,1.0,0.0,4.0,0.0,0.0,0.0,0.0
gene_1_454,4.0,3.0,1.0,3.0,3.0,1.0,0.0,1.0,1.0,1.0,1.0,1.0,2.0,2.0,4.0,2.0,2.0,5.0,1.0,2.0,3.0,2.0
gene_1_455,3.0,1.0,2.0,1.0,0.0,1.0,0.0,1.0,1.0,0.0,0.0,1.0,3.0,3.0,0.0,0.0,0.0,0.0,1.0,2.0,1.0,0.0
gene_1_456,2.0,2.0,0.0,1.0,0.0,2.0,2.0,1.0,2.0,0.0,1.0,0.0,0.0,1.0,1.0,0.0,0.0,0.0,0.0,1.0,0.0,0.0
gene_1_457,0.0,2.0,2.0,1.0,3.0,4.0,2.0,0.0,0.0,0.0,1.0,1.0,2.0,0.0,1.0,1.0,1.0,0.0,0.0,1.0,1.0,0.0
gene_1_458,1.0,3.0,1.0,0.0,2.0,2.0,0.0,0.0,0.0,1.0,1.0,1.0,0.0,2.0,1.0,3.0,1.0,0.0,1.0,1.0,1.0,1.0
gene_1_459,2.0,3.0,3.0,2.0,2.0,3.0,2.0,0.0,3.0,1.0,0.0,3.0,1.0,1.0,0.0,1.0,1.0,2.0,1.0,1.0,0.0,0.0
gene_1_460,1.0,1.0,1.0,1.0,4.0,0.0,2.0,1.0,1.0,3.0,1.0,3.0,2.0,1.0,0.0,1.0,1.0,0.0,1.0,2.0,0.0,2.0
gene_1_461,2.0,1.0,2.0,6.0,2.0,1.0,2.0,0.0,0.0,1.0,0.0,3.0,1.0,0.0,1.0,0.0,1.0,0.0,2.0,3.0,1.0,1.0
gene_1_462,1.0,0.0,1.0,3.0,1.0,0.0,2.0,2.0,5.0,3.0,2.0,4.0,3.0,0.0,2.0,2.0,2.0,0.0,0.0,2.0,3.0,1.0
gene_1_463,4.0,6.0,3.0,1.0,1.0,3.0,1.0,1.0,2.0,4.0,3.0,0.0,1.0,0.0,6.0,3.0,3.0,2.0,2.0,3.0,1.0,4.0
gene_1_464,1.0,2.0,1.0,0.0,1.0,0.0,3.0,1.0,1.0,3.0,2.0,3.0,1.0,3.0,1.0,1.0,2.0,0.0,1.0,3.0,3.0,1.0
gene_1_465,1.0,4.0,4.0,2.0,3.0,0.0,1.0,1.0,3.0,0.0,1.0,4.0,3.0,4.0,4.0,1.0,2.0,5.0,4.0,4.0,2.0,7.0
gene_1_466,1.0,2.0,0.0,1.0,4.0,2.0,2.0,4.0,1.0,5.0,1.0,1.0,5.0,3.0,2.0,6.0,5.0,2.0,1.0,1.0,5.0,3.0
gene_1_467,2.0,0.0,1.0,1.0,0.0,1.0,2.0,0.0,3.0,0.0,0.0,4.0,0.0,0.0,2.0,1.0,3.0,2.0,6.0,4.0,5.0,5.0
gene_1_468,0.0,3.0,1.0,0.0,1.0,0.0,1.0,1.0,4.0,0.0,1.0,1.0,2.0,3.0,1.0,1.0,2.0,0.0,2.0,1.0,3.0,1.0
gene_1_469,3.0,2.0,5.0,2.0,2.0,2.0,2.0,2.0,0.0,3.0,4.0,1.0,1.0,3.0,0.0,1.0,1.0,0.0,1.0,0.0,1.0,2.0
gene_1_470,0.0,1.0,0.0,5.0,4.0,1.0,3.0,2.0,0.0,3.0,2.0,0.0,3.0,0.0,0.0,1.0,0.0,1.0,1.0,1.0,1.0,3.0
gene_1_471,0.0,1.0,0.0,2.0,1.0,0.0,2.0,0.0,2.0,2.0,6.0,0.0,3.0,1.0,2.0,2.0,2.0,3.0,4.0,5.0,3.0,2.0
gene_1_472,3.0,2.0,2.0,2.0,2.0,0.0,3.0,0.0,1.0,1.0,3.0,2.0,1.0,1.0,0.0,2.0,3.0,2.0,1.0,4.0,3.0,3.0
gene_1_473,2.0,1.0,2.0,2.0,1.0,1.0,0.0,2.0,1.0,0.0,3.0,1.0,1.0,3.0,3.0,2.0,2.0,1.0,5.0,2.0,4.0,3.0
gene_1_474,2.0,0.0,0.0,5.0,1.0,0.0,2.0,2.0,1.0,1.0,0.0,3.0,1.0,2.0,0.0,0.0,4.0,1.0,0.0,0.0,0.0,1.0
gene_1_475,4.0,6.0,3.0,4.0,3.0,1.0,4.0,7.0,2.0,4.0,1.0,1.0,4.0,3.0,1.0,1.0,3.0,2.0,1.0,0.0,0.0,0.0
gene_1_476,2.0,4.0,7.0,0.0,8.0,3.0,5.0,3.0,3.0,2.0,1.0,3.0,6.0,4.0,0.0,4.0,0.0,2.0,3.0,3.0,2.0,0.0
gene_1_477,1.0,1.0,0.0,1.0,0.0,1.0,1.0,1.0,2.0,0.0,3.0,3.0,4.0,4.0,2.0,7.0,4.0,6.0,2.0,4.0,1.0,0.0
gene_1_478,0.0,0.0,3.0,0.0,0.0,2.0,4.0,1.0,1.0,2.0,0.0,2.0,2.0,2.0,1.0,2.0,2.0,2.0,2.0,1.0,1.0,0.0
gene_1_479,7.0,1.0,4.0,3.0,1.0,2.0,1.0,0.0,2.0,0.0,0.0,0.0,1.0,0.0,0.0,2.0,0.0,0.0,3.0,3.0,2.0,2.0
gene_1_480,3.0,0.0,2.0,1.0,2.0,1.0,2.0,0.0,0.0,1.0,1.0,0.0,0.0,2.0,2.0,0.0,1.0,2.0,0.0,3.0,3.0,0.0
gene_1_481,7.0,3.0,3.0,5.0,5.0,5.0,3.0,4.0,4.0,1.0,0.0,3.0,1.0,1.0,4.0,2.0,0.0,0.0,0.0,0.0,0.0,1.0
gene_1_482,4.0,3.0,5.0,2.0,2.0,3.0,2.0,2.0,0.0,0.0,3.0,2.0,5.0,0.0,1.0,4.0,3.0,2.0,1.0,4.0,2.0,1.0
gene_1_483,2.0,2.0,2.0,0.0,2.0,2.0,1.0,2.0,0.0,3.0,4.0,1.0,4.0,1.0,1.0,0.0,0.0,1.0,2.0,2.0,0.0,3.0
gene_1_484,1.0,1.0,6.0,1.0,2.0,1.0,1.0,3.0,2.0,9.0,1.0,0.0,1.0,0.0,4.0,0.0,0.0,2.0,2.0,0.0,3.0,1.0
gene_1_485,0.0,1.0,1.0,1.0,3.0,3.0,3.0,2.0,6.0,6.0,1.0,4.0,4.0,0.0,2.0,2.0,1.0,4.0,0.0,2.0,2.0,1.0
gene_1_486,3.0,1.0,1.0,0.0,2.0,2.0,0.0,2.0,3.0,0.0,2.0,1.0,3.0,0.0,2.0,1.0,2.0,1.0,2.0,3.0,1.0,0.0
gene_1_487,2.0,0.0,1.0,1.0,0.0,1.0,0.0,1.0,2.0,0.0,1.0,0.0,1.0,1.0,1.0,1.0,1.0,2.0,3.0,0.0,9.0,5.0
gene_1_488,1.0,0.0,1.0,3.0,1.0,2.0,0.0,3.0,1.0,2.0,3.0,0.0,1.0,0.0,0.0,4.0,3.0,0.0,3.0,1.0,2.0,2.0
gene_1_489,1.0,2.0,3.0,0.0,6.0,4.0,1.0,3.0,0.0,0.0,2.0,1.0,2.0,1.0,0.0,1.0,0.0,0.0,0.0,1.0,0.0,1.0
gene_1_490,1.0,1.0,2.0,1.0,3.0,3.0,1.0,3.0,1.0,1.0,0.0,1.0,1.0,0.0,2.0,1.0,0.0,2.0,0.0,0.0,0.0,3.0
gene_1_491,3.0,3.0,1.0,1.0,1.0,1.0,2.0,4.0,5.0,1.0,3.0,1.0,1.0,0.0,1.0,0.0,4.0,1.0,6.0,3.0,6.0,9.0
gene_1_492,7.0,1.0,2.0,2.0,0.0,1.0,1.0,0.0,3.0,2.0,0.0,2.0,2.0,3.0,0.0,4.0,2.0,3.0,3.0,1.0,2.0,0.0
gene_1_493,0.0,2.0,1.0,7.0,2.0,3.0,1.0,5.0,1.0,4.0,2.0,1.0,0.0,0.0,2.0,0.0,1.0,1.0,2.0,1.0,0.0,1.0
gene_1_494,3.0,1.0,2.0,2.0,1.0,3.0,0.0,0.0,3.0,2.0,2.0,0.0,4.0,1.0,1.0,0.0,3.0,2.0,3.0,0.0,4.0,0.0
gene_1_495,3.0,3.0,4.0,6.0,1.0,2.0,3.0,9.0,6.0,9.0,3.0,6.0,5.0,5.0,2.0,6.0,0.0,6.0,6.0,1.0,0.0,3.0
gene_1_496,3.0,6.0,1.0,2.0,2.0,2.0,2.0,4.0,4.0,2.0,4.0,0.0,3.0,2.0,4.0,7.0,1.0,1.0,3.0,2.0,2.0,1.0
gene_1_497,1.0,0.0,1.0,0.0,0.0,0.0,3.0,2.0,2.0,0.0,0.0,0.0,1.0,1.0,3.0,5.0,5.0,2.0,2.0,0.0,6.0,2.0
gene_1_498,0.0,1.0,1.0,0.0,3.0,0.0,3.0,0.0,1.0,3.0,1.0,3.0,3.0,1.0,1.0,1.0,3.0,2.0,0.0,0.0,1.0,3.0
gene_1_499,3.0,2.0,2.0,2.0,2.0,7.0,5.0,2.0,4.0,2.0,3.0,4.0,3.0,3.0,7.0,6.0,3.0,3.0,0.0,4.0,1.0,2.0
gene_1_500,1.0,3.0,8.0,6.0,2.0,4.0,3.0,3.0,5.0,6.0,6.0,3.0,0.0,5.0,4.0,4.0,0.0,4.0,2.0,2.0,0.0,3.0
gene_1_501,1.0,2.0,2.0,1.0,3.0,2.0,1.0,4.0,2.0,1.0,1.0,4.0,1.0,3.0,2.0,3.0,2.0,3.0,0.0,3.0,3.0,3.0
gene_1_502,1.0,3.0,2.0,5.0,2.0,3.0,4.0,3.0,0.0,4.0,3.0,2.0,5.0,1.0,1.0,4.0,1.0,1.0,6.0,2.0,0.0,1.0
gene_1_503,1.0,1.0,2.0,1.0,2.0,2.0,1.0,3.0,4.0,1.0,4.0,1.0,3.0,5.0,4.0,3.0,5.0,4.0,2.0,6.0,7.0,3.0
gene_1_504,3.0,3.0,4.0,4.0,5.0,3.0,3.0,5.0,1.0,4.0,6.0,8.0,3.0,2.0,1.0,1.0,4.0,1.0,1.0,2.0,2.0,6.0
gene_1_505,6.0,2.0,3.0,6.0,2.0,5.0,0.0,1.0,1.0,0.0,2.0,2.0,2.0,0.0,0.0,1.0,1.0,0.0,8.0,7.0,2.0,3.0
gene_1_506,1.0,0.0,2.0,1.0,2.0,1.0,0.0,2.0,2.0,3.0,2.0,1.0,2.0,2.0,0.0,1.0,1.0,0.0,1.0,2.0,1.0,0.0
gene_1_507,1.0,2.0,2.0,1.0,0.0,1.0,1.0,1.0,1.0,0.0,1.0,0.0,1.0,1.0,0.0,1.0,1.0,0.0,0.0,1.0,2.0,2.0
gene_1_508,0.0,0.0,0.0,2.0,0.0,0.0,2.0,0.0,0.0,1.0,0.0,1.0,2.0,3.0,0.0,2.0,0.0,0.0,1.0,0.0,0.0,0.0
gene_1_509,3.0,3.0,5.0,2.0,5.0,1.0,4.0,2.0,3.0,2.0,0.0,0.0,0.0,1.0,0.0,0.0,0.0,1.0,2.0,0.0,1.0,2.0
gene_1_510,1.0,3.0,4.0,1.0,0.0,2.0,3.0,1.0,2.0,1.0,2.0,2.0,2.0,3.0,4.0,0.0,1.0,4.0,2.0,3.0,3.0,0.0
gene_1_511,4.0,3.0,5.0,3.0,5.0,1.0,4.0,4.0,11.0,7.0,1.0,6.0,3.0,5.0,3.0,8.0,5.0,2.0,3.0,2.0,0.0,2.0
gene_1_512,3.0,6.0,2.0,1.0,4.0,2.0,3.0,3.0,3.0,8.0,3.0,4.0,1.0,3.0,3.0,4.0,4.0,4.0,6.0,3.0,3.0,7.0
gene_1_513,2.0,3.0,0.0,2.0,0.0,2.0,2.0,0.0,0.0,1.0,2.0,1.0,1.0,1.0,0.0,1.0,1.0,3.0,4.0,0.0,3.0,1.0
gene_1_514,2.0,1.0,1.0,3.0,1.0,4.0,1.0,0.0,1.0,0.0,0.0,2.0,1.0,0.0,2.0,2.0,0.0,0.0,0.0,1.0,0.0,3.0
gene_1_515,0.0,0.0,2.0,1.0,3.0,1.0,1.0,3.0,1.0,1.0,0.0,2.0,1.0,1.0,0.0,4.0,3.0,0.0,6.0,5.0,5.0,3.0
gene_1_516,1.0,3.0,2.0,4.0,1.0,5.0,1.0,1.0,1.0,0.0,4.0,1.0,0.0,1.0,0.0,0.0,2.0,1.0,1.0,1.0,0.0,0.0
gene_1_517,9.0,1.0,3.0,2.0,1.0,5.0,2.0,2.0,1.0,1.0,0.0,0.0,1.0,1.0,1.0,4.0,2.0,1.0,6.0,3.0,7.0,6.0
gene_1_518,1.0,2.0,3.0,2.0,2.0,1.0,2.0,1.0,1.0,1.0,0.0,0.0,2.0,1.0,0.0,1.0,0.0,0.0,1.0,1.0,0.0,1.0
gene_1_519,1.0,1.0,1.0,1.0,3.0,7.0,2.0,6.0,5.0,3.0,4.0,5.0,3.0,4.0,9.0,7.0,1.0,8.0,4.0,4.0,1.0,0.0
gene_1_520,2.0,1.0,4.0,4.0,3.0,4.0,5.0,10.0,5.0,1.0,8.0,6.0,3.0,7.0,8.0,2.0,5.0,2.0,4.0,2.0,3.0,4.0
gene_1_521,2.0,0.0,3.0,0.0,1.0,1.0,0.0,1.0,0.0,0.0,0.0,1.0,0.0,1.0,1.0,2.0,4.0,3.0,4.0,1.0,3.0,6.0
gene_1_522,2.0,1.0,1.0,4.0,1.0,0.0,1.0,2.0,1.0,3.0,4.0,1.0,2.0,1.0,1.0,1.0,3.0,3.0,1.0,1.0,1.0,0.0
gene_1_523,0.0,3.0,2.0,0.0,1.0,3.0,3.0,2.0,1.0,2.0,0.0,0.0,4.0,3.0,4.0,0.0,2.0,3.0,2.0,3.0,6.0,2.0
gene_1_524,3.0,0.0,3.0,1.0,3.0,2.0,1.0,1.0,0.0,2.0,5.0,0.0,0.0,3.0,1.0,2.0,1.0,3.0,1.0,4.0,1.0,1.0
gene_1_525,2.0,3.0,1.0,2.0,1.0,1.0,3.0,1.0,5.0,0.0,6.0,3.0,4.0,2.0,5.0,7.0,3.0,5.0,3.0,1.0,1.0,6.0
gene_1_526,2.0,2.0,2.0,0.0,6.0,1.0,2.0,2.0,3.0,2.0,2.0,7.0,2.0,2.0,1.0,7.0,2.0,3.0,4.0,2.0,1.0,1.0
gene_1_527,2.0,2.0,0.0,3.0,2.0,2.0,4.0,2.0,1.0,0.0,1.0,0.0,1.0,3.0,0.0,0.0,1.0,0.0,0.0,1.0,1.0,1.0
gene_1_528,0.0,1.0,0.0,4.0,3.0,3.0,2.0,1.0,0.0,0.0,0.0,0.0,0.0,1.0,2.0,2.0,0.0,1.0,3.0,1.0,2.0,1.0
gene_1_529,2.0,0.0,1.0,2.0,2.0,3.0,2.0,0.0,0.0,1.0,1.0,0.0,0.0,0.0,0.0,2.0,0.0,2.0,0.0,1.0,2.0,0.0
gene_1_530,2.0,2.0,0.0,0.0,2.0,1.0,0.0,1.0,1.0,2.0,2.0,0.0,2.0,0.0,1.0,1.0,1.0,0.0,2.0,0.0,0.0,1.0
gene_1_531,3.0,5.0,2.0,2.0,13.0,4.0,6.0,2.0,12.0,10.0,6.0,4.0,3.0,4.0,2.0,2.0,3.0,1.0,5.0,1.0,1.0,1.0
gene_1_532,2.0,3.0,4.0,4.0,5.0,6.0,3.0,6.0,10.0,8.0,5.0,4.0,6.0,4.0,5.0,1.0,2.0,6.0,5.0,3.0,4.0,2.0
gene_1_533,0.0,0.0,1.0,1.0,0.0,0.0,0.0,1.0,1.0,1.0,0.0,3.0,3.0,1.0,1.0,2.0,0.0,1.0,1.0,1.0,5.0,4.0
gene_1_534,3.0,2.0,0.0,3.0,3.0,2.0,4.0,2.0,0.0,0.0,3.0,1.0,1.0,3.0,3.0,2.0,3.0,2.0,1.0,0.0,3.0,1.0
gene_1_535,0.0,4.0,0.0,0.0,2.0,0.0,0.0,1.0,1.0,0.0,0.0,2.0,3.0,2.0,0.0,0.0,1.0,2.0,0.0,1.0,7.0,3.0
gene_1_536,1.0,1.0,1.0,0.0,2.0,1.0,2.0,1.0,1.0,1.0,0.0,1.0,1.0,0.0,0.0,2.0,2.0,0.0,3.0,3.0,1.0,0.0
gene_1_537,1.0,4.0,3.0,4.0,1.0,2.0,3.0,4.0,6.0,1.0,1.0,2.0,4.0,3.0,3.0,1.0,3.0,1.0,3.0,0.0,0.0,3.0
gene_1_538,2.0,3.0,2.0,2.0,2.0,0.0,0.0,0.0,4.0,1.0,1.0,2.0,2.0,0.0,2.0,1.0,2.0,3.0,3.0,6.0,2.0,1.0
gene_1_539,2.0,2.0,1.0,2.0,4.0,1.0,0.0,4.0,4.0,6.0,2.0,5.0,4.0,3.0,1.0,10.0,4.0,2.0,1.0,1.0,1.0,4.0
gene_1_540,5.0,5.0,4.0,1.0,5.0,1.0,3.0,1.0,1.0,8.0,3.0,1.0,2.0,3.0,3.0,4.0,5.0,6.0,0.0,1.0,4.0,2.0
gene_1_541,2.0,1.0,1.0,2.0,0.0,3.0,2.0,2.0,2.0,0.0,3.0,4.0,5.0,8.0,3.0,3.0,2.0,5.0,1.0,1.0,3.0,0.0
gene_1_542,1.0,2.0,2.0,2.0,2.0,1.0,1.0,0.0,0.0,2.0,2.0,0.0,1.0,4.0,2.0,3.0,1.0,3.0,0.0,1.0,1.0,2.0
gene_1_543,1.0,4.0,3.0,4.0,1.0,1.0,4.0,3.0,2.0,4.0,7.0,8.0,6.0,3.0,3.0,4.0,6.0,2.0,0.0,0.0,1.0,4.0
gene_1_544,2.0,3.0,4.0,7.0,4.0,3.0,4.0,3.0,4.0,1.0,1.0,3.0,3.0,1.0,3.0,1.0,4.0,5.0,3.0,5.0,2.0,1.0
gene_1_545,2.0,0.0,3.0,0.0,4.0,5.0,2.0,0.0,2.0,2.0,1.0,0.0,1.0,2.0,2.0,2.0,2.0,1.0,0.0,2.0,1.0,1.0
gene_1_546,2.0,0.0,0.0,1.0,0.0,3.0,1.0,3.0,0.0,1.0,1.0,0.0,0.0,1.0,2.0,1.0,1.0,3.0,2.0,1.0,0.0,2.0
gene_1_547,2.0,6.0,4.0,4.0,1.0,3.0,3.0,6.0,0.0,1.0,0.0,2.0,3.0,2.0,2.0,2.0,2.0,1.0,1.0,0.0,2.0,1.0
gene_1_548,0.0,4.0,0.0,1.0,4.0,2.0,2.0,1.0,3.0,4.0,1.0,2.0,2.0,1.0,1.0,1.0,1.0,2.0,4.0,1.0,3.0,2.0
gene_1_549,3.0,3.0,1.0,2.0,1.0,3.0,1.0,2.0,1.0,0.0,0.0,2.0,0.0,0.0,2.0,1.0,0.0,1.0,0.0,1.0,0.0,2.0
gene_1_550,3.0,0.0,1.0,1.0,1.0,2.0,0.0,1.0,1.0,4.0,1.0,1.0,1.0,0.0,1.0,1.0,2.0,6.0,4.0,2.0,2.0,4.0
gene_1_551,2.0,1.0,2.0,1.0,3.0,4.0,2.0,0.0,0.0,0.0,2.0,0.0,0.0,0.0,2.0,1.0,0.0,3.0,0.0,0.0,0.0,0.0
gene_1_552,0.0,1.0,1.0,2.0,1.0,1.0,0.0,0.0,5.0,1.0,0.0,3.0,2.0,0.0,1.0,0.0,1.0,1.0,2.0,2.0,0.0,0.0
gene_1_553,5.0,1.0,0.0,0.0,1.0,1.0,0.0,1.0,3.0,1.0,0.0,0.0,0.0,0.0,4.0,0.0,2.0,1.0,0.0,2.0,4.0,0.0
gene_1_554,0.0,2.0,0.0,0.0,0.0,0.0,1.0,2.0,1.0,0.0,0.0,1.0,0.0,0.0,4.0,1.0,1.0,0.0,2.0,0.0,1.0,3.0
gene_1_555,1.0,2.0,0.0,3.0,3.0,0.0,0.0,0.0,1.0,0.0,1.0,0.0,0.0,0.0,1.0,0.0,1.0,2.0,0.0,0.0,0.0,1.0
gene_1_556,0.0,0.0,4.0,0.0,0.0,0.0,0.0,3.0,1.0,1.0,2.0,0.0,2.0,0.0,0.0,2.0,0.0,1.0,0.0,0.0,2.0,0.0
gene_1_557,0.0,3.0,4.0,4.0,4.0,3.0,3.0,2.0,1.0,5.0,6.0,2.0,1.0,4.0,0.0,0.0,0.0,0.0,3.0,1.0,0.0,0.0
gene_1_558,1.0,1.0,5.0,0.0,0.0,2.0,5.0,2.0,2.0,1.0,0.0,2.0,3.0,3.0,2.0,1.0,3.0,4.0,2.0,3.0,0.0,0.0
gene_1_559,7.0,5.0,2.0,1.0,3.0,1.0,4.0,2.0,1.0,2.0,1.0,3.0,3.0,3.0,5.0,1.0,8.0,2.0,2.0,4.0,3.0,2.0
gene_1_560,3.0,2.0,0.0,2.0,1.0,4.0,1.0,4.0,2.0,1.0,0.0,2.0,2.0,2.0,3.0,2.0,2.0,0.0,4.0,0.0,6.0,2.0
gene_1_561,1.0,1.0,2.0,0.0,1.0,1.0,4.0,0.0,1.0,4.0,1.0,2.0,1.0,0.0,1.0,0.0,3.0,1.0,1.0,3.0,3.0,2.0
gene_1_562,1.0,1.0,2.0,0.0,0.0,0.0,0.0,1.0,1.0,4.0,1.0,1.0,0.0,1.0,1.0,2.0,0.0,1.0,2.0,3.0,1.0,0.0
gene_1_563,0.0,4.0,5.0,8.0,2.0,5.0,4.0,5.0,3.0,4.0,4.0,7.0,5.0,5.0,3.0,4.0,3.0,6.0,1.0,2.0,2.0,1.0
gene_1_564,4.0,7.0,9.0,4.0,7.0,2.0,3.0,3.0,5.0,4.0,6.0,6.0,4.0,2.0,8.0,5.0,5.0,5.0,8.0,2.0,1.0,7.0
gene_1_565,3.0,8.0,5.0,1.0,5.0,1.0,4.0,2.0,7.0,4.0,3.0,1.0,2.0,3.0,6.0,7.0,2.0,4.0,2.0,0.0,4.0,3.0
gene_1_566,8.0,3.0,3.0,0.0,7.0,2.0,5.0,1.0,2.0,3.0,2.0,3.0,1.0,3.0,3.0,2.0,4.0,2.0,1.0,3.0,6.0,2.0
gene_1_567,5.0,4.0,5.0,6.0,2.0,5.0,2.0,1.0,0.0,2.0,3.0,3.0,2.0,4.0,2.0,2.0,3.0,1.0,0.0,2.0,7.0,1.0
gene_1_568,2.0,3.0,3.0,3.0,1.0,0.0,0.0,3.0,1.0,2.0,0.0,2.0,3.0,2.0,2.0,3.0,1.0,2.0,1.0,3.0,3.0,4.0
gene_1_569,2.0,1.0,1.0,0.0,2.0,1.0,2.0,0.0,1.0,1.0,0.0,0.0,1.0,1.0,0.0,0.0,3.0,3.0,1.0,1.0,0.0,0.0
gene_1_570,0.0,1.0,2.0,1.0,0.0,0.0,1.0,1.0,0.0,0.0,0.0,1.0,1.0,0.0,0.0,1.0,1.0,1.0,1.0,1.0,0.0,2.0
gene_1_571,5.0,4.0,0.0,2.0,0.0,1.0,1.0,2.0,0.0,0.0,0.0,0.0,1.0,0.0,1.0,2.0,0.0,2.0,0.0,4.0,5.0,6.0
gene_1_572,4.0,3.0,0.0,3.0,0.0,0.0,1.0,2.0,1.0,3.0,3.0,3.0,2.0,1.0,0.0,1.0,1.0,1.0,0.0,2.0,0.0,2.0
gene_1_573,2.0,3.0,3.0,2.0,1.0,0.0,0.0,4.0,6.0,0.0,1.0,4.0,3.0,1.0,2.0,5.0,1.0,0.0,2.0,2.0,1.0,1.0
gene_1_574,4.0,3.0,2.0,2.0,1.0,1.0,5.0,1.0,2.0,4.0,2.0,5.0,1.0,2.0,0.0,0.0,2.0,3.0,3.0,2.0,5.0,2.0
gene_1_575,0.0,1.0,2.0,0.0,2.0,1.0,0.0,3.0,1.0,1.0,7.0,3.0,1.0,1.0,0.0,1.0,3.0,4.0,0.0,3.0,0.0,2.0
gene_1_576,1.0,0.0,3.0,3.0,1.0,2.0,0.0,1.0,1.0,4.0,4.0,2.0,3.0,4.0,2.0,2.0,2.0,3.0,7.0,2.0,1.0,3.0
gene_1_577,0.0,3.0,0.0,5.0,0.0,0.0,0.0,1.0,2.0,1.0,1.0,1.0,2.0,0.0,0.0,0.0,1.0,0.0,1.0,0.0,0.0,4.0
gene_1_578,0.0,0.0,0.0,0.0,3.0,2.0,1.0,2.0,2.0,0.0,0.0,1.0,2.0,1.0,0.0,2.0,3.0,0.0,0.0,1.0,2.0,1.0
gene_1_579,2.0,0.0,2.0,2.0,0.0,0.0,2.0,1.0,2.0,2.0,1.0,0.0,2.0,1.0,2.0,6.0,4.0,5.0,1.0,6.0,1.0,4.0
gene_1_580,3.0,2.0,1.0,1.0,1.0,3.0,5.0,3.0,4.0,5.0,1.0,3.0,1.0,0.0,1.0,4.0,1.0,1.0,4.0,5.0,5.0,0.0
gene_1_581,0.0,2.0,3.0,2.0,0.0,0.0,0.0,3.0,0.0,0.0,1.0,0.0,5.0,0.0,4.0,4.0,2.0,4.0,2.0,3.0,3.0,2.0
gene_1_582,0.0,1.0,2.0,3.0,1.0,4.0,2.0,0.0,1.0,1.0,1.0,0.0,0.0,1.0,1.0,0.0,1.0,2.0,4.0,0.0,1.0,1.0
gene_1_583,3.0,5.0,3.0,1.0,1.0,4.0,5.0,5.0,2.0,1.0,4.0,0.0,0.0,2.0,0.0,4.0,1.0,2.0,0.0,1.0,0.0,1.0
gene_1_584,1.0,1.0,3.0,0.0,0.0,2.0,1.0,0.0,6.0,1.0,2.0,3.0,6.0,3.0,2.0,5.0,1.0,2.0,7.0,1.0,3.0,3.0
gene_1_585,1.0,8.0,5.0,0.0,5.0,1.0,2.0,1.0,3.0,4.0,1.0,0.0,1.0,1.0,1.0,3.0,3.0,3.0,0.0,1.0,1.0,0.0
gene_1_586,3.0,3.0,1.0,1.0,3.0,1.0,1.0,0.0,2.0,2.0,1.0,0.0,4.0,2.0,5.0,2.0,3.0,2.0,1.0,0.0,0.0,0.0
gene_1_587,4.0,1.0,2.0,2.0,5.0,2.0,5.0,2.0,2.0,2.0,0.0,1.0,0.0,1.0,2.0,0.0,0.0,1.0,2.0,1.0,1.0,0.0
gene_1_588,2.0,2.0,0.0,3.0,0.0,4.0,1.0,4.0,2.0,1.0,2.0,3.0,1.0,1.0,2.0,4.0,1.0,1.0,2.0,2.0,1.0,0.0
gene_1_589,0.0,2.0,1.0,1.0,2.0,0.0,1.0,0.0,0.0,1.0,2.0,5.0,4.0,5.0,4.0,2.0,2.0,3.0,2.0,10.0,0.0,2.0
gene_1_590,4.0,3.0,0.0,3.0,1.0,1.0,2.0,0.0,0.0,3.0,1.0,0.0,0.0,2.0,2.0,5.0,1.0,3.0,0.0,1.0,2.0,4.0
gene_1_591,1.0,1.0,3.0,4.0,1.0,1.0,4.0,4.0,4.0,3.0,1.0,8.0,4.0,8.0,6.0,11.0,2.0,8.0,9.0,8.0,5.0,7.0
gene_1_592,2.0,3.0,1.0,4.0,0.0,4.0,3.0,4.0,0.0,7.0,4.0,7.0,7.0,7.0,2.0,4.0,5.0,2.0,5.0,2.0,8.0,8.0
gene_1_593,2.0,3.0,3.0,4.0,3.0,1.0,1.0,2.0,1.0,1.0,1.0,1.0,3.0,3.0,2.0,1.0,1.0,0.0,1.0,1.0,1.0,0.0
gene_1_594,3.0,4.0,1.0,0.0,1.0,2.0,5.0,3.0,1.0,2.0,3.0,3.0,1.0,2.0,0.0,0.0,1.0,4.0,3.0,1.0,2.0,1.0
gene_1_595,1.0,3.0,5.0,6.0,3.0,1.0,8.0,2.0,6.0,6.0,3.0,8.0,2.0,6.0,6.0,5.0,5.0,4.0,6.0,1.0,3.0,1.0
gene_1_596,6.0,12.0,3.0,5.0,7.0,6.0,6.0,5.0,2.0,2.0,2.0,1.0,8.0,0.0,3.0,5.0,6.0,2.0,2.0,4.0,3.0,3.0
gene_1_597,2.0,2.0,1.0,1.0,2.0,1.0,1.0,0.0,1.0,2.0,2.0,2.0,2.0,2.0,2.0,4.0,2.0,0.0,3.0,3.0,0.0,3.0
gene_1_598,0.0,5.0,2.0,3.0,2.0,4.0,2.0,1.0,1.0,2.0,4.0,4.0,0.0,0.0,2.0,3.0,1.0,2.0,1.0,0.0,0.0,1.0
gene_1_599,1.0,3.0,4.0,2.0,6.0,6.0,1.0,3.0,5.0,7.0,4.0,2.0,3.0,1.0,5.0,1.0,2.0,4.0,0.0,0.0,2.0,2.0
gene_1_600,2.0,7.0,2.0,1.0,0.0,1.0,4.0,4.0,3.0,3.0,1.0,1.0,1.0,2.0,2.0,10.0,0.0,5.0,6.0,0.0,7.0,3.0
