,0.0,0.0.1,0.1,0.1.1,0.2,0.2.1,0.3,0.3.1,0.4,0.4.1,0.5,0.5.1,0.6,0.6.1,0.7,0.7.1,0.8,0.8.1,0.9,0.9.1,1.0,1.0.1
gene_2_1,1.0,2.0,0.0,4.0,5.0,2.0,0.0,0.0,0.0,0.0,0.0,0.0,0.0,0.0,22.0,0.0,0.0,0.0,0.0,5.0,16.0,13.0
gene_2_2,14.0,24.0,0.0,0.0,0.0,4.0,2.0,22.0,9.0,0.0,5.0,5.0,0.0,21.0,0.0,0.0,0.0,5.0,0.0,3.0,8.0,0.0
gene_2_3,0.0,0.0,1.0,0.0,7.0,0.0,1.0,0.0,10.0,1.0,1.0,8.0,0.0,0.0,0.0,0.0,0.0,2.0,0.0,1.0,0.0,1.0
gene_2_4,0.0,0.0,0.0,2.0,0.0,0.0,1.0,11.0,1.0,2.0,4.0,1.0,1.0,5.0,0.0,2.0,0.0,2.0,2.0,3.0,0.0,24.0
gene_2_5,2.0,5.0,7.0,1.0,0.0,3.0,0.0,0.0,2.0,1.0,4.0,4.0,2.0,0.0,1.0,6.0,1.0,4.0,32.0,13.0,5.0,0.0
gene_2_6,1.0,2.0,5.0,1.0,0.0,21.0,14.0,18.0,2.0,8.0,4.0,2.0,3.0,0.0,1.0,2.0,0.0,0.0,3.0,1.0,4.0,16.0
gene_2_7,25.0,3.0,0.0,0.0,4.0,0.0,0.0,0.0,2.0,0.0,0.0,0.0,0.0,0.0,1.0,0.0,2.0,3.0,2.0,0.0,1.0,9.0
gene_2_8,0.0,0.0,6.0,0.0,0.0,1.0,0.0,0.0,0.0,0.0,0.0,0.0,0.0,1.0,0.0,6.0,1.0,0.0,0.0,2.0,0.0,0.0
gene_2_9,3.0,0.0,0.0,3.0,2.0,0.0,0.0,0.0,2.0,0.0,9.0,0.0,1.0,0.0,3.0,0.0,0.0,1.0,0.0,0.0,0.0,0.0
gene_2_10,0.0,1.0,0.0,0.0,0.0,2.0,3.0,0.0,0.0,0.0,2.0,1.0,0.0,0.0,3.0,0.0,0.0,0.0,0.0,0.0,0.0,1.0
gene_2_11,0.0,0.0,10.0,17.0,2.0,2.0,16.0,36.0,1.0,0.0,0.0,1.0,0.0,0.0,29.0,0.0,0.0,1.0,23.0,0.0,0.0,0.0
gene_2_12,0.0,17.0,7.0,2.0,0.0,24.0,3.0,26.0,0.0,0.0,1.0,1.0,1.0,0.0,13.0,0.0,0.0,0.0,19.0,37.0,2.0,0.0
gene_2_13,14.0,8.0,5.0,6.0,2.0,0.0,1.0,0.0,3.0,0.0,9.0,1.0,0.0,0.0,1.0,1.0,6.0,0.0,7.0,6.0,18.0,7.0
gene_2_14,3.0,0.0,3.0,3.0,3.0,0.0,9.0,0.0,0.0,2.0,5.0,3.0,3.0,0.0,3.0,0.0,0.0,2.0,12.0,1.0,1.0,4.0
gene_2_15,0.0,0.0,0.0,5.0,6.0,0.0,2.0,4.0,1.0,7.0,2.0,0.0,54.0,28.0,2.0,6.0,0.0,24.0,0.0,2.0,1.0,8.0
gene_2_16,4.0,0.0,3.0,6.0,3.0,3.0,0.0,5.0,34.0,25.0,1.0,0.0,0.0,18.0,1.0,7.0,11.0,6.0,38.0,25.0,18.0,5.0
gene_2_17,19.0,0.0,0.0,0.0,5.0,0.0,1.0,0.0,10.0,0.0,0.0,11.0,0.0,4.0,2.0,0.0,0.0,4.0,0.0,0.0,3.0,0.0
gene_2_18,0.0,9.0,1.0,15.0,0.0,0.0,0.0,2.0,3.0,12.0,11.0,6.0,30.0,0.0,0.0,1.0,27.0,0.0,5.0,3.0,0.0,13.0
gene_2_19,1.0,27.0,10.0,4.0,7.0,1.0,7.0,0.0,0.0,0.0,0.0,0.0,3.0,0.0,7.0,0.0,15.0,0.0,2.0,6.0,0.0,0.0
gene_2_20,4.0,4.0,2.0,1.0,1.0,0.0,2.0,0.0,3.0,6.0,0.0,2.0,3.0,0.0,3.0,3.0,0.0,5.0,0.0,1.0,1.0,0.0
gene_2_21,1.0,29.0,9.0,18.0,3.0,0.0,0.0,3.0,0.0,0.0,9.0,0.0,0.0,1.0,0.0,0.0,0.0,1.0,0.0,0.0,1.0,1.0
gene_2_22,0.0,1.0,0.0,1.0,3.0,3.0,3.0,1.0,2.0,2.0,0.0,0.0,11.0,1.0,1.0,0.0,0.0,2.0,3.0,5.0,5.0,0.0
gene_2_23,1.0,1.0,2.0,0.0,0.0,2.0,2.0,1.0,6.0,0.0,0.0,0.0,2.0,3.0,2.0,2.0,0.0,9.0,8.0,0.0,8.0,13.0
gene_2_24,2.0,0.0,2.0,0.0,1.0,0.0,0.0,2.0,7.0,0.0,0.0,0.0,0.0,1.0,0.0,2.0,3.0,0.0,0.0,0.0,3.0,0.0
gene_2_25,0.0,0.0,1.0,2.0,0.0,0.0,0.0,0.0,0.0,3.0,2.0,0.0,1.0,6.0,3.0,1.0,2.0,3.0,9.0,12.0,44.0,6.0
gene_2_26,7.0,0.0,5.0,0.0,4.0,0.0,0.0,2.0,4.0,14.0,1.0,0.0,0.0,5.0,0.0,4.0,1.0,0.0,0.0,5.0,2.0,0.0
gene_2_27,0.0,6.0,0.0,0.0,1.0,1.0,0.0,0.0,0.0,0.0,5.0,2.0,2.0,1.0,0.0,2.0,2.0,3.0,0.0,0.0,6.0,7.0
gene_2_28,1.0,0.0,2.0,0.0,2.0,3.0,0.0,9.0,0.0,2.0,0.0,1.0,0.0,4.0,0.0,2.0,3.0,1.0,5.0,0.0,1.0,0.0
gene_2_29,1.0,0.0,0.0,0.0,0.0,4.0,4.0,0.0,1.0,3.0,0.0,23.0,9.0,26.0,1.0,66.0,1.0,1.0,8.0,3.0,1.0,0.0
gene_2_30,3.0,1.0,0.0,4.0,5.0,0.0,3.0,1.0,14.0,2.0,0.0,21.0,0.0,0.0,0.0,13.0,4.0,0.0,7.0,0.0,1.0,10.0
gene_2_31,0.0,0.0,1.0,2.0,1.0,12.0,13.0,17.0,5.0,24.0,47.0,17.0,14.0,19.0,3.0,64.0,20.0,4.0,2.0,2.0,2.0,2.0
gene_2_32,10.0,1.0,0.0,3.0,5.0,2.0,3.0,11.0,1.0,1.0,0.0,13.0,0.0,4.0,29.0,4.0,2.0,0.0,0.0,0.0,2.0,0.0
gene_2_33,6.0,0.0,38.0,8.0,4.0,13.0,2.0,1.0,1.0,0.0,0.0,6.0,2.0,0.0,0.0,0.0,0.0,0.0,1.0,0.0,1.0,9.0
gene_2_34,0.0,0.0,16.0,0.0,0.0,1.0,6.0,0.0,0.0,3.0,2.0,2.0,0.0,0.0,2.0,0.0,0.0,0.0,0.0,0.0,8.0,0.0
gene_2_35,1.0,0.0,8.0,11.0,4.0,54.0,30.0,7.0,26.0,54.0,27.0,0.0,3.0,25.0,6.0,3.0,22.0,0.0,0.0,0.0,3.0,4.0
gene_2_36,19.0,8.0,0.0,42.0,5.0,22.0,3.0,42.0,35.0,0.0,7.0,3.0,13.0,1.0,8.0,21.0,1.0,1.0,3.0,2.0,60.0,2.0
gene_2_37,2.0,0.0,0.0,0.0,1.0,6.0,4.0,0.0,4.0,3.0,17.0,2.0,1.0,11.0,5.0,8.0,12.0,1.0,1.0,5.0,4.0,0.0
gene_2_38,0.0,0.0,2.0,15.0,35.0,9.0,1.0,2.0,0.0,1.0,0.0,0.0,20.0,3.0,0.0,0.0,0.0,2.0,3.0,22.0,1.0,2.0
gene_2_39,0.0,2.0,0.0,1.0,9.0,0.0,0.0,5.0,0.0,0.0,3.0,1.0,4.0,1.0,21.0,3.0,0.0,0.0,0.0,63.0,94.0,33.0
gene_2_40,0.0,17.0,15.0,7.0,3.0,15.0,0.0,0.0,1.0,3.0,0.0,0.0,0.0,10.0,18.0,5.0,0.0,7.0,2.0,1.0,4.0,1.0
gene_2_41,5.0,0.0,1.0,1.0,0.0,1.0,3.0,0.0,0.0,1.0,0.0,8.0,0.0,0.0,1.0,16.0,13.0,6.0,15.0,8.0,1.0,0.0
gene_2_42,0.0,7.0,1.0,2.0,0.0,2.0,1.0,1.0,2.0,2.0,4.0,7.0,2.0,2.0,0.0,3.0,0.0,1.0,0.0,4.0,1.0,5.0
gene_2_43,0.0,0.0,0.0,1.0,1.0,1.0,1.0,2.0,0.0,0.0,0.0,0.0,1.0,1.0,12.0,2.0,1.0,0.0,1.0,5.0,2.0,46.0
gene_2_44,0.0,5.0,1.0,7.0,7.0,0.0,1.0,8.0,1.0,2.0,3.0,2.0,2.0,7.0,0.0,0.0,1.0,1.0,2.0,3.0,13.0,0.0
gene_2_45,0.0,0.0,0.0,2.0,2.0,0.0,0.0,0.0,0.0,0.0,1.0,0.0,1.0,3.0,0.0,2.0,1.0,0.0,1.0,4.0,1.0,0.0
gene_2_46,0.0,1.0,1.0,2.0,0.0,0.0,0.0,0.0,0.0,0.0,1.0,0.0,0.0,0.0,0.0,0.0,0.0,1.0,0.0,0.0,0.0,1.0
gene_2_47,6.0,0.0,3.0,40.0,17.0,1.0,2.0,0.0,1.0,3.0,1.0,1.0,10.0,0.0,0.0,1.0,1.0,0.0,0.0,1.0,0.0,1.0
gene_2_48,1.0,8.0,1.0,0.0,0.0,0.0,0.0,0.0,0.0,0.0,1.0,0.0,7.0,0.0,0.0,0.0,0.0,0.0,3.0,0.0,0.0,0.0
gene_2_49,0.0,0.0,1.0,1.0,0.0,0.0,0.0,1.0,3.0,3.0,0.0,0.0,0.0,1.0,0.0,0.0,1.0,0.0,5.0,0.0,2.0,1.0
gene_2_50,0.0,0.0,0.0,3.0,0.0,1.0,2.0,1.0,5.0,0.0,5.0,0.0,0.0,0.0,0.0,3.0,0.0,0.0,0.0,0.0,4.0,2.0
gene_2_51,3.0,11.0,0.0,2.0,5.0,0.0,1.0,2.0,0.0,2.0,2.0,2.0,0.0,0.0,0.0,0.0,3.0,3.0,0.0,0.0,0.0,1.0
gene_2_52,2.0,0.0,0.0,1.0,3.0,0.0,0.0,9.0,1.0,0.0,2.0,1.0,0.0,2.0,6.0,0.0,10.0,1.0,1.0,2.0,1.0,0.0
gene_2_53,1.0,0.0,5.0,8.0,0.0,4.0,0.0,1.0,5.0,3.0,6.0,18.0,11.0,2.0,9.0,1.0,7.0,1.0,6.0,8.0,2.0,0.0
gene_2_54,0.0,9.0,1.0,5.0,0.0,1.0,1.0,20.0,0.0,31.0,11.0,18.0,7.0,7.0,26.0,4.0,21.0,0.0,8.0,4.0,3.0,4.0
gene_2_55,1.0,0.0,0.0,2.0,0.0,0.0,0.0,0.0,2.0,5.0,2.0,1.0,2.0,0.0,7.0,3.0,0.0,0.0,0.0,2.0,0.0,3.0
gene_2_56,0.0,0.0,1.0,2.0,1.0,0.0,2.0,0.0,0.0,1.0,3.0,0.0,0.0,0.0,1.0,0.0,0.0,0.0,2.0,3.0,0.0,2.0
gene_2_57,0.0,0.0,1.0,0.0,2.0,1.0,0.0,1.0,1.0,3.0,5.0,5.0,2.0,1.0,0.0,0.0,2.0,0.0,10.0,11.0,5.0,1.0
gene_2_58,0.0,0.0,0.0,3.0,2.0,1.0,10.0,3.0,2.0,6.0,1.0,4.0,2.0,7.0,0.0,0.0,4.0,0.0,0.0,3.0,1.0,2.0
gene_2_59,3.0,7.0,0.0,9.0,1.0,0.0,0.0,0.0,2.0,0.0,0.0,0.0,2.0,0.0,1.0,0.0,1.0,1.0,0.0,0.0,0.0,1.0
gene_2_60,0.0,0.0,1.0,1.0,0.0,0.0,2.0,1.0,1.0,0.0,0.0,4.0,0.0,0.0,1.0,0.0,0.0,0.0,0.0,0.0,1.0,1.0
gene_2_61,0.0,13.0,7.0,1.0,21.0,8.0,1.0,0.0,7.0,19.0,5.0,2.0,10.0,1.0,13.0,1.0,0.0,2.0,1.0,0.0,0.0,0.0
gene_2_62,4.0,6.0,9.0,27.0,0.0,0.0,0.0,0.0,4.0,3.0,3.0,1.0,0.0,7.0,8.0,2.0,6.0,0.0,5.0,1.0,2.0,0.0
gene_2_63,20.0,0.0,2.0,4.0,6.0,9.0,4.0,7.0,0.0,0.0,3.0,2.0,1.0,4.0,1.0,0.0,0.0,1.0,10.0,57.0,60.0,2.0
gene_2_64,1.0,3.0,8.0,2.0,0.0,3.0,1.0,0.0,1.0,1.0,0.0,13.0,0.0,22.0,1.0,0.0,0.0,18.0,3.0,0.0,0.0,4.0
gene_2_65,2.0,0.0,0.0,5.0,3.0,0.0,8.0,0.0,0.0,0.0,0.0,0.0,2.0,0.0,0.0,0.0,2.0,0.0,1.0,3.0,0.0,3.0
gene_2_66,0.0,1.0,3.0,0.0,0.0,0.0,0.0,4.0,2.0,0.0,0.0,0.0,0.0,0.0,4.0,1.0,2.0,0.0,2.0,1.0,1.0,0.0
gene_2_67,6.0,1.0,3.0,4.0,0.0,0.0,0.0,0.0,0.0,1.0,0.0,0.0,0.0,2.0,1.0,0.0,1.0,0.0,0.0,0.0,10.0,0.0
gene_2_68,0.0,0.0,0.0,1.0,0.0,0.0,0.0,0.0,0.0,0.0,0.0,0.0,2.0,3.0,0.0,0.0,1.0,0.0,1.0,0.0,5.0,0.0
gene_2_69,6.0,2.0,0.0,0.0,3.0,3.0,4.0,0.0,6.0,4.0,0.0,83.0,10.0,5.0,31.0,1.0,8.0,10.0,0.0,1.0,10.0,1.0
gene_2_70,0.0,2.0,3.0,0.0,6.0,5.0,30.0,0.0,8.0,2.0,10.0,0.0,31.0,0.0,0.0,0.0,0.0,20.0,14.0,4.0,0.0,9.0
gene_2_71,1.0,1.0,0.0,8.0,2.0,1.0,9.0,1.0,3.0,16.0,92.0,0.0,15.0,6.0,1.0,2.0,3.0,26.0,0.0,0.0,7.0,1.0
gene_2_72,0.0,28.0,23.0,0.0,0.0,12.0,2.0,3.0,6.0,23.0,0.0,30.0,35.0,21.0,5.0,0.0,3.0,8.0,37.0,4.0,5.0,10.0
gene_2_73,0.0,0.0,0.0,2.0,0.0,2.0,3.0,2.0,0.0,2.0,0.0,0.0,4.0,8.0,0.0,1.0,14.0,7.0,24.0,2.0,1.0,0.0
gene_2_74,10.0,0.0,0.0,7.0,4.0,12.0,0.0,19.0,23.0,2.0,1.0,1.0,3.0,0.0,14.0,0.0,8.0,8.0,21.0,0.0,0.0,3.0
gene_2_75,1.0,0.0,0.0,2.0,1.0,0.0,0.0,0.0,2.0,0.0,0.0,0.0,1.0,2.0,0.0,0.0,16.0,0.0,9.0,1.0,0.0,5.0
gene_2_76,0.0,3.0,0.0,1.0,0.0,6.0,0.0,0.0,3.0,4.0,0.0,0.0,0.0,0.0,0.0,0.0,3.0,0.0,0.0,0.0,0.0,2.0
gene_2_77,3.0,17.0,17.0,12.0,6.0,5.0,0.0,0.0,0.0,2.0,1.0,0.0,0.0,6.0,0.0,18.0,7.0,8.0,0.0,0.0,2.0,0.0
gene_2_78,1.0,2.0,8.0,2.0,4.0,0.0,0.0,2.0,3.0,0.0,0.0,1.0,0.0,0.0,0.0,0.0,1.0,1.0,2.0,7.0,0.0,10.0
gene_2_79,6.0,7.0,0.0,0.0,0.0,0.0,0.0,0.0,0.0,0.0,1.0,4.0,0.0,0.0,5.0,0.0,2.0,0.0,4.0,2.0,0.0,1.0
gene_2_80,0.0,1.0,1.0,2.0,1.0,0.0,0.0,6.0,5.0,1.0,0.0,1.0,1.0,1.0,0.0,0.0,2.0,0.0,0.0,1.0,0.0,0.0
gene_2_81,0.0,1.0,8.0,0.0,6.0,1.0,6.0,1.0,6.0,18.0,37.0,5.0,1.0,0.0,2.0,0.0,1.0,0.0,2.0,1.0,0.0,0.0
gene_2_82,0.0,2.0,0.0,0.0,0.0,0.0,1.0,5.0,0.0,6.0,1.0,0.0,0.0,0.0,0.0,11.0,5.0,3.0,0.0,0.0,0.0,2.0
gene_2_83,15.0,0.0,6.0,3.0,7.0,0.0,1.0,0.0,5.0,6.0,2.0,1.0,5.0,0.0,0.0,0.0,0.0,3.0,4.0,0.0,0.0,0.0
gene_2_84,0.0,0.0,0.0,1.0,5.0,0.0,0.0,0.0,1.0,2.0,2.0,0.0,0.0,3.0,1.0,0.0,1.0,0.0,5.0,0.0,1.0,0.0
gene_2_85,8.0,1.0,0.0,0.0,3.0,15.0,0.0,2.0,4.0,0.0,6.0,0.0,7.0,8.0,5.0,1.0,8.0,1.0,0.0,0.0,1.0,0.0
gene_2_86,0.0,1.0,3.0,4.0,15.0,4.0,0.0,3.0,0.0,0.0,0.0,2.0,1.0,0.0,0.0,0.0,7.0,8.0,0.0,0.0,0.0,5.0
gene_2_87,28.0,8.0,47.0,5.0,2.0,0.0,9.0,0.0,1.0,42.0,6.0,0.0,0.0,3.0,0.0,2.0,2.0,5.0,0.0,1.0,0.0,0.0
gene_2_88,9.0,12.0,6.0,2.0,0.0,37.0,6.0,0.0,0.0,11.0,4.0,14.0,21.0,5.0,1.0,6.0,0.0,4.0,1.0,9.0,11.0,3.0
gene_2_89,6.0,0.0,0.0,0.0,2.0,4.0,0.0,1.0,1.0,0.0,0.0,0.0,0.0,0.0,1.0,1.0,0.0,4.0,2.0,0.0,1.0,1.0
gene_2_90,0.0,0.0,1.0,0.0,0.0,0.0,0.0,3.0,1.0,4.0,0.0,2.0,0.0,0.0,1.0,0.0,4.0,0.0,1.0,0.0,0.0,0.0
gene_2_91,0.0,26.0,6.0,0.0,0.0,5.0,16.0,1.0,29.0,0.0,1.0,12.0,0.0,1.0,0.0,6.0,0.0,1.0,2.0,0.0,2.0,3.0
gene_2_92,1.0,0.0,0.0,1.0,1.0,2.0,9.0,2.0,0.0,0.0,1.0,0.0,1.0,15.0,0.0,1.0,0.0,3.0,0.0,1.0,2.0,6.0
gene_2_93,2.0,3.0,4.0,0.0,15.0,1.0,0.0,1.0,34.0,1.0,18.0,0.0,16.0,0.0,1.0,25.0,3.0,0.0,18.0,0.0,1.0,40.0
gene_2_94,2.0,32.0,11.0,0.0,0.0,0.0,1.0,0.0,1.0,8.0,9.0,1.0,0.0,2.0,22.0,4.0,0.0,0.0,8.0,0.0,5.0,1.0
gene_2_95,1.0,3.0,1.0,2.0,1.0,1.0,2.0,2.0,2.0,4.0,0.0,1.0,0.0,8.0,0.0,1.0,3.0,8.0,0.0,4.0,1.0,0.0
gene_2_96,7.0,2.0,7.0,3.0,3.0,4.0,0.0,0.0,2.0,3.0,3.0,1.0,0.0,1.0,1.0,0.0,4.0,2.0,5.0,2.0,2.0,2.0
gene_2_97,5.0,9.0,4.0,21.0,0.0,24.0,0.0,0.0,3.0,0.0,4.0,2.0,0.0,0.0,3.0,1.0,1.0,0.0,0.0,0.0,0.0,0.0
gene_2_98,1.0,0.0,1.0,0.0,0.0,0.0,7.0,3.0,1.0,0.0,1.0,7.0,1.0,2.0,0.0,0.0,0.0,1.0,0.0,1.0,0.0,0.0
gene_2_99,4.0,0.0,0.0,0.0,0.0,0.0,0.0,2.0,1.0,0.0,0.0,3.0,1.0,0.0,7.0,0.0,26.0,5.0,21.0,2.0,0.0,50.0
gene_2_100,0.0,1.0,2.0,0.0,2.0,10.0,0.0,2.0,0.0,0.0,6.0,11.0,0.0,0.0,0.0,8.0,17.0,19.0,0.0,1.0,6.0,1.0
gene_2_101,7.0,15.0,5.0,14.0,14.0,0.0,0.0,23.0,14.0,10.0,2.0,0.0,9.0,4.0,0.0,0.0,0.0,0.0,2.0,2.0,2.0,0.0
gene_2_102,5.0,10.0,0.0,12.0,11.0,1.0,10.0,6.0,2.0,2.0,7.0,4.0,15.0,7.0,1.0,10.0,41.0,14.0,4.0,15.0,13.0,4.0
gene_2_103,3.0,1.0,1.0,6.0,0.0,0.0,1.0,0.0,0.0,0.0,0.0,0.0,0.0,0.0,0.0,0.0,2.0,8.0,0.0,0.0,5.0,1.0
gene_2_104,0.0,0.0,0.0,3.0,0.0,0.0,0.0,0.0,0.0,0.0,0.0,0.0,0.0,1.0,0.0,0.0,0.0,0.0,0.0,0.0,1.0,0.0
gene_2_105,4.0,0.0,0.0,2.0,0.0,0.0,2.0,3.0,19.0,7.0,1.0,0.0,0.0,5.0,0.0,14.0,0.0,4.0,12.0,4.0,21.0,0.0
gene_2_106,0.0,0.0,0.0,8.0,12.0,2.0,7.0,10.0,16.0,0.0,22.0,13.0,8.0,3.0,0.0,1.0,17.0,3.0,0.0,6.0,0.0,7.0
gene_2_107,1.0,0.0,0.0,7.0,13.0,1.0,8.0,0.0,0.0,2.0,54.0,46.0,7.0,76.0,54.0,30.0,18.0,28.0,0.0,5.0,0.0,0.0
gene_2_108,0.0,0.0,13.0,2.0,0.0,1.0,31.0,0.0,0.0,0.0,1.0,0.0,6.0,0.0,4.0,4.0,18.0,1.0,1.0,22.0,1.0,2.0
gene_2_109,0.0,1.0,0.0,1.0,0.0,0.0,4.0,0.0,0.0,0.0,4.0,4.0,10.0,0.0,5.0,3.0,0.0,11.0,8.0,1.0,6.0,9.0
gene_2_110,2.0,0.0,1.0,0.0,0.0,1.0,9.0,18.0,4.0,1.0,0.0,1.0,1.0,6.0,2.0,6.0,0.0,0.0,6.0,0.0,1.0,2.0
gene_2_111,1.0,34.0,19.0,3.0,0.0,0.0,1.0,1.0,2.0,5.0,0.0,1.0,1.0,0.0,1.0,15.0,0.0,7.0,2.0,0.0,10.0,9.0
gene_2_112,0.0,0.0,8.0,3.0,2.0,0.0,0.0,0.0,0.0,0.0,0.0,1.0,0.0,0.0,0.0,6.0,1.0,0.0,5.0,0.0,0.0,1.0
gene_2_113,9.0,0.0,12.0,4.0,25.0,0.0,0.0,2.0,0.0,7.0,3.0,0.0,0.0,0.0,0.0,1.0,0.0,0.0,0.0,5.0,0.0,8.0
gene_2_114,1.0,1.0,0.0,1.0,1.0,3.0,0.0,4.0,2.0,1.0,11.0,0.0,1.0,0.0,2.0,5.0,0.0,0.0,2.0,2.0,2.0,9.0
gene_2_115,1.0,0.0,0.0,0.0,0.0,10.0,0.0,0.0,0.0,0.0,0.0,2.0,0.0,0.0,1.0,5.0,5.0,5.0,13.0,3.0,0.0,3.0
gene_2_116,2.0,1.0,0.0,0.0,0.0,0.0,3.0,0.0,0.0,1.0,1.0,0.0,0.0,1.0,0.0,0.0,0.0,0.0,0.0,0.0,1.0,0.0
gene_2_117,4.0,0.0,1.0,3.0,32.0,3.0,8.0,3.0,5.0,4.0,10.0,21.0,2.0,3.0,1.0,13.0,3.0,0.0,2.0,0.0,3.0,1.0
gene_2_118,10.0,0.0,0.0,0.0,2.0,13.0,5.0,0.0,0.0,0.0,0.0,3.0,4.0,8.0,0.0,0.0,14.0,18.0,3.0,27.0,10.0,26.0
gene_2_119,2.0,4.0,0.0,1.0,33.0,0.0,17.0,10.0,1.0,2.0,0.0,13.0,4.0,3.0,0.0,0.0,4.0,2.0,2.0,0.0,0.0,0.0
gene_2_120,0.0,8.0,5.0,0.0,0.0,0.0,0.0,0.0,4.0,2.0,21.0,8.0,1.0,5.0,10.0,4.0,10.0,2.0,2.0,1.0,1.0,0.0
gene_2_121,1.0,3.0,3.0,2.0,0.0,0.0,0.0,1.0,2.0,0.0,6.0,4.0,0.0,2.0,2.0,0.0,57.0,42.0,2.0,7.0,1.0,4.0
gene_2_122,2.0,0.0,4.0,12.0,5.0,3.0,0.0,1.0,2.0,1.0,14.0,19.0,2.0,1.0,2.0,6.0,1.0,4.0,9.0,0.0,0.0,2.0
gene_2_123,1.0,0.0,1.0,3.0,0.0,0.0,0.0,0.0,0.0,1.0,0.0,7.0,5.0,7.0,27.0,0.0,5.0,2.0,0.0,2.0,23.0,11.0
gene_2_124,3.0,3.0,2.0,5.0,8.0,5.0,6.0,5.0,4.0,2.0,0.0,4.0,4.0,7.0,0.0,0.0,1.0,1.0,5.0,4.0,6.0,3.0
gene_2_125,108.0,1.0,12.0,1.0,0.0,0.0,0.0,0.0,0.0,0.0,1.0,0.0,0.0,0.0,0.0,6.0,0.0,1.0,7.0,14.0,6.0,6.0
gene_2_126,5.0,7.0,0.0,2.0,0.0,6.0,4.0,6.0,0.0,0.0,0.0,0.0,2.0,12.0,1.0,0.0,3.0,4.0,16.0,0.0,11.0,0.0
gene_2_127,3.0,1.0,0.0,16.0,6.0,0.0,1.0,2.0,1.0,0.0,0.0,0.0,0.0,0.0,3.0,0.0,0.0,1.0,5.0,0.0,5.0,3.0
gene_2_128,0.0,1.0,0.0,0.0,0.0,0.0,0.0,0.0,0.0,0.0,0.0,2.0,0.0,1.0,1.0,2.0,1.0,0.0,0.0,2.0,0.0,0.0
gene_2_129,1.0,0.0,0.0,4.0,1.0,12.0,2.0,0.0,1.0,1.0,0.0,0.0,0.0,0.0,0.0,1.0,12.0,1.0,0.0,18.0,0.0,2.0
gene_2_130,0.0,3.0,19.0,1.0,5.0,4.0,0.0,0.0,3.0,3.0,2.0,2.0,2.0,0.0,2.0,13.0,0.0,4.0,6.0,1.0,6.0,0.0
gene_2_131,0.0,0.0,0.0,1.0,0.0,0.0,0.0,0.0,0.0,0.0,1.0,0.0,2.0,0.0,2.0,4.0,1.0,2.0,0.0,13.0,0.0,6.0
gene_2_132,0.0,0.0,0.0,1.0,0.0,0.0,0.0,0.0,0.0,3.0,0.0,0.0,6.0,3.0,1.0,1.0,1.0,0.0,0.0,0.0,0.0,0.0
gene_2_133,1.0,1.0,0.0,5.0,0.0,0.0,0.0,1.0,0.0,1.0,0.0,2.0,5.0,0.0,1.0,1.0,1.0,4.0,13.0,4.0,7.0,34.0
gene_2_134,3.0,1.0,0.0,0.0,3.0,2.0,0.0,0.0,3.0,0.0,0.0,6.0,0.0,1.0,7.0,0.0,1.0,0.0,10.0,4.0,0.0,2.0
gene_2_135,1.0,0.0,0.0,0.0,3.0,0.0,1.0,0.0,17.0,6.0,0.0,10.0,0.0,4.0,16.0,3.0,1.0,3.0,5.0,5.0,1.0,12.0
gene_2_136,0.0,4.0,2.0,9.0,0.0,9.0,0.0,0.0,1.0,0.0,0.0,0.0,5.0,1.0,9.0,0.0,0.0,3.0,1.0,0.0,0.0,6.0
gene_2_137,0.0,0.0,0.0,1.0,0.0,0.0,0.0,0.0,1.0,0.0,5.0,1.0,2.0,0.0,6.0,6.0,2.0,11.0,6.0,0.0,0.0,0.0
gene_2_138,3.0,0.0,6.0,6.0,0.0,1.0,0.0,0.0,0.0,6.0,1.0,0.0,0.0,0.0,2.0,2.0,2.0,0.0,0.0,0.0,0.0,0.0
gene_2_139,2.0,0.0,0.0,2.0,3.0,2.0,0.0,1.0,2.0,1.0,8.0,31.0,10.0,80.0,16.0,0.0,1.0,1.0,8.0,0.0,2.0,0.0
gene_2_140,0.0,1.0,5.0,31.0,35.0,0.0,6.0,1.0,0.0,7.0,2.0,1.0,0.0,3.0,1.0,58.0,0.0,0.0,7.0,3.0,25.0,14.0
gene_2_141,0.0,2.0,0.0,0.0,6.0,4.0,0.0,0.0,0.0,0.0,1.0,0.0,0.0,6.0,2.0,15.0,15.0,27.0,2.0,1.0,11.0,5.0
gene_2_142,0.0,0.0,5.0,2.0,6.0,9.0,5.0,1.0,0.0,12.0,5.0,5.0,3.0,4.0,9.0,2.0,10.0,14.0,30.0,1.0,9.0,16.0
gene_2_143,13.0,1.0,0.0,69.0,1.0,3.0,84.0,0.0,18.0,26.0,1.0,6.0,4.0,5.0,1.0,2.0,0.0,1.0,2.0,0.0,0.0,0.0
gene_2_144,63.0,20.0,5.0,9.0,16.0,15.0,0.0,1.0,1.0,0.0,0.0,3.0,8.0,0.0,3.0,0.0,11.0,0.0,1.0,0.0,0.0,0.0
gene_2_145,0.0,0.0,0.0,4.0,1.0,0.0,0.0,0.0,0.0,2.0,0.0,3.0,0.0,0.0,1.0,0.0,0.0,0.0,0.0,0.0,2.0,5.0
gene_2_146,0.0,21.0,7.0,10.0,3.0,0.0,1.0,0.0,21.0,3.0,0.0,0.0,3.0,1.0,1.0,0.0,0.0,6.0,0.0,0.0,0.0,2.0
gene_2_147,1.0,0.0,1.0,0.0,0.0,0.0,2.0,0.0,0.0,0.0,2.0,0.0,1.0,0.0,0.0,0.0,0.0,2.0,0.0,0.0,0.0,2.0
gene_2_148,1.0,0.0,1.0,6.0,0.0,0.0,0.0,3.0,0.0,0.0,1.0,0.0,0.0,1.0,0.0,0.0,1.0,0.0,0.0,0.0,4.0,0.0
gene_2_149,11.0,1.0,1.0,8.0,5.0,1.0,0.0,0.0,0.0,0.0,1.0,1.0,0.0,2.0,1.0,1.0,1.0,0.0,0.0,0.0,0.0,2.0
gene_2_150,2.0,0.0,2.0,3.0,1.0,1.0,2.0,4.0,8.0,0.0,0.0,1.0,3.0,0.0,0.0,0.0,3.0,3.0,0.0,0.0,0.0,0.0
gene_2_151,0.0,5.0,0.0,0.0,2.0,3.0,0.0,2.0,0.0,1.0,0.0,0.0,0.0,1.0,2.0,0.0,0.0,0.0,0.0,0.0,1.0,1.0
gene_2_152,0.0,0.0,0.0,0.0,4.0,0.0,2.0,0.0,2.0,1.0,1.0,0.0,1.0,2.0,0.0,2.0,0.0,0.0,0.0,0.0,0.0,0.0
gene_2_153,2.0,0.0,0.0,1.0,1.0,7.0,4.0,25.0,6.0,19.0,0.0,0.0,2.0,15.0,3.0,50.0,9.0,1.0,0.0,1.0,1.0,8.0
gene_2_154,0.0,22.0,0.0,3.0,21.0,14.0,1.0,0.0,7.0,0.0,11.0,0.0,2.0,1.0,3.0,2.0,0.0,36.0,2.0,3.0,0.0,4.0
gene_2_155,0.0,4.0,16.0,1.0,0.0,2.0,25.0,9.0,8.0,0.0,19.0,1.0,52.0,112.0,10.0,3.0,1.0,12.0,0.0,10.0,19.0,0.0
gene_2_156,8.0,9.0,4.0,15.0,1.0,1.0,0.0,0.0,18.0,0.0,5.0,23.0,17.0,0.0,0.0,0.0,30.0,10.0,3.0,3.0,8.0,3.0
gene_2_157,0.0,0.0,2.0,2.0,41.0,0.0,0.0,0.0,4.0,17.0,1.0,6.0,10.0,2.0,0.0,1.0,0.0,2.0,0.0,0.0,0.0,1.0
gene_2_158,3.0,1.0,8.0,0.0,7.0,5.0,3.0,1.0,0.0,6.0,0.0,9.0,5.0,11.0,0.0,3.0,0.0,1.0,3.0,8.0,1.0,2.0
gene_2_159,0.0,3.0,15.0,76.0,12.0,21.0,30.0,22.0,18.0,8.0,12.0,0.0,1.0,0.0,1.0,0.0,2.0,0.0,0.0,2.0,3.0,18.0
gene_2_160,3.0,8.0,0.0,13.0,0.0,0.0,7.0,2.0,19.0,2.0,1.0,28.0,2.0,2.0,0.0,41.0,0.0,17.0,0.0,0.0,11.0,2.0
gene_2_161,2.0,1.0,0.0,0.0,0.0,4.0,1.0,6.0,0.0,1.0,1.0,0.0,2.0,0.0,0.0,0.0,1.0,0.0,8.0,5.0,2.0,2.0
gene_2_162,3.0,2.0,0.0,10.0,0.0,0.0,0.0,6.0,1.0,1.0,1.0,2.0,12.0,2.0,0.0,4.0,1.0,3.0,0.0,0.0,1.0,0.0
gene_2_163,11.0,18.0,0.0,0.0,0.0,0.0,0.0,1.0,0.0,0.0,1.0,0.0,0.0,0.0,0.0,1.0,0.0,0.0,1.0,5.0,23.0,25.0
gene_2_164,0.0,0.0,0.0,0.0,0.0,0.0,1.0,0.0,0.0,1.0,0.0,0.0,0.0,0.0,0.0,0.0,0.0,1.0,6.0,0.0,0.0,1.0
gene_2_165,0.0,3.0,0.0,0.0,1.0,0.0,3.0,0.0,3.0,1.0,0.0,2.0,5.0,6.0,2.0,0.0,1.0,1.0,2.0,0.0,14.0,12.0
gene_2_166,5.0,4.0,1.0,3.0,0.0,0.0,0.0,2.0,0.0,0.0,2.0,0.0,0.0,2.0,1.0,1.0,0.0,0.0,1.0,0.0,1.0,3.0
gene_2_167,0.0,0.0,3.0,0.0,0.0,2.0,2.0,5.0,4.0,1.0,1.0,0.0,2.0,2.0,0.0,0.0,3.0,0.0,8.0,1.0,0.0,0.0
gene_2_168,1.0,0.0,0.0,1.0,5.0,0.0,1.0,0.0,5.0,1.0,0.0,1.0,0.0,0.0,0.0,0.0,0.0,2.0,1.0,0.0,5.0,0.0
gene_2_169,1.0,0.0,1.0,3.0,0.0,6.0,5.0,1.0,0.0,6.0,1.0,5.0,19.0,2.0,1.0,4.0,5.0,3.0,1.0,0.0,1.0,0.0
gene_2_170,0.0,0.0,18.0,0.0,1.0,0.0,2.0,1.0,15.0,0.0,0.0,11.0,0.0,11.0,0.0,0.0,0.0,1.0,1.0,0.0,4.0,1.0
gene_2_171,12.0,31.0,0.0,0.0,0.0,0.0,1.0,3.0,0.0,0.0,0.0,1.0,0.0,0.0,0.0,0.0,0.0,0.0,2.0,1.0,2.0,0.0
gene_2_172,0.0,0.0,0.0,5.0,0.0,0.0,0.0,0.0,0.0,0.0,2.0,0.0,0.0,0.0,1.0,0.0,3.0,0.0,0.0,1.0,2.0,3.0
gene_2_173,0.0,1.0,0.0,0.0,1.0,0.0,0.0,2.0,1.0,0.0,0.0,0.0,0.0,0.0,5.0,9.0,1.0,0.0,9.0,2.0,21.0,1.0
gene_2_174,2.0,0.0,0.0,1.0,0.0,3.0,7.0,0.0,0.0,0.0,2.0,0.0,0.0,1.0,1.0,0.0,0.0,0.0,3.0,4.0,1.0,1.0
gene_2_175,7.0,77.0,2.0,7.0,0.0,11.0,4.0,4.0,4.0,25.0,1.0,2.0,0.0,2.0,0.0,2.0,7.0,1.0,1.0,0.0,3.0,0.0
gene_2_176,0.0,3.0,8.0,5.0,2.0,1.0,0.0,2.0,1.0,2.0,0.0,1.0,0.0,1.0,0.0,0.0,5.0,6.0,2.0,5.0,9.0,3.0
gene_2_177,0.0,3.0,0.0,3.0,1.0,1.0,9.0,1.0,4.0,6.0,0.0,0.0,0.0,4.0,18.0,0.0,0.0,1.0,12.0,1.0,1.0,6.0
gene_2_178,0.0,0.0,0.0,2.0,3.0,0.0,1.0,5.0,8.0,2.0,2.0,0.0,1.0,28.0,3.0,11.0,0.0,1.0,5.0,0.0,2.0,0.0
gene_2_179,3.0,1.0,0.0,4.0,4.0,0.0,0.0,0.0,4.0,2.0,1.0,0.0,2.0,2.0,0.0,1.0,5.0,0.0,0.0,1.0,0.0,1.0
gene_2_180,1.0,1.0,0.0,1.0,4.0,0.0,2.0,0.0,0.0,2.0,0.0,1.0,0.0,0.0,2.0,3.0,9.0,4.0,3.0,8.0,0.0,4.0
gene_2_181,2.0,2.0,3.0,0.0,3.0,14.0,5.0,23.0,18.0,0.0,2.0,3.0,1.0,2.0,3.0,5.0,0.0,0.0,1.0,0.0,0.0,3.0
gene_2_182,0.0,1.0,4.0,1.0,15.0,6.0,0.0,0.0,4.0,0.0,3.0,3.0,9.0,3.0,1.0,5.0,2.0,3.0,1.0,5.0,4.0,7.0
gene_2_183,0.0,0.0,2.0,0.0,0.0,0.0,2.0,14.0,0.0,5.0,11.0,0.0,5.0,39.0,50.0,1.0,0.0,16.0,1.0,11.0,0.0,0.0
gene_2_184,12.0,0.0,65.0,21.0,63.0,37.0,8.0,0.0,35.0,2.0,0.0,21.0,39.0,0.0,2.0,2.0,12.0,2.0,4.0,0.0,2.0,1.0
gene_2_185,0.0,34.0,1.0,1.0,0.0,0.0,0.0,0.0,1.0,0.0,0.0,0.0,0.0,3.0,0.0,0.0,2.0,8.0,14.0,0.0,2.0,0.0
gene_2_186,0.0,0.0,3.0,0.0,0.0,8.0,0.0,0.0,1.0,0.0,2.0,1.0,16.0,0.0,1.0,17.0,3.0,1.0,4.0,0.0,9.0,0.0
gene_2_187,2.0,0.0,24.0,20.0,3.0,11.0,21.0,9.0,92.0,19.0,18.0,59.0,40.0,5.0,2.0,13.0,8.0,4.0,1.0,0.0,1.0,0.0
gene_2_188,87.0,13.0,1.0,23.0,32.0,34.0,23.0,16.0,2.0,7.0,6.0,34.0,10.0,16.0,16.0,12.0,27.0,12.0,6.0,31.0,6.0,0.0
gene_2_189,14.0,14.0,0.0,13.0,5.0,0.0,0.0,0.0,0.0,0.0,1.0,1.0,5.0,0.0,1.0,2.0,2.0,3.0,2.0,2.0,0.0,0.0
gene_2_190,1.0,0.0,0.0,6.0,5.0,0.0,1.0,7.0,1.0,2.0,0.0,0.0,1.0,5.0,0.0,0.0,0.0,1.0,0.0,3.0,0.0,2.0
gene_2_191,1.0,53.0,17.0,2.0,24.0,7.0,3.0,3.0,3.0,0.0,1.0,0.0,1.0,0.0,2.0,2.0,3.0,0.0,0.0,1.0,0.0,9.0
gene_2_192,1.0,0.0,8.0,3.0,7.0,0.0,13.0,6.0,0.0,1.0,2.0,2.0,14.0,0.0,3.0,0.0,1.0,1.0,0.0,3.0,0.0,2.0
gene_2_193,20.0,6.0,3.0,0.0,3.0,0.0,0.0,0.0,1.0,1.0,0.0,0.0,0.0,0.0,0.0,4.0,14.0,1.0,1.0,4.0,0.0,0.0
gene_2_194,0.0,9.0,4.0,1.0,0.0,0.0,0.0,0.0,3.0,0.0,2.0,0.0,1.0,0.0,1.0,0.0,1.0,1.0,0.0,4.0,0.0,0.0
gene_2_195,0.0,0.0,0.0,11.0,0.0,7.0,3.0,1.0,7.0,19.0,14.0,0.0,7.0,0.0,0.0,1.0,4.0,0.0,30.0,14.0,47.0,14.0
gene_2_196,0.0,1.0,10.0,0.0,0.0,4.0,1.0,5.0,0.0,0.0,5.0,7.0,4.0,12.0,9.0,2.0,14.0,0.0,0.0,0.0,0.0,1.0
gene_2_197,3.0,2.0,0.0,0.0,0.0,4.0,2.0,1.0,3.0,7.0,14.0,0.0,28.0,5.0,30.0,2.0,6.0,2.0,22.0,0.0,13.0,16.0
gene_2_198,3.0,0.0,0.0,0.0,4.0,2.0,4.0,6.0,0.0,0.0,1.0,6.0,5.0,29.0,0.0,1.0,8.0,5.0,22.0,2.0,1.0,6.0
gene_2_199,0.0,1.0,0.0,1.0,2.0,0.0,0.0,0.0,0.0,5.0,0.0,0.0,2.0,0.0,15.0,2.0,12.0,33.0,1.0,3.0,157.0,18.0
gene_2_200,4.0,0.0,0.0,4.0,0.0,0.0,12.0,4.0,2.0,7.0,1.0,3.0,5.0,4.0,5.0,0.0,2.0,0.0,5.0,2.0,9.0,0.0
gene_2_201,0.0,0.0,0.0,0.0,20.0,0.0,0.0,1.0,0.0,1.0,0.0,5.0,0.0,0.0,0.0,0.0,0.0,0.0,0.0,0.0,1.0,0.0
gene_2_202,0.0,0.0,0.0,4.0,0.0,0.0,0.0,6.0,1.0,5.0,2.0,0.0,0.0,4.0,3.0,0.0,0.0,0.0,0.0,4.0,0.0,2.0
gene_2_203,1.0,1.0,1.0,0.0,0.0,0.0,0.0,4.0,0.0,0.0,0.0,11.0,0.0,0.0,0.0,1.0,39.0,29.0,23.0,17.0,0.0,0.0
gene_2_204,0.0,2.0,0.0,2.0,0.0,2.0,1.0,6.0,6.0,0.0,1.0,10.0,0.0,4.0,16.0,0.0,0.0,6.0,0.0,0.0,14.0,3.0
gene_2_205,0.0,1.0,0.0,0.0,6.0,0.0,24.0,0.0,0.0,1.0,0.0,16.0,12.0,4.0,3.0,0.0,0.0,1.0,1.0,0.0,4.0,0.0
gene_2_206,1.0,8.0,12.0,1.0,5.0,0.0,4.0,0.0,0.0,2.0,1.0,0.0,0.0,5.0,1.0,0.0,0.0,0.0,0.0,3.0,5.0,0.0
gene_2_207,3.0,1.0,1.0,0.0,1.0,2.0,5.0,6.0,1.0,0.0,6.0,3.0,23.0,1.0,10.0,4.0,0.0,27.0,2.0,4.0,31.0,5.0
gene_2_208,3.0,2.0,1.0,0.0,14.0,5.0,27.0,5.0,1.0,0.0,5.0,18.0,5.0,5.0,3.0,2.0,6.0,2.0,13.0,15.0,6.0,73.0
gene_2_209,0.0,23.0,11.0,29.0,3.0,5.0,1.0,3.0,0.0,0.0,5.0,0.0,1.0,2.0,0.0,1.0,0.0,0.0,0.0,0.0,1.0,0.0
gene_2_210,0.0,5.0,1.0,4.0,1.0,1.0,1.0,1.0,4.0,1.0,0.0,3.0,1.0,1.0,3.0,0.0,9.0,1.0,0.0,0.0,0.0,0.0
gene_2_211,0.0,0.0,0.0,0.0,1.0,0.0,1.0,22.0,0.0,6.0,4.0,0.0,24.0,9.0,31.0,5.0,0.0,0.0,13.0,3.0,2.0,0.0
gene_2_212,1.0,18.0,0.0,2.0,0.0,0.0,0.0,10.0,0.0,31.0,0.0,0.0,1.0,0.0,1.0,0.0,9.0,0.0,1.0,1.0,16.0,2.0
gene_2_213,3.0,3.0,1.0,1.0,0.0,6.0,0.0,0.0,26.0,2.0,0.0,0.0,0.0,0.0,7.0,5.0,0.0,0.0,1.0,4.0,1.0,0.0
gene_2_214,0.0,2.0,1.0,3.0,2.0,0.0,0.0,0.0,0.0,0.0,0.0,1.0,2.0,0.0,1.0,4.0,2.0,20.0,0.0,3.0,0.0,7.0
gene_2_215,109.0,16.0,11.0,0.0,0.0,0.0,3.0,1.0,0.0,0.0,0.0,1.0,0.0,0.0,0.0,0.0,0.0,0.0,0.0,2.0,0.0,2.0
gene_2_216,1.0,0.0,0.0,0.0,1.0,2.0,0.0,3.0,1.0,1.0,0.0,2.0,1.0,2.0,0.0,0.0,1.0,2.0,0.0,0.0,0.0,1.0
gene_2_217,1.0,0.0,0.0,0.0,0.0,0.0,3.0,0.0,2.0,2.0,2.0,0.0,1.0,14.0,18.0,0.0,2.0,2.0,18.0,4.0,1.0,11.0
gene_2_218,1.0,3.0,0.0,1.0,1.0,1.0,0.0,2.0,0.0,1.0,3.0,0.0,0.0,1.0,2.0,0.0,0.0,3.0,0.0,3.0,9.0,1.0
gene_2_219,0.0,0.0,0.0,2.0,9.0,3.0,32.0,0.0,32.0,11.0,57.0,25.0,0.0,79.0,2.0,14.0,39.0,9.0,6.0,6.0,1.0,6.0
gene_2_220,20.0,12.0,13.0,3.0,11.0,0.0,4.0,5.0,15.0,0.0,1.0,5.0,1.0,0.0,0.0,17.0,10.0,0.0,12.0,0.0,5.0,6.0
gene_2_221,1.0,0.0,9.0,1.0,0.0,3.0,3.0,33.0,4.0,1.0,7.0,1.0,22.0,2.0,1.0,1.0,0.0,1.0,0.0,0.0,0.0,0.0
gene_2_222,6.0,5.0,1.0,0.0,8.0,2.0,7.0,0.0,0.0,1.0,0.0,0.0,7.0,0.0,0.0,8.0,8.0,0.0,1.0,0.0,2.0,0.0
gene_2_223,0.0,3.0,0.0,0.0,1.0,0.0,1.0,2.0,5.0,1.0,7.0,4.0,0.0,3.0,1.0,5.0,18.0,12.0,23.0,0.0,13.0,33.0
gene_2_224,0.0,1.0,0.0,0.0,0.0,0.0,2.0,11.0,5.0,0.0,0.0,0.0,4.0,6.0,0.0,1.0,2.0,1.0,0.0,3.0,0.0,1.0
gene_2_225,0.0,0.0,0.0,0.0,0.0,0.0,4.0,0.0,0.0,0.0,1.0,0.0,0.0,0.0,1.0,0.0,1.0,0.0,2.0,0.0,0.0,0.0
gene_2_226,0.0,0.0,4.0,2.0,6.0,1.0,0.0,0.0,1.0,0.0,0.0,1.0,4.0,2.0,3.0,1.0,0.0,0.0,1.0,1.0,0.0,0.0
gene_2_227,0.0,0.0,3.0,7.0,11.0,5.0,3.0,0.0,8.0,2.0,3.0,0.0,0.0,13.0,4.0,0.0,0.0,1.0,1.0,0.0,0.0,0.0
gene_2_228,1.0,0.0,0.0,1.0,0.0,3.0,4.0,6.0,0.0,18.0,0.0,0.0,16.0,4.0,4.0,7.0,0.0,14.0,7.0,8.0,18.0,3.0
gene_2_229,0.0,0.0,6.0,0.0,2.0,0.0,2.0,0.0,0.0,0.0,2.0,0.0,1.0,0.0,4.0,0.0,3.0,8.0,3.0,2.0,16.0,3.0
gene_2_230,0.0,1.0,3.0,1.0,5.0,1.0,0.0,3.0,0.0,0.0,1.0,1.0,3.0,1.0,4.0,0.0,0.0,3.0,0.0,0.0,2.0,1.0
gene_2_231,0.0,35.0,3.0,5.0,0.0,1.0,0.0,0.0,3.0,0.0,0.0,0.0,1.0,3.0,0.0,0.0,6.0,1.0,0.0,1.0,0.0,2.0
gene_2_232,0.0,0.0,0.0,0.0,2.0,1.0,10.0,0.0,3.0,0.0,0.0,0.0,3.0,0.0,2.0,0.0,0.0,5.0,1.0,0.0,0.0,0.0
gene_2_233,9.0,7.0,28.0,0.0,4.0,3.0,0.0,6.0,0.0,0.0,0.0,0.0,0.0,0.0,0.0,0.0,2.0,1.0,4.0,1.0,1.0,19.0
gene_2_234,0.0,9.0,1.0,10.0,1.0,0.0,0.0,0.0,0.0,4.0,0.0,13.0,0.0,0.0,2.0,0.0,0.0,0.0,0.0,0.0,0.0,5.0
gene_2_235,6.0,5.0,0.0,3.0,1.0,2.0,1.0,0.0,0.0,3.0,0.0,0.0,4.0,0.0,0.0,5.0,0.0,5.0,17.0,0.0,5.0,4.0
gene_2_236,0.0,0.0,2.0,0.0,2.0,0.0,2.0,0.0,0.0,3.0,3.0,0.0,2.0,6.0,0.0,2.0,5.0,0.0,0.0,1.0,2.0,1.0
gene_2_237,0.0,1.0,8.0,2.0,10.0,2.0,0.0,4.0,0.0,0.0,0.0,1.0,0.0,5.0,1.0,2.0,0.0,3.0,0.0,3.0,0.0,1.0
gene_2_238,0.0,0.0,3.0,0.0,0.0,1.0,0.0,2.0,0.0,0.0,0.0,1.0,0.0,2.0,0.0,1.0,0.0,1.0,2.0,0.0,0.0,0.0
gene_2_239,0.0,7.0,0.0,0.0,0.0,0.0,0.0,7.0,0.0,0.0,2.0,0.0,1.0,0.0,2.0,1.0,0.0,0.0,0.0,0.0,6.0,26.0
gene_2_240,15.0,0.0,0.0,0.0,1.0,0.0,0.0,0.0,0.0,0.0,7.0,4.0,0.0,0.0,1.0,0.0,1.0,0.0,3.0,0.0,3.0,0.0
gene_2_241,1.0,0.0,3.0,2.0,15.0,1.0,3.0,11.0,17.0,3.0,10.0,11.0,0.0,9.0,24.0,11.0,3.0,5.0,0.0,2.0,0.0,4.0
gene_2_242,10.0,0.0,0.0,2.0,0.0,15.0,0.0,0.0,6.0,1.0,0.0,0.0,0.0,19.0,0.0,1.0,2.0,9.0,5.0,0.0,0.0,2.0
gene_2_243,1.0,1.0,0.0,3.0,0.0,8.0,0.0,2.0,0.0,0.0,1.0,0.0,3.0,3.0,4.0,6.0,35.0,10.0,1.0,12.0,45.0,18.0
gene_2_244,1.0,0.0,6.0,0.0,26.0,1.0,0.0,4.0,0.0,2.0,0.0,6.0,14.0,2.0,1.0,0.0,2.0,0.0,10.0,2.0,0.0,3.0
gene_2_245,3.0,0.0,1.0,0.0,0.0,0.0,0.0,0.0,5.0,0.0,1.0,0.0,0.0,0.0,3.0,0.0,0.0,24.0,2.0,9.0,0.0,0.0
gene_2_246,0.0,0.0,6.0,1.0,0.0,0.0,0.0,1.0,0.0,1.0,3.0,2.0,1.0,4.0,2.0,1.0,2.0,0.0,0.0,4.0,0.0,0.0
gene_2_247,17.0,2.0,0.0,0.0,6.0,0.0,3.0,0.0,0.0,0.0,0.0,3.0,0.0,0.0,0.0,8.0,1.0,0.0,0.0,3.0,3.0,0.0
gene_2_248,1.0,0.0,15.0,0.0,0.0,0.0,1.0,3.0,2.0,1.0,0.0,0.0,2.0,2.0,0.0,4.0,0.0,1.0,3.0,1.0,0.0,0.0
gene_2_249,1.0,2.0,2.0,0.0,2.0,7.0,1.0,2.0,14.0,40.0,0.0,15.0,7.0,1.0,15.0,0.0,5.0,2.0,0.0,0.0,3.0,0.0
gene_2_250,5.0,23.0,19.0,7.0,21.0,0.0,3.0,7.0,22.0,3.0,7.0,6.0,0.0,3.0,3.0,1.0,2.0,12.0,0.0,39.0,4.0,0.0
gene_2_251,2.0,0.0,1.0,0.0,1.0,0.0,0.0,1.0,0.0,0.0,0.0,2.0,1.0,1.0,0.0,0.0,0.0,2.0,9.0,2.0,13.0,44.0
gene_2_252,0.0,0.0,0.0,3.0,1.0,0.0,0.0,0.0,0.0,2.0,0.0,0.0,0.0,3.0,0.0,0.0,0.0,1.0,0.0,1.0,1.0,2.0
gene_2_253,37.0,23.0,45.0,6.0,17.0,23.0,0.0,8.0,17.0,0.0,5.0,0.0,0.0,0.0,0.0,0.0,2.0,13.0,0.0,0.0,0.0,4.0
gene_2_254,0.0,0.0,0.0,0.0,0.0,5.0,6.0,2.0,1.0,0.0,8.0,0.0,3.0,0.0,0.0,3.0,17.0,0.0,0.0,11.0,1.0,25.0
gene_2_255,1.0,7.0,15.0,10.0,0.0,0.0,3.0,1.0,0.0,2.0,0.0,0.0,0.0,0.0,0.0,1.0,0.0,0.0,0.0,1.0,0.0,7.0
gene_2_256,0.0,0.0,0.0,0.0,2.0,1.0,1.0,0.0,1.0,1.0,0.0,0.0,0.0,0.0,0.0,0.0,0.0,2.0,0.0,0.0,1.0,0.0
gene_2_257,0.0,2.0,8.0,11.0,19.0,0.0,17.0,3.0,2.0,12.0,5.0,0.0,27.0,5.0,3.0,0.0,8.0,0.0,0.0,1.0,0.0,0.0
gene_2_258,0.0,2.0,1.0,26.0,0.0,3.0,2.0,2.0,0.0,0.0,3.0,8.0,1.0,12.0,0.0,0.0,0.0,1.0,1.0,1.0,2.0,3.0
gene_2_259,2.0,0.0,0.0,1.0,1.0,8.0,1.0,1.0,3.0,1.0,39.0,73.0,0.0,10.0,25.0,13.0,0.0,4.0,0.0,0.0,0.0,0.0
gene_2_260,0.0,2.0,2.0,6.0,3.0,22.0,1.0,2.0,6.0,0.0,0.0,0.0,4.0,7.0,0.0,0.0,0.0,4.0,16.0,1.0,2.0,12.0
gene_2_261,0.0,0.0,2.0,2.0,2.0,1.0,1.0,0.0,2.0,0.0,2.0,7.0,5.0,18.0,6.0,21.0,12.0,12.0,8.0,2.0,9.0,8.0
gene_2_262,4.0,23.0,0.0,6.0,12.0,0.0,3.0,4.0,2.0,21.0,10.0,0.0,6.0,6.0,0.0,0.0,11.0,2.0,10.0,3.0,0.0,2.0
gene_2_263,24.0,3.0,0.0,0.0,0.0,0.0,0.0,4.0,40.0,19.0,0.0,0.0,3.0,0.0,4.0,1.0,6.0,0.0,0.0,5.0,5.0,0.0
gene_2_264,0.0,6.0,3.0,0.0,5.0,0.0,1.0,0.0,0.0,1.0,1.0,5.0,0.0,0.0,0.0,6.0,4.0,2.0,4.0,1.0,5.0,2.0
gene_2_265,0.0,1.0,1.0,0.0,0.0,0.0,0.0,0.0,2.0,0.0,0.0,0.0,0.0,0.0,0.0,6.0,4.0,0.0,0.0,6.0,0.0,0.0
gene_2_266,1.0,4.0,0.0,0.0,10.0,0.0,0.0,4.0,0.0,0.0,0.0,0.0,4.0,0.0,4.0,0.0,0.0,0.0,0.0,0.0,0.0,0.0
gene_2_267,1.0,0.0,11.0,12.0,24.0,2.0,30.0,15.0,61.0,91.0,0.0,30.0,2.0,193.0,1.0,7.0,1.0,0.0,0.0,1.0,0.0,0.0
gene_2_268,0.0,0.0,2.0,13.0,15.0,0.0,25.0,4.0,2.0,0.0,0.0,1.0,1.0,53.0,1.0,12.0,5.0,0.0,0.0,6.0,5.0,12.0
gene_2_269,1.0,0.0,0.0,2.0,32.0,11.0,3.0,24.0,4.0,15.0,2.0,0.0,0.0,0.0,32.0,0.0,1.0,0.0,5.0,6.0,2.0,0.0
gene_2_270,0.0,29.0,0.0,3.0,122.0,6.0,7.0,10.0,0.0,3.0,0.0,0.0,0.0,2.0,15.0,0.0,40.0,2.0,0.0,0.0,11.0,5.0
gene_2_271,1.0,1.0,0.0,2.0,0.0,0.0,1.0,4.0,0.0,6.0,67.0,45.0,0.0,0.0,2.0,0.0,46.0,14.0,4.0,37.0,0.0,11.0
gene_2_272,7.0,2.0,0.0,0.0,0.0,3.0,13.0,1.0,1.0,16.0,8.0,28.0,0.0,0.0,2.0,1.0,13.0,2.0,5.0,16.0,5.0,1.0
gene_2_273,4.0,4.0,1.0,0.0,0.0,28.0,6.0,1.0,6.0,4.0,30.0,4.0,11.0,7.0,1.0,6.0,12.0,12.0,6.0,0.0,0.0,0.0
gene_2_274,0.0,9.0,0.0,0.0,8.0,25.0,2.0,10.0,2.0,1.0,3.0,9.0,0.0,1.0,3.0,3.0,2.0,17.0,1.0,24.0,1.0,0.0
gene_2_275,2.0,0.0,5.0,0.0,0.0,0.0,0.0,1.0,0.0,0.0,1.0,0.0,0.0,0.0,0.0,0.0,0.0,4.0,2.0,3.0,1.0,0.0
gene_2_276,0.0,0.0,1.0,0.0,10.0,0.0,4.0,0.0,0.0,0.0,2.0,2.0,1.0,0.0,2.0,1.0,3.0,2.0,1.0,0.0,6.0,2.0
gene_2_277,0.0,9.0,1.0,1.0,3.0,6.0,0.0,2.0,0.0,0.0,1.0,0.0,3.0,0.0,0.0,0.0,0.0,0.0,0.0,0.0,1.0,0.0
gene_2_278,0.0,1.0,2.0,4.0,0.0,0.0,0.0,0.0,3.0,0.0,1.0,0.0,0.0,1.0,2.0,1.0,0.0,2.0,3.0,0.0,0.0,0.0
gene_2_279,0.0,2.0,0.0,0.0,0.0,1.0,0.0,0.0,1.0,3.0,0.0,0.0,0.0,1.0,2.0,0.0,6.0,5.0,4.0,12.0,0.0,38.0
gene_2_280,12.0,0.0,0.0,1.0,2.0,0.0,1.0,2.0,0.0,0.0,0.0,0.0,1.0,1.0,2.0,5.0,0.0,0.0,0.0,0.0,1.0,0.0
gene_2_281,3.0,1.0,0.0,0.0,0.0,1.0,0.0,0.0,4.0,5.0,38.0,12.0,1.0,0.0,2.0,21.0,2.0,3.0,0.0,0.0,17.0,0.0
gene_2_282,10.0,0.0,0.0,0.0,1.0,2.0,3.0,5.0,2.0,2.0,2.0,24.0,0.0,0.0,0.0,0.0,0.0,1.0,0.0,0.0,3.0,1.0
gene_2_283,10.0,1.0,10.0,2.0,2.0,0.0,0.0,0.0,4.0,1.0,1.0,0.0,0.0,1.0,0.0,0.0,1.0,5.0,0.0,4.0,1.0,0.0
gene_2_284,6.0,2.0,1.0,0.0,3.0,2.0,0.0,0.0,0.0,3.0,3.0,0.0,5.0,1.0,0.0,2.0,1.0,3.0,6.0,0.0,1.0,2.0
gene_2_285,0.0,1.0,2.0,1.0,0.0,2.0,0.0,0.0,0.0,1.0,0.0,0.0,9.0,0.0,14.0,12.0,0.0,2.0,0.0,1.0,1.0,0.0
gene_2_286,0.0,4.0,3.0,0.0,4.0,1.0,0.0,2.0,2.0,0.0,0.0,1.0,2.0,0.0,1.0,3.0,1.0,0.0,10.0,0.0,1.0,42.0
gene_2_287,7.0,0.0,2.0,1.0,6.0,26.0,0.0,5.0,0.0,17.0,8.0,11.0,0.0,22.0,0.0,1.0,3.0,10.0,0.0,0.0,0.0,0.0
gene_2_288,0.0,36.0,4.0,29.0,17.0,22.0,31.0,49.0,15.0,0.0,12.0,35.0,0.0,1.0,16.0,3.0,13.0,5.0,26.0,14.0,3.0,0.0
gene_2_289,0.0,3.0,5.0,0.0,0.0,1.0,0.0,0.0,0.0,0.0,1.0,1.0,0.0,0.0,0.0,0.0,0.0,3.0,1.0,0.0,4.0,0.0
gene_2_290,0.0,2.0,0.0,0.0,0.0,0.0,0.0,1.0,0.0,0.0,0.0,0.0,1.0,0.0,0.0,1.0,0.0,0.0,6.0,0.0,2.0,1.0
gene_2_291,4.0,1.0,1.0,1.0,1.0,3.0,0.0,0.0,2.0,0.0,0.0,0.0,0.0,0.0,1.0,1.0,0.0,3.0,16.0,0.0,13.0,34.0
gene_2_292,1.0,11.0,3.0,2.0,0.0,1.0,0.0,4.0,1.0,1.0,3.0,1.0,10.0,7.0,2.0,3.0,9.0,0.0,0.0,3.0,0.0,0.0
gene_2_293,0.0,0.0,0.0,0.0,3.0,0.0,0.0,0.0,0.0,0.0,0.0,0.0,0.0,0.0,0.0,2.0,1.0,0.0,0.0,0.0,4.0,0.0
gene_2_294,0.0,0.0,1.0,2.0,0.0,0.0,0.0,0.0,2.0,4.0,3.0,0.0,0.0,0.0,1.0,2.0,0.0,0.0,1.0,0.0,0.0,0.0
gene_2_295,2.0,0.0,3.0,0.0,3.0,1.0,11.0,0.0,2.0,0.0,6.0,7.0,9.0,1.0,5.0,0.0,0.0,0.0,1.0,0.0,0.0,0.0
gene_2_296,0.0,0.0,0.0,1.0,0.0,0.0,0.0,14.0,2.0,4.0,23.0,0.0,0.0,1.0,0.0,3.0,25.0,11.0,0.0,0.0,16.0,5.0
gene_2_297,0.0,14.0,9.0,8.0,0.0,19.0,0.0,29.0,12.0,0.0,3.0,0.0,22.0,33.0,19.0,1.0,1.0,9.0,22.0,5.0,0.0,2.0
gene_2_298,12.0,0.0,1.0,0.0,6.0,17.0,0.0,0.0,0.0,5.0,10.0,1.0,20.0,6.0,2.0,1.0,26.0,0.0,0.0,1.0,10.0,31.0
gene_2_299,2.0,0.0,7.0,5.0,34.0,0.0,1.0,64.0,13.0,2.0,0.0,26.0,0.0,34.0,0.0,2.0,1.0,4.0,1.0,1.0,1.0,0.0
gene_2_300,9.0,6.0,0.0,2.0,17.0,25.0,18.0,36.0,0.0,26.0,6.0,3.0,20.0,1.0,3.0,24.0,1.0,1.0,11.0,3.0,0.0,41.0
gene_2_301,1.0,0.0,5.0,0.0,1.0,0.0,0.0,0.0,0.0,0.0,1.0,0.0,1.0,3.0,2.0,0.0,3.0,1.0,1.0,0.0,1.0,3.0
gene_2_302,1.0,1.0,1.0,0.0,2.0,1.0,0.0,3.0,1.0,0.0,0.0,0.0,0.0,1.0,1.0,0.0,0.0,0.0,2.0,0.0,0.0,3.0
gene_2_303,1.0,2.0,4.0,0.0,0.0,20.0,43.0,1.0,29.0,8.0,4.0,4.0,3.0,0.0,0.0,3.0,0.0,3.0,2.0,0.0,0.0,0.0
gene_2_304,0.0,2.0,0.0,4.0,4.0,9.0,7.0,18.0,2.0,12.0,0.0,0.0,3.0,1.0,0.0,2.0,3.0,1.0,4.0,5.0,9.0,0.0
gene_2_305,0.0,1.0,0.0,2.0,0.0,0.0,1.0,6.0,0.0,4.0,5.0,0.0,2.0,0.0,9.0,17.0,7.0,0.0,0.0,42.0,4.0,0.0
gene_2_306,0.0,4.0,1.0,0.0,0.0,0.0,1.0,1.0,3.0,0.0,2.0,3.0,2.0,0.0,3.0,0.0,1.0,0.0,4.0,0.0,2.0,2.0
gene_2_307,8.0,0.0,2.0,0.0,7.0,10.0,1.0,4.0,0.0,1.0,2.0,20.0,7.0,9.0,1.0,2.0,1.0,3.0,0.0,0.0,0.0,0.0
gene_2_308,13.0,2.0,2.0,0.0,0.0,2.0,11.0,4.0,4.0,12.0,10.0,2.0,2.0,1.0,5.0,2.0,3.0,4.0,1.0,6.0,2.0,11.0
gene_2_309,5.0,20.0,25.0,1.0,36.0,0.0,73.0,25.0,1.0,0.0,3.0,0.0,0.0,1.0,3.0,0.0,0.0,0.0,3.0,4.0,1.0,1.0
gene_2_310,2.0,0.0,0.0,3.0,0.0,2.0,2.0,4.0,0.0,0.0,6.0,14.0,0.0,0.0,10.0,0.0,6.0,1.0,11.0,0.0,2.0,4.0
gene_2_311,0.0,0.0,0.0,2.0,0.0,0.0,15.0,3.0,0.0,0.0,1.0,0.0,0.0,13.0,7.0,26.0,0.0,0.0,4.0,0.0,8.0,2.0
gene_2_312,0.0,0.0,6.0,5.0,4.0,0.0,1.0,3.0,0.0,3.0,0.0,1.0,1.0,2.0,0.0,22.0,0.0,3.0,52.0,0.0,11.0,0.0
gene_2_313,0.0,1.0,0.0,5.0,5.0,0.0,2.0,0.0,2.0,2.0,0.0,2.0,3.0,4.0,1.0,1.0,0.0,0.0,1.0,0.0,0.0,0.0
gene_2_314,0.0,0.0,0.0,0.0,1.0,1.0,0.0,0.0,0.0,1.0,0.0,1.0,0.0,0.0,0.0,0.0,1.0,0.0,1.0,2.0,0.0,1.0
gene_2_315,2.0,2.0,15.0,0.0,0.0,91.0,2.0,169.0,57.0,1.0,25.0,0.0,0.0,0.0,4.0,12.0,8.0,5.0,0.0,1.0,0.0,1.0
gene_2_316,31.0,7.0,1.0,3.0,1.0,8.0,13.0,30.0,3.0,0.0,2.0,1.0,7.0,11.0,0.0,0.0,3.0,20.0,18.0,14.0,6.0,5.0
gene_2_317,1.0,4.0,4.0,8.0,0.0,0.0,0.0,0.0,0.0,0.0,0.0,4.0,2.0,6.0,0.0,1.0,3.0,6.0,7.0,18.0,0.0,1.0
gene_2_318,0.0,4.0,0.0,0.0,1.0,0.0,3.0,0.0,20.0,1.0,0.0,0.0,4.0,0.0,1.0,7.0,9.0,4.0,0.0,0.0,4.0,4.0
gene_2_319,0.0,0.0,0.0,1.0,0.0,3.0,1.0,1.0,0.0,0.0,0.0,6.0,1.0,1.0,0.0,1.0,0.0,0.0,1.0,0.0,0.0,2.0
gene_2_320,0.0,2.0,0.0,2.0,0.0,0.0,1.0,2.0,0.0,1.0,0.0,0.0,1.0,0.0,0.0,1.0,3.0,0.0,1.0,0.0,0.0,0.0
gene_2_321,0.0,21.0,0.0,0.0,0.0,4.0,0.0,0.0,0.0,0.0,2.0,1.0,0.0,0.0,0.0,0.0,0.0,0.0,8.0,5.0,1.0,2.0
gene_2_322,7.0,3.0,1.0,3.0,1.0,2.0,0.0,2.0,2.0,3.0,1.0,0.0,0.0,4.0,1.0,0.0,0.0,0.0,6.0,0.0,1.0,0.0
gene_2_323,3.0,3.0,8.0,0.0,3.0,13.0,7.0,12.0,61.0,64.0,0.0,2.0,21.0,4.0,2.0,9.0,3.0,0.0,0.0,0.0,0.0,0.0
gene_2_324,4.0,18.0,33.0,7.0,23.0,6.0,5.0,11.0,8.0,7.0,2.0,38.0,10.0,14.0,7.0,2.0,10.0,29.0,54.0,6.0,15.0,9.0
gene_2_325,0.0,0.0,0.0,0.0,1.0,0.0,0.0,0.0,0.0,1.0,7.0,2.0,16.0,6.0,2.0,6.0,37.0,11.0,0.0,9.0,7.0,1.0
gene_2_326,2.0,1.0,1.0,0.0,1.0,6.0,5.0,0.0,1.0,3.0,0.0,1.0,6.0,3.0,2.0,0.0,0.0,0.0,1.0,0.0,1.0,0.0
gene_2_327,0.0,1.0,0.0,3.0,0.0,0.0,0.0,0.0,0.0,2.0,3.0,7.0,0.0,0.0,2.0,0.0,7.0,0.0,7.0,0.0,8.0,16.0
gene_2_328,0.0,3.0,21.0,1.0,1.0,0.0,1.0,3.0,1.0,1.0,0.0,6.0,4.0,0.0,0.0,6.0,2.0,8.0,3.0,0.0,1.0,15.0
gene_2_329,3.0,4.0,0.0,3.0,17.0,9.0,3.0,15.0,1.0,13.0,3.0,16.0,2.0,1.0,4.0,1.0,1.0,0.0,3.0,0.0,0.0,7.0
gene_2_330,1.0,2.0,0.0,3.0,17.0,2.0,14.0,0.0,23.0,0.0,0.0,16.0,7.0,6.0,0.0,0.0,1.0,22.0,6.0,4.0,0.0,0.0
gene_2_331,0.0,0.0,0.0,0.0,0.0,4.0,0.0,2.0,1.0,0.0,2.0,0.0,4.0,6.0,19.0,9.0,4.0,60.0,0.0,7.0,64.0,0.0
gene_2_332,1.0,1.0,15.0,0.0,4.0,4.0,0.0,0.0,6.0,0.0,0.0,1.0,2.0,3.0,0.0,0.0,0.0,0.0,15.0,1.0,7.0,0.0
gene_2_333,3.0,1.0,0.0,0.0,3.0,1.0,0.0,8.0,3.0,1.0,15.0,35.0,1.0,0.0,0.0,2.0,6.0,8.0,0.0,2.0,0.0,1.0
gene_2_334,0.0,0.0,2.0,2.0,0.0,1.0,6.0,1.0,0.0,0.0,2.0,1.0,3.0,1.0,0.0,4.0,1.0,0.0,1.0,0.0,12.0,0.0
gene_2_335,9.0,0.0,0.0,1.0,1.0,0.0,0.0,0.0,0.0,0.0,1.0,0.0,2.0,0.0,0.0,3.0,0.0,0.0,0.0,0.0,7.0,5.0
gene_2_336,0.0,0.0,0.0,0.0,3.0,0.0,0.0,0.0,0.0,1.0,0.0,0.0,0.0,2.0,0.0,1.0,0.0,0.0,0.0,0.0,0.0,2.0
gene_2_337,0.0,13.0,0.0,2.0,3.0,4.0,0.0,0.0,0.0,0.0,1.0,0.0,0.0,0.0,1.0,6.0,0.0,1.0,9.0,2.0,8.0,0.0
gene_2_338,1.0,0.0,0.0,2.0,11.0,0.0,1.0,0.0,4.0,3.0,2.0,0.0,0.0,4.0,0.0,0.0,0.0,0.0,0.0,0.0,0.0,6.0
gene_2_339,70.0,60.0,46.0,5.0,1.0,4.0,1.0,1.0,0.0,0.0,0.0,1.0,0.0,0.0,0.0,1.0,0.0,1.0,0.0,1.0,5.0,2.0
gene_2_340,0.0,1.0,0.0,2.0,2.0,0.0,0.0,0.0,0.0,1.0,5.0,1.0,0.0,2.0,0.0,2.0,0.0,2.0,4.0,0.0,1.0,1.0
gene_2_341,1.0,0.0,1.0,0.0,0.0,1.0,1.0,0.0,2.0,0.0,0.0,0.0,1.0,0.0,0.0,3.0,1.0,1.0,0.0,0.0,0.0,0.0
gene_2_342,11.0,0.0,0.0,0.0,0.0,0.0,0.0,3.0,4.0,0.0,2.0,0.0,0.0,1.0,1.0,4.0,1.0,0.0,0.0,0.0,0.0,0.0
gene_2_343,0.0,0.0,0.0,0.0,0.0,0.0,0.0,0.0,0.0,0.0,0.0,0.0,2.0,0.0,1.0,0.0,0.0,6.0,5.0,18.0,23.0,38.0
gene_2_344,0.0,0.0,0.0,0.0,0.0,0.0,1.0,0.0,2.0,1.0,0.0,1.0,0.0,2.0,1.0,0.0,1.0,2.0,0.0,1.0,0.0,0.0
gene_2_345,0.0,0.0,6.0,1.0,2.0,3.0,2.0,1.0,0.0,2.0,31.0,14.0,44.0,7.0,92.0,18.0,0.0,2.0,6.0,8.0,3.0,0.0
gene_2_346,4.0,11.0,0.0,0.0,0.0,0.0,0.0,4.0,2.0,17.0,10.0,0.0,1.0,11.0,2.0,0.0,6.0,0.0,1.0,0.0,4.0,0.0
gene_2_347,58.0,2.0,9.0,3.0,2.0,36.0,46.0,5.0,24.0,29.0,7.0,1.0,2.0,0.0,0.0,0.0,9.0,0.0,0.0,1.0,0.0,2.0
gene_2_348,6.0,7.0,5.0,1.0,15.0,19.0,6.0,1.0,5.0,0.0,3.0,1.0,5.0,25.0,3.0,3.0,0.0,9.0,7.0,0.0,3.0,0.0
gene_2_349,3.0,3.0,8.0,11.0,11.0,0.0,0.0,2.0,4.0,0.0,1.0,10.0,1.0,0.0,0.0,0.0,7.0,1.0,0.0,0.0,0.0,0.0
gene_2_350,0.0,5.0,0.0,0.0,0.0,5.0,0.0,0.0,0.0,0.0,0.0,0.0,0.0,20.0,3.0,0.0,1.0,4.0,1.0,3.0,0.0,1.0
gene_2_351,50.0,68.0,1.0,4.0,0.0,4.0,4.0,0.0,0.0,1.0,1.0,7.0,2.0,7.0,10.0,5.0,2.0,1.0,1.0,0.0,0.0,2.0
gene_2_352,0.0,1.0,5.0,0.0,1.0,0.0,4.0,0.0,1.0,2.0,1.0,4.0,0.0,2.0,1.0,2.0,0.0,0.0,7.0,1.0,6.0,6.0
gene_2_353,0.0,0.0,1.0,5.0,0.0,0.0,3.0,10.0,2.0,0.0,15.0,64.0,2.0,16.0,0.0,5.0,21.0,11.0,0.0,2.0,1.0,0.0
gene_2_354,4.0,11.0,0.0,0.0,1.0,0.0,1.0,0.0,0.0,0.0,0.0,4.0,33.0,1.0,0.0,15.0,1.0,3.0,0.0,15.0,8.0,12.0
gene_2_355,0.0,1.0,0.0,0.0,0.0,0.0,0.0,0.0,0.0,2.0,0.0,0.0,1.0,1.0,0.0,0.0,0.0,0.0,0.0,1.0,0.0,2.0
gene_2_356,0.0,0.0,0.0,0.0,0.0,0.0,2.0,0.0,0.0,4.0,0.0,0.0,0.0,1.0,0.0,0.0,1.0,0.0,1.0,0.0,0.0,0.0
gene_2_357,6.0,7.0,21.0,0.0,19.0,14.0,0.0,46.0,6.0,6.0,25.0,0.0,2.0,1.0,6.0,31.0,13.0,14.0,0.0,1.0,4.0,1.0
gene_2_358,17.0,0.0,10.0,5.0,6.0,1.0,0.0,11.0,0.0,11.0,11.0,2.0,5.0,4.0,27.0,0.0,11.0,2.0,1.0,9.0,0.0,15.0
gene_2_359,1.0,4.0,6.0,8.0,0.0,0.0,0.0,3.0,1.0,1.0,8.0,2.0,8.0,0.0,1.0,0.0,0.0,6.0,2.0,1.0,0.0,0.0
gene_2_360,0.0,5.0,6.0,4.0,0.0,1.0,0.0,0.0,1.0,0.0,2.0,2.0,0.0,5.0,0.0,2.0,5.0,2.0,0.0,5.0,1.0,5.0
gene_2_361,0.0,0.0,33.0,0.0,2.0,3.0,0.0,0.0,0.0,1.0,0.0,1.0,2.0,1.0,0.0,0.0,8.0,3.0,7.0,0.0,2.0,3.0
gene_2_362,9.0,4.0,6.0,0.0,2.0,6.0,4.0,1.0,0.0,5.0,2.0,1.0,13.0,0.0,0.0,0.0,1.0,1.0,0.0,0.0,1.0,0.0
gene_2_363,0.0,7.0,1.0,7.0,0.0,0.0,0.0,0.0,0.0,0.0,0.0,0.0,2.0,1.0,5.0,0.0,0.0,4.0,0.0,15.0,2.0,52.0
gene_2_364,2.0,0.0,0.0,1.0,1.0,0.0,0.0,0.0,0.0,0.0,3.0,0.0,4.0,0.0,5.0,0.0,0.0,2.0,0.0,0.0,1.0,0.0
gene_2_365,0.0,0.0,4.0,1.0,0.0,0.0,1.0,1.0,1.0,0.0,0.0,0.0,3.0,1.0,4.0,14.0,0.0,3.0,18.0,2.0,19.0,0.0
gene_2_366,2.0,0.0,1.0,0.0,1.0,10.0,4.0,0.0,1.0,7.0,0.0,1.0,0.0,2.0,4.0,0.0,0.0,3.0,1.0,0.0,2.0,11.0
gene_2_367,0.0,1.0,0.0,0.0,0.0,0.0,0.0,0.0,0.0,0.0,0.0,0.0,0.0,2.0,4.0,4.0,0.0,0.0,18.0,0.0,0.0,0.0
gene_2_368,0.0,1.0,0.0,1.0,0.0,0.0,0.0,0.0,0.0,0.0,0.0,1.0,3.0,0.0,4.0,0.0,4.0,0.0,0.0,1.0,0.0,0.0
gene_2_369,0.0,1.0,0.0,0.0,0.0,0.0,0.0,0.0,3.0,0.0,0.0,1.0,1.0,5.0,0.0,0.0,9.0,0.0,0.0,19.0,14.0,3.0
gene_2_370,0.0,0.0,2.0,0.0,0.0,6.0,6.0,0.0,1.0,0.0,6.0,0.0,3.0,0.0,0.0,5.0,0.0,0.0,0.0,4.0,3.0,1.0
gene_2_371,5.0,1.0,3.0,4.0,8.0,0.0,0.0,1.0,5.0,3.0,4.0,0.0,0.0,3.0,2.0,1.0,9.0,0.0,2.0,0.0,0.0,0.0
gene_2_372,1.0,0.0,2.0,2.0,0.0,0.0,0.0,0.0,2.0,1.0,1.0,1.0,2.0,1.0,5.0,4.0,1.0,1.0,0.0,0.0,6.0,1.0
gene_2_373,1.0,1.0,0.0,0.0,4.0,1.0,5.0,0.0,4.0,3.0,6.0,2.0,34.0,0.0,10.0,1.0,33.0,1.0,2.0,1.0,0.0,37.0
gene_2_374,2.0,2.0,2.0,2.0,24.0,4.0,0.0,1.0,4.0,7.0,0.0,3.0,12.0,0.0,0.0,4.0,9.0,0.0,0.0,1.0,0.0,0.0
gene_2_375,0.0,0.0,0.0,3.0,8.0,17.0,4.0,10.0,73.0,29.0,77.0,1.0,11.0,0.0,27.0,29.0,12.0,0.0,4.0,0.0,13.0,1.0
gene_2_376,7.0,20.0,0.0,14.0,4.0,21.0,0.0,42.0,120.0,36.0,2.0,12.0,0.0,1.0,10.0,0.0,18.0,1.0,1.0,15.0,0.0,0.0
gene_2_377,1.0,1.0,0.0,27.0,3.0,3.0,0.0,0.0,0.0,1.0,0.0,0.0,0.0,0.0,5.0,0.0,0.0,0.0,6.0,0.0,0.0,10.0
gene_2_378,8.0,7.0,0.0,0.0,0.0,1.0,0.0,0.0,0.0,1.0,2.0,4.0,1.0,0.0,3.0,0.0,0.0,0.0,25.0,9.0,1.0,0.0
gene_2_379,0.0,1.0,1.0,0.0,0.0,14.0,11.0,0.0,102.0,13.0,0.0,11.0,4.0,33.0,156.0,0.0,2.0,9.0,9.0,1.0,0.0,2.0
gene_2_380,65.0,1.0,11.0,16.0,3.0,17.0,1.0,22.0,0.0,3.0,10.0,20.0,2.0,0.0,0.0,0.0,5.0,49.0,8.0,0.0,7.0,22.0
gene_2_381,0.0,1.0,0.0,1.0,1.0,0.0,0.0,6.0,1.0,1.0,0.0,1.0,26.0,2.0,1.0,8.0,0.0,0.0,2.0,6.0,2.0,4.0
gene_2_382,4.0,9.0,10.0,1.0,5.0,1.0,3.0,1.0,2.0,2.0,0.0,4.0,4.0,5.0,0.0,8.0,0.0,0.0,0.0,2.0,0.0,6.0
gene_2_383,0.0,6.0,2.0,2.0,1.0,8.0,30.0,25.0,7.0,3.0,3.0,0.0,10.0,86.0,5.0,7.0,52.0,3.0,34.0,1.0,0.0,0.0
gene_2_384,14.0,14.0,1.0,20.0,5.0,13.0,8.0,10.0,2.0,28.0,4.0,0.0,40.0,22.0,6.0,0.0,0.0,22.0,19.0,1.0,4.0,29.0
gene_2_385,0.0,0.0,3.0,0.0,0.0,1.0,1.0,1.0,2.0,0.0,0.0,0.0,0.0,0.0,0.0,0.0,1.0,11.0,0.0,7.0,2.0,6.0
gene_2_386,4.0,1.0,1.0,0.0,1.0,0.0,4.0,0.0,6.0,0.0,0.0,0.0,2.0,3.0,3.0,1.0,0.0,0.0,0.0,3.0,5.0,1.0
gene_2_387,0.0,1.0,1.0,0.0,1.0,0.0,13.0,0.0,0.0,0.0,1.0,10.0,0.0,34.0,0.0,4.0,5.0,4.0,19.0,0.0,10.0,8.0
gene_2_388,1.0,1.0,2.0,0.0,0.0,15.0,0.0,0.0,1.0,3.0,1.0,0.0,26.0,8.0,3.0,2.0,1.0,0.0,1.0,9.0,14.0,1.0
gene_2_389,9.0,1.0,10.0,7.0,0.0,11.0,9.0,2.0,0.0,12.0,48.0,3.0,0.0,8.0,3.0,1.0,0.0,3.0,1.0,0.0,1.0,0.0
gene_2_390,2.0,3.0,0.0,1.0,1.0,0.0,0.0,6.0,0.0,2.0,1.0,7.0,1.0,2.0,6.0,0.0,0.0,3.0,2.0,0.0,13.0,25.0
gene_2_391,0.0,0.0,1.0,9.0,4.0,1.0,2.0,21.0,11.0,22.0,3.0,2.0,40.0,1.0,0.0,1.0,0.0,0.0,7.0,0.0,0.0,0.0
gene_2_392,1.0,0.0,23.0,0.0,61.0,4.0,30.0,25.0,5.0,10.0,3.0,4.0,1.0,25.0,8.0,1.0,13.0,14.0,6.0,6.0,9.0,0.0
gene_2_393,6.0,17.0,1.0,0.0,0.0,2.0,0.0,2.0,0.0,0.0,0.0,1.0,0.0,0.0,1.0,2.0,1.0,0.0,1.0,1.0,1.0,29.0
gene_2_394,2.0,0.0,3.0,1.0,0.0,1.0,1.0,1.0,2.0,0.0,0.0,7.0,0.0,1.0,5.0,3.0,0.0,7.0,0.0,1.0,5.0,7.0
gene_2_395,0.0,0.0,2.0,1.0,9.0,0.0,0.0,8.0,33.0,8.0,0.0,35.0,0.0,20.0,4.0,50.0,66.0,1.0,34.0,19.0,0.0,3.0
gene_2_396,12.0,13.0,1.0,41.0,28.0,1.0,1.0,5.0,2.0,3.0,2.0,2.0,16.0,29.0,21.0,6.0,8.0,3.0,0.0,9.0,1.0,0.0
gene_2_397,1.0,0.0,0.0,0.0,1.0,0.0,0.0,0.0,16.0,0.0,1.0,22.0,0.0,16.0,3.0,0.0,0.0,1.0,0.0,0.0,0.0,2.0
gene_2_398,9.0,0.0,0.0,0.0,2.0,8.0,0.0,5.0,0.0,3.0,5.0,2.0,0.0,15.0,0.0,6.0,0.0,3.0,0.0,2.0,10.0,5.0
gene_2_399,0.0,0.0,8.0,0.0,0.0,1.0,0.0,0.0,25.0,0.0,1.0,14.0,12.0,24.0,29.0,2.0,0.0,14.0,0.0,1.0,1.0,1.0
gene_2_400,2.0,2.0,0.0,7.0,3.0,1.0,0.0,0.0,0.0,29.0,0.0,5.0,0.0,7.0,7.0,0.0,0.0,4.0,6.0,0.0,0.0,0.0
gene_2_401,8.0,0.0,4.0,2.0,0.0,4.0,3.0,40.0,1.0,0.0,2.0,21.0,0.0,3.0,7.0,17.0,0.0,2.0,5.0,2.0,0.0,0.0
gene_2_402,0.0,2.0,0.0,1.0,5.0,1.0,6.0,3.0,0.0,0.0,1.0,1.0,10.0,4.0,2.0,10.0,8.0,0.0,2.0,9.0,0.0,5.0
gene_2_403,1.0,0.0,0.0,1.0,0.0,0.0,0.0,0.0,1.0,0.0,0.0,0.0,3.0,3.0,1.0,3.0,4.0,2.0,10.0,4.0,1.0,0.0
gene_2_404,1.0,0.0,0.0,2.0,0.0,0.0,1.0,1.0,0.0,0.0,0.0,0.0,1.0,7.0,0.0,0.0,0.0,3.0,1.0,0.0,0.0,0.0
gene_2_405,21.0,24.0,5.0,44.0,7.0,1.0,1.0,11.0,0.0,1.0,2.0,0.0,0.0,0.0,0.0,1.0,0.0,0.0,1.0,2.0,11.0,0.0
gene_2_406,6.0,2.0,4.0,0.0,0.0,0.0,1.0,0.0,1.0,4.0,2.0,1.0,0.0,0.0,3.0,2.0,7.0,3.0,8.0,16.0,2.0,8.0
gene_2_407,3.0,0.0,0.0,0.0,0.0,0.0,0.0,0.0,0.0,2.0,0.0,0.0,0.0,0.0,1.0,0.0,0.0,4.0,0.0,0.0,22.0,24.0
gene_2_408,0.0,0.0,1.0,0.0,1.0,0.0,0.0,0.0,0.0,0.0,0.0,0.0,0.0,0.0,0.0,0.0,0.0,3.0,2.0,1.0,0.0,0.0
gene_2_409,0.0,2.0,0.0,0.0,1.0,0.0,1.0,1.0,1.0,5.0,5.0,4.0,35.0,19.0,26.0,7.0,11.0,0.0,18.0,9.0,9.0,13.0
gene_2_410,2.0,2.0,0.0,1.0,2.0,4.0,5.0,0.0,10.0,42.0,2.0,0.0,7.0,19.0,1.0,6.0,0.0,7.0,6.0,7.0,0.0,5.0
gene_2_411,3.0,0.0,2.0,21.0,23.0,4.0,9.0,2.0,87.0,1.0,29.0,41.0,18.0,0.0,26.0,6.0,0.0,2.0,0.0,4.0,0.0,0.0
gene_2_412,34.0,0.0,4.0,31.0,36.0,0.0,6.0,1.0,16.0,9.0,0.0,6.0,0.0,4.0,0.0,7.0,30.0,9.0,3.0,7.0,30.0,90.0
gene_2_413,0.0,0.0,0.0,0.0,0.0,0.0,0.0,3.0,0.0,0.0,5.0,8.0,0.0,2.0,7.0,0.0,0.0,6.0,2.0,91.0,7.0,9.0
gene_2_414,0.0,8.0,0.0,7.0,6.0,16.0,1.0,1.0,2.0,3.0,6.0,2.0,1.0,0.0,0.0,1.0,0.0,4.0,0.0,0.0,1.0,1.0
gene_2_415,0.0,0.0,0.0,4.0,2.0,10.0,0.0,7.0,0.0,8.0,10.0,1.0,2.0,6.0,2.0,0.0,6.0,8.0,8.0,12.0,1.0,0.0
gene_2_416,0.0,10.0,0.0,3.0,2.0,5.0,4.0,1.0,7.0,1.0,11.0,6.0,0.0,1.0,1.0,4.0,3.0,6.0,24.0,19.0,7.0,5.0
gene_2_417,1.0,1.0,2.0,0.0,0.0,9.0,2.0,0.0,3.0,13.0,2.0,26.0,4.0,8.0,0.0,4.0,1.0,3.0,21.0,3.0,3.0,2.0
gene_2_418,1.0,1.0,0.0,4.0,2.0,5.0,1.0,0.0,35.0,1.0,0.0,3.0,7.0,11.0,30.0,2.0,2.0,8.0,0.0,3.0,11.0,0.0
gene_2_419,1.0,3.0,0.0,7.0,6.0,0.0,1.0,0.0,6.0,0.0,0.0,0.0,1.0,0.0,1.0,0.0,0.0,1.0,0.0,1.0,1.0,2.0
gene_2_420,0.0,0.0,1.0,0.0,0.0,0.0,1.0,3.0,0.0,0.0,0.0,1.0,2.0,0.0,0.0,0.0,0.0,0.0,2.0,1.0,1.0,0.0
gene_2_421,0.0,4.0,5.0,3.0,0.0,25.0,21.0,4.0,4.0,8.0,7.0,0.0,1.0,5.0,4.0,1.0,1.0,6.0,2.0,2.0,1.0,0.0
gene_2_422,18.0,22.0,1.0,3.0,3.0,0.0,1.0,4.0,9.0,9.0,0.0,1.0,16.0,10.0,21.0,1.0,0.0,1.0,0.0,19.0,1.0,7.0
gene_2_423,3.0,129.0,2.0,1.0,0.0,0.0,0.0,0.0,0.0,0.0,0.0,0.0,0.0,0.0,0.0,0.0,0.0,1.0,0.0,1.0,7.0,28.0
gene_2_424,0.0,0.0,0.0,0.0,0.0,0.0,0.0,1.0,0.0,0.0,0.0,0.0,1.0,0.0,0.0,0.0,5.0,0.0,0.0,3.0,1.0,0.0
gene_2_425,54.0,0.0,8.0,7.0,9.0,17.0,0.0,5.0,1.0,1.0,0.0,1.0,0.0,1.0,0.0,2.0,1.0,6.0,0.0,1.0,0.0,1.0
gene_2_426,0.0,2.0,0.0,0.0,0.0,0.0,0.0,1.0,4.0,0.0,0.0,1.0,2.0,0.0,0.0,2.0,4.0,7.0,1.0,4.0,0.0,5.0
gene_2_427,0.0,0.0,19.0,0.0,18.0,1.0,2.0,1.0,2.0,0.0,0.0,3.0,8.0,0.0,0.0,1.0,15.0,0.0,0.0,0.0,1.0,1.0
gene_2_428,12.0,8.0,0.0,2.0,0.0,2.0,0.0,1.0,4.0,1.0,2.0,0.0,0.0,1.0,7.0,3.0,0.0,1.0,3.0,10.0,2.0,0.0
gene_2_429,0.0,0.0,1.0,0.0,0.0,1.0,1.0,3.0,0.0,0.0,0.0,0.0,5.0,0.0,0.0,0.0,0.0,0.0,10.0,0.0,0.0,0.0
gene_2_430,0.0,0.0,2.0,0.0,0.0,3.0,5.0,0.0,3.0,0.0,0.0,1.0,0.0,0.0,0.0,0.0,0.0,0.0,0.0,2.0,0.0,0.0
gene_2_431,2.0,9.0,4.0,0.0,0.0,0.0,0.0,0.0,1.0,0.0,0.0,0.0,3.0,2.0,0.0,4.0,6.0,2.0,17.0,16.0,5.0,79.0
gene_2_432,2.0,0.0,0.0,1.0,1.0,1.0,0.0,1.0,2.0,0.0,0.0,4.0,0.0,0.0,2.0,1.0,0.0,0.0,3.0,0.0,0.0,3.0
gene_2_433,0.0,2.0,2.0,13.0,14.0,13.0,26.0,15.0,5.0,5.0,0.0,0.0,1.0,1.0,0.0,2.0,0.0,0.0,0.0,0.0,0.0,0.0
gene_2_434,1.0,0.0,0.0,7.0,0.0,1.0,0.0,2.0,4.0,1.0,19.0,0.0,0.0,4.0,10.0,4.0,0.0,0.0,16.0,0.0,0.0,2.0
gene_2_435,0.0,0.0,0.0,3.0,1.0,1.0,0.0,3.0,3.0,1.0,0.0,1.0,1.0,1.0,2.0,0.0,1.0,0.0,0.0,21.0,29.0,14.0
gene_2_436,1.0,0.0,0.0,1.0,0.0,0.0,0.0,1.0,1.0,0.0,1.0,0.0,0.0,0.0,0.0,0.0,0.0,0.0,2.0,0.0,4.0,0.0
gene_2_437,0.0,26.0,1.0,9.0,1.0,2.0,0.0,2.0,0.0,0.0,1.0,0.0,4.0,0.0,0.0,2.0,1.0,0.0,2.0,0.0,10.0,4.0
gene_2_438,0.0,3.0,0.0,0.0,0.0,0.0,0.0,0.0,9.0,7.0,0.0,1.0,1.0,0.0,0.0,3.0,8.0,4.0,3.0,0.0,2.0,18.0
gene_2_439,0.0,0.0,4.0,0.0,0.0,9.0,0.0,0.0,0.0,0.0,0.0,0.0,1.0,0.0,3.0,1.0,0.0,0.0,0.0,1.0,0.0,0.0
gene_2_440,0.0,0.0,1.0,0.0,1.0,0.0,1.0,0.0,0.0,0.0,0.0,0.0,0.0,0.0,0.0,1.0,1.0,0.0,0.0,0.0,0.0,0.0
gene_2_441,1.0,0.0,0.0,15.0,0.0,3.0,0.0,0.0,0.0,1.0,1.0,0.0,2.0,0.0,2.0,2.0,0.0,0.0,0.0,2.0,0.0,0.0
gene_2_442,0.0,5.0,7.0,0.0,3.0,2.0,0.0,1.0,1.0,6.0,2.0,0.0,1.0,0.0,1.0,1.0,0.0,1.0,1.0,0.0,5.0,2.0
gene_2_443,0.0,1.0,0.0,5.0,4.0,5.0,6.0,1.0,9.0,4.0,3.0,11.0,11.0,0.0,3.0,0.0,52.0,0.0,48.0,3.0,1.0,0.0
gene_2_444,1.0,38.0,9.0,7.0,15.0,0.0,6.0,21.0,0.0,12.0,9.0,0.0,20.0,9.0,25.0,1.0,9.0,0.0,6.0,0.0,44.0,14.0
gene_2_445,0.0,1.0,0.0,5.0,0.0,0.0,0.0,0.0,0.0,0.0,1.0,4.0,0.0,24.0,0.0,0.0,0.0,14.0,21.0,0.0,11.0,0.0
gene_2_446,8.0,1.0,4.0,0.0,0.0,4.0,0.0,4.0,0.0,0.0,0.0,0.0,7.0,1.0,6.0,0.0,4.0,0.0,0.0,0.0,0.0,0.0
gene_2_447,1.0,3.0,2.0,0.0,2.0,3.0,2.0,0.0,0.0,0.0,0.0,0.0,2.0,1.0,2.0,0.0,0.0,1.0,0.0,0.0,0.0,0.0
gene_2_448,0.0,0.0,0.0,1.0,0.0,0.0,1.0,0.0,0.0,3.0,0.0,0.0,2.0,0.0,0.0,0.0,1.0,2.0,4.0,1.0,2.0,0.0
gene_2_449,7.0,0.0,5.0,1.0,2.0,0.0,6.0,1.0,0.0,0.0,0.0,0.0,0.0,0.0,0.0,1.0,3.0,1.0,6.0,24.0,5.0,1.0
gene_2_450,2.0,0.0,0.0,0.0,4.0,0.0,0.0,1.0,0.0,0.0,0.0,15.0,0.0,0.0,8.0,0.0,5.0,0.0,1.0,0.0,6.0,0.0
gene_2_451,4.0,2.0,36.0,1.0,0.0,0.0,11.0,2.0,7.0,0.0,0.0,2.0,2.0,0.0,7.0,0.0,0.0,5.0,3.0,4.0,2.0,4.0
gene_2_452,1.0,2.0,0.0,0.0,9.0,14.0,1.0,4.0,0.0,28.0,0.0,12.0,3.0,14.0,13.0,0.0,2.0,0.0,1.0,0.0,35.0,2.0
gene_2_453,1.0,1.0,9.0,1.0,5.0,1.0,0.0,1.0,0.0,1.0,0.0,1.0,1.0,6.0,0.0,1.0,2.0,3.0,0.0,10.0,4.0,4.0
gene_2_454,1.0,0.0,0.0,1.0,0.0,6.0,1.0,2.0,1.0,0.0,6.0,1.0,0.0,0.0,0.0,1.0,1.0,0.0,0.0,1.0,1.0,5.0
gene_2_455,31.0,3.0,6.0,1.0,2.0,0.0,23.0,24.0,0.0,14.0,0.0,0.0,0.0,0.0,0.0,0.0,0.0,0.0,0.0,0.0,0.0,0.0
gene_2_456,11.0,2.0,1.0,0.0,11.0,15.0,1.0,4.0,4.0,1.0,0.0,3.0,0.0,3.0,5.0,0.0,6.0,2.0,0.0,1.0,0.0,0.0
gene_2_457,0.0,3.0,0.0,2.0,5.0,15.0,0.0,0.0,0.0,6.0,3.0,7.0,1.0,0.0,0.0,4.0,0.0,0.0,0.0,2.0,0.0,0.0
gene_2_458,0.0,0.0,0.0,0.0,1.0,2.0,0.0,5.0,0.0,31.0,5.0,3.0,0.0,0.0,8.0,4.0,4.0,18.0,6.0,1.0,0.0,0.0
gene_2_459,2.0,4.0,6.0,4.0,1.0,3.0,6.0,1.0,0.0,0.0,0.0,0.0,0.0,0.0,1.0,1.0,9.0,0.0,3.0,3.0,2.0,21.0
gene_2_460,0.0,0.0,4.0,0.0,7.0,1.0,0.0,0.0,0.0,0.0,0.0,2.0,0.0,0.0,0.0,0.0,0.0,1.0,8.0,0.0,0.0,3.0
gene_2_461,2.0,0.0,0.0,2.0,0.0,3.0,6.0,5.0,1.0,10.0,0.0,7.0,3.0,8.0,1.0,10.0,4.0,2.0,1.0,2.0,1.0,2.0
gene_2_462,1.0,5.0,13.0,0.0,6.0,1.0,27.0,0.0,5.0,3.0,4.0,1.0,1.0,0.0,6.0,0.0,10.0,0.0,1.0,9.0,14.0,5.0
gene_2_463,13.0,5.0,2.0,2.0,5.0,2.0,19.0,4.0,1.0,12.0,0.0,1.0,9.0,4.0,8.0,7.0,6.0,11.0,5.0,8.0,20.0,22.0
gene_2_464,1.0,1.0,4.0,1.0,1.0,1.0,0.0,1.0,0.0,7.0,0.0,6.0,16.0,0.0,7.0,0.0,3.0,7.0,1.0,7.0,2.0,1.0
gene_2_465,0.0,1.0,2.0,2.0,1.0,0.0,0.0,0.0,2.0,0.0,1.0,6.0,0.0,0.0,4.0,44.0,21.0,4.0,13.0,9.0,6.0,1.0
gene_2_466,4.0,4.0,0.0,5.0,1.0,2.0,2.0,4.0,0.0,0.0,15.0,0.0,1.0,16.0,0.0,3.0,8.0,0.0,3.0,3.0,11.0,0.0
gene_2_467,0.0,0.0,1.0,0.0,0.0,3.0,3.0,0.0,2.0,0.0,2.0,8.0,0.0,0.0,1.0,2.0,0.0,0.0,1.0,1.0,9.0,2.0
gene_2_468,0.0,1.0,6.0,0.0,4.0,0.0,1.0,3.0,1.0,9.0,0.0,0.0,0.0,0.0,1.0,0.0,1.0,4.0,12.0,6.0,4.0,0.0
gene_2_469,0.0,6.0,1.0,0.0,2.0,0.0,1.0,1.0,0.0,0.0,0.0,1.0,3.0,3.0,0.0,0.0,3.0,0.0,0.0,0.0,2.0,2.0
gene_2_470,0.0,1.0,2.0,3.0,4.0,3.0,0.0,0.0,2.0,1.0,0.0,1.0,0.0,4.0,1.0,0.0,0.0,1.0,1.0,0.0,0.0,0.0
gene_2_471,3.0,0.0,0.0,1.0,0.0,0.0,1.0,9.0,0.0,0.0,0.0,0.0,0.0,0.0,0.0,0.0,0.0,2.0,0.0,4.0,1.0,0.0
gene_2_472,0.0,0.0,4.0,0.0,0.0,4.0,0.0,0.0,0.0,1.0,1.0,0.0,0.0,0.0,2.0,0.0,0.0,0.0,0.0,1.0,0.0,3.0
gene_2_473,0.0,0.0,0.0,1.0,0.0,3.0,4.0,0.0,3.0,0.0,0.0,2.0,1.0,0.0,1.0,1.0,15.0,0.0,1.0,2.0,14.0,13.0
gene_2_474,3.0,7.0,11.0,1.0,0.0,0.0,1.0,1.0,1.0,3.0,4.0,2.0,1.0,3.0,1.0,9.0,2.0,1.0,0.0,2.0,6.0,0.0
gene_2_475,0.0,1.0,0.0,4.0,1.0,0.0,0.0,0.0,2.0,8.0,1.0,1.0,0.0,2.0,0.0,3.0,2.0,0.0,2.0,2.0,8.0,7.0
gene_2_476,2.0,7.0,0.0,0.0,0.0,0.0,0.0,1.0,3.0,0.0,0.0,0.0,0.0,0.0,0.0,3.0,1.0,0.0,1.0,1.0,1.0,1.0
gene_2_477,0.0,12.0,0.0,0.0,10.0,1.0,0.0,8.0,0.0,0.0,0.0,3.0,7.0,0.0,0.0,0.0,0.0,0.0,5.0,1.0,2.0,0.0
gene_2_478,12.0,2.0,0.0,4.0,4.0,3.0,9.0,0.0,6.0,6.0,1.0,0.0,7.0,0.0,6.0,0.0,5.0,21.0,1.0,4.0,2.0,1.0
gene_2_479,3.0,2.0,0.0,1.0,6.0,1.0,1.0,0.0,0.0,0.0,0.0,0.0,0.0,0.0,1.0,0.0,1.0,1.0,0.0,2.0,0.0,2.0
gene_2_480,0.0,0.0,2.0,0.0,0.0,0.0,0.0,0.0,0.0,2.0,0.0,1.0,1.0,0.0,0.0,0.0,1.0,3.0,13.0,1.0,0.0,0.0
gene_2_481,0.0,0.0,0.0,0.0,5.0,1.0,6.0,7.0,0.0,4.0,0.0,0.0,0.0,1.0,6.0,1.0,1.0,2.0,1.0,0.0,1.0,4.0
gene_2_482,0.0,2.0,0.0,0.0,0.0,0.0,0.0,1.0,0.0,2.0,3.0,1.0,0.0,0.0,0.0,3.0,0.0,0.0,2.0,0.0,3.0,1.0
gene_2_483,0.0,0.0,5.0,0.0,1.0,0.0,0.0,0.0,0.0,0.0,0.0,0.0,1.0,0.0,0.0,0.0,1.0,0.0,0.0,25.0,0.0,2.0
gene_2_484,1.0,0.0,1.0,0.0,0.0,4.0,1.0,0.0,1.0,0.0,0.0,0.0,0.0,0.0,0.0,1.0,1.0,0.0,0.0,0.0,1.0,1.0
gene_2_485,0.0,0.0,1.0,3.0,14.0,5.0,0.0,8.0,0.0,5.0,1.0,0.0,0.0,0.0,1.0,1.0,1.0,1.0,5.0,3.0,18.0,0.0
gene_2_486,0.0,0.0,0.0,7.0,0.0,0.0,0.0,1.0,1.0,1.0,7.0,2.0,2.0,7.0,4.0,1.0,1.0,0.0,4.0,1.0,1.0,0.0
gene_2_487,0.0,0.0,0.0,1.0,1.0,0.0,2.0,0.0,0.0,0.0,0.0,1.0,1.0,0.0,1.0,6.0,10.0,1.0,11.0,3.0,11.0,4.0
gene_2_488,0.0,0.0,0.0,0.0,0.0,0.0,0.0,0.0,0.0,2.0,4.0,11.0,3.0,2.0,0.0,0.0,4.0,0.0,1.0,0.0,1.0,1.0
gene_2_489,5.0,45.0,0.0,11.0,13.0,1.0,0.0,0.0,4.0,0.0,0.0,0.0,3.0,0.0,1.0,3.0,2.0,0.0,1.0,1.0,0.0,14.0
gene_2_490,1.0,1.0,6.0,4.0,2.0,0.0,17.0,4.0,10.0,8.0,1.0,1.0,0.0,0.0,0.0,1.0,0.0,0.0,5.0,1.0,2.0,0.0
gene_2_491,5.0,1.0,0.0,3.0,4.0,13.0,2.0,1.0,1.0,15.0,1.0,0.0,3.0,1.0,0.0,0.0,1.0,0.0,1.0,3.0,0.0,0.0
gene_2_492,0.0,0.0,1.0,7.0,1.0,0.0,1.0,8.0,0.0,0.0,0.0,0.0,0.0,2.0,7.0,16.0,2.0,2.0,1.0,1.0,0.0,2.0
gene_2_493,0.0,5.0,6.0,2.0,5.0,4.0,0.0,0.0,3.0,1.0,0.0,0.0,0.0,0.0,0.0,1.0,3.0,2.0,0.0,18.0,3.0,1.0
gene_2_494,12.0,2.0,0.0,0.0,0.0,3.0,0.0,0.0,0.0,0.0,0.0,0.0,2.0,0.0,0.0,0.0,5.0,0.0,0.0,1.0,2.0,2.0
gene_2_495,10.0,19.0,24.0,0.0,0.0,0.0,1.0,1.0,3.0,1.0,0.0,6.0,2.0,0.0,0.0,0.0,1.0,3.0,4.0,5.0,0.0,0.0
gene_2_496,5.0,2.0,0.0,29.0,6.0,14.0,9.0,4.0,0.0,0.0,11.0,38.0,15.0,2.0,0.0,0.0,6.0,1.0,1.0,2.0,21.0,1.0
gene_2_497,4.0,1.0,0.0,0.0,5.0,16.0,0.0,1.0,0.0,1.0,0.0,0.0,1.0,2.0,0.0,1.0,4.0,0.0,0.0,3.0,1.0,0.0
gene_2_498,1.0,1.0,1.0,6.0,57.0,18.0,2.0,34.0,0.0,0.0,0.0,6.0,1.0,0.0,5.0,2.0,0.0,0.0,0.0,10.0,1.0,20.0
gene_2_499,0.0,2.0,0.0,0.0,0.0,0.0,2.0,0.0,1.0,0.0,1.0,1.0,5.0,0.0,10.0,1.0,12.0,0.0,1.0,3.0,6.0,1.0
gene_2_500,0.0,0.0,0.0,4.0,0.0,8.0,1.0,0.0,3.0,0.0,1.0,2.0,2.0,9.0,7.0,0.0,1.0,0.0,19.0,0.0,11.0,3.0
gene_2_501,0.0,1.0,0.0,0.0,0.0,4.0,0.0,1.0,0.0,14.0,1.0,2.0,0.0,6.0,2.0,13.0,1.0,0.0,21.0,1.0,6.0,1.0
gene_2_502,2.0,0.0,0.0,0.0,0.0,0.0,1.0,12.0,2.0,2.0,2.0,0.0,3.0,0.0,2.0,2.0,5.0,1.0,1.0,7.0,2.0,4.0
gene_2_503,4.0,0.0,5.0,1.0,0.0,0.0,0.0,0.0,0.0,0.0,0.0,1.0,0.0,0.0,0.0,2.0,0.0,0.0,0.0,0.0,0.0,1.0
gene_2_504,0.0,0.0,1.0,2.0,0.0,2.0,0.0,0.0,0.0,0.0,0.0,3.0,1.0,0.0,0.0,0.0,0.0,0.0,1.0,0.0,2.0,0.0
gene_2_505,0.0,2.0,9.0,0.0,5.0,0.0,0.0,0.0,0.0,0.0,0.0,0.0,0.0,1.0,0.0,8.0,3.0,6.0,0.0,0.0,13.0,0.0
gene_2_506,2.0,7.0,4.0,7.0,2.0,0.0,2.0,6.0,0.0,8.0,0.0,0.0,0.0,0.0,0.0,2.0,1.0,2.0,0.0,0.0,0.0,0.0
gene_2_507,0.0,0.0,0.0,0.0,5.0,3.0,7.0,0.0,7.0,32.0,7.0,16.0,2.0,10.0,8.0,13.0,2.0,3.0,1.0,0.0,5.0,18.0
gene_2_508,6.0,19.0,15.0,2.0,2.0,2.0,3.0,3.0,9.0,0.0,1.0,36.0,0.0,9.0,1.0,25.0,9.0,1.0,7.0,10.0,19.0,29.0
gene_2_509,15.0,9.0,4.0,20.0,1.0,0.0,0.0,0.0,0.0,9.0,0.0,0.0,7.0,0.0,2.0,0.0,2.0,2.0,2.0,0.0,0.0,6.0
gene_2_510,0.0,0.0,0.0,8.0,0.0,3.0,2.0,0.0,7.0,0.0,1.0,0.0,0.0,9.0,1.0,0.0,0.0,0.0,5.0,2.0,2.0,11.0
gene_2_511,4.0,34.0,3.0,12.0,7.0,1.0,0.0,0.0,0.0,0.0,0.0,0.0,0.0,0.0,0.0,0.0,1.0,0.0,0.0,3.0,2.0,0.0
gene_2_512,0.0,0.0,2.0,0.0,0.0,0.0,0.0,2.0,3.0,3.0,0.0,0.0,0.0,0.0,0.0,0.0,1.0,0.0,1.0,1.0,0.0,0.0
gene_2_513,1.0,3.0,0.0,4.0,1.0,0.0,0.0,16.0,20.0,1.0,24.0,3.0,1.0,5.0,1.0,0.0,0.0,0.0,2.0,2.0,0.0,1.0
gene_2_514,2.0,1.0,3.0,0.0,6.0,1.0,5.0,3.0,1.0,0.0,0.0,9.0,1.0,0.0,0.0,7.0,0.0,4.0,2.0,5.0,5.0,10.0
gene_2_515,3.0,0.0,0.0,0.0,6.0,0.0,8.0,4.0,1.0,23.0,16.0,2.0,1.0,4.0,31.0,13.0,0.0,12.0,0.0,58.0,3.0,13.0
gene_2_516,1.0,0.0,4.0,0.0,0.0,1.0,3.0,14.0,0.0,1.0,6.0,7.0,0.0,23.0,4.0,46.0,8.0,4.0,1.0,0.0,0.0,2.0
gene_2_517,1.0,4.0,12.0,0.0,4.0,9.0,30.0,29.0,3.0,0.0,2.0,0.0,0.0,3.0,0.0,1.0,1.0,1.0,2.0,0.0,2.0,0.0
gene_2_518,4.0,8.0,3.0,2.0,12.0,0.0,4.0,6.0,4.0,0.0,15.0,1.0,4.0,2.0,3.0,5.0,6.0,0.0,6.0,2.0,1.0,6.0
gene_2_519,10.0,4.0,1.0,0.0,11.0,50.0,10.0,34.0,2.0,104.0,80.0,2.0,0.0,8.0,19.0,4.0,0.0,0.0,1.0,1.0,0.0,0.0
gene_2_520,9.0,0.0,0.0,7.0,67.0,3.0,0.0,0.0,3.0,0.0,2.0,21.0,4.0,13.0,0.0,15.0,12.0,36.0,0.0,12.0,10.0,10.0
gene_2_521,3.0,2.0,5.0,0.0,3.0,0.0,1.0,2.0,4.0,35.0,2.0,22.0,13.0,5.0,16.0,0.0,1.0,0.0,0.0,4.0,2.0,2.0
gene_2_522,2.0,16.0,0.0,0.0,1.0,0.0,4.0,0.0,14.0,8.0,0.0,6.0,0.0,2.0,0.0,0.0,2.0,4.0,3.0,0.0,4.0,0.0
gene_2_523,8.0,0.0,1.0,14.0,19.0,0.0,2.0,11.0,1.0,2.0,0.0,1.0,0.0,8.0,10.0,4.0,1.0,5.0,2.0,10.0,3.0,58.0
gene_2_524,4.0,19.0,6.0,0.0,5.0,3.0,0.0,25.0,15.0,4.0,0.0,0.0,0.0,4.0,4.0,5.0,9.0,0.0,0.0,5.0,3.0,3.0
gene_2_525,0.0,3.0,7.0,2.0,6.0,5.0,7.0,4.0,27.0,0.0,1.0,2.0,4.0,1.0,12.0,2.0,1.0,8.0,2.0,11.0,0.0,0.0
gene_2_526,0.0,2.0,2.0,10.0,12.0,0.0,0.0,6.0,11.0,8.0,0.0,8.0,16.0,4.0,9.0,0.0,1.0,0.0,2.0,4.0,14.0,3.0
gene_2_527,0.0,2.0,2.0,0.0,0.0,0.0,3.0,0.0,0.0,2.0,0.0,1.0,2.0,0.0,0.0,0.0,3.0,0.0,4.0,0.0,3.0,1.0
gene_2_528,0.0,0.0,0.0,6.0,0.0,1.0,0.0,0.0,0.0,1.0,0.0,3.0,1.0,0.0,1.0,0.0,1.0,0.0,0.0,0.0,0.0,0.0
gene_2_529,1.0,0.0,0.0,10.0,1.0,0.0,1.0,0.0,0.0,0.0,0.0,1.0,0.0,0.0,0.0,0.0,1.0,0.0,21.0,17.0,1.0,7.0
gene_2_530,2.0,7.0,0.0,1.0,5.0,0.0,1.0,0.0,0.0,3.0,13.0,3.0,2.0,2.0,4.0,1.0,0.0,0.0,1.0,0.0,0.0,11.0
gene_2_531,0.0,0.0,18.0,0.0,48.0,10.0,16.0,36.0,0.0,68.0,47.0,0.0,79.0,0.0,1.0,0.0,8.0,1.0,0.0,0.0,0.0,2.0
gene_2_532,13.0,11.0,56.0,45.0,0.0,3.0,32.0,0.0,22.0,0.0,0.0,27.0,8.0,191.0,0.0,0.0,7.0,2.0,14.0,0.0,1.0,0.0
gene_2_533,2.0,0.0,2.0,0.0,31.0,3.0,13.0,0.0,4.0,1.0,1.0,35.0,31.0,7.0,0.0,9.0,0.0,0.0,0.0,1.0,3.0,0.0
gene_2_534,2.0,10.0,4.0,3.0,3.0,1.0,10.0,9.0,4.0,0.0,5.0,19.0,11.0,0.0,1.0,8.0,3.0,0.0,20.0,1.0,5.0,3.0
gene_2_535,0.0,0.0,0.0,0.0,0.0,1.0,0.0,0.0,0.0,0.0,0.0,47.0,2.0,18.0,26.0,0.0,1.0,0.0,5.0,6.0,0.0,0.0
gene_2_536,10.0,1.0,0.0,0.0,0.0,3.0,1.0,0.0,0.0,10.0,0.0,8.0,2.0,3.0,3.0,2.0,0.0,1.0,4.0,9.0,21.0,1.0
gene_2_537,2.0,1.0,0.0,2.0,5.0,14.0,3.0,0.0,3.0,22.0,3.0,2.0,2.0,1.0,0.0,0.0,0.0,2.0,0.0,0.0,1.0,0.0
gene_2_538,2.0,0.0,1.0,14.0,3.0,0.0,0.0,0.0,0.0,0.0,0.0,8.0,2.0,5.0,7.0,2.0,0.0,1.0,0.0,3.0,0.0,10.0
gene_2_539,2.0,0.0,2.0,2.0,0.0,0.0,1.0,0.0,1.0,0.0,0.0,0.0,2.0,2.0,6.0,1.0,7.0,7.0,10.0,6.0,4.0,34.0
gene_2_540,0.0,2.0,0.0,0.0,0.0,0.0,1.0,4.0,0.0,1.0,3.0,0.0,4.0,0.0,8.0,1.0,0.0,2.0,9.0,0.0,0.0,0.0
gene_2_541,0.0,8.0,11.0,19.0,0.0,62.0,1.0,23.0,11.0,3.0,0.0,2.0,2.0,3.0,1.0,0.0,0.0,4.0,1.0,0.0,0.0,3.0
gene_2_542,0.0,0.0,26.0,16.0,4.0,4.0,0.0,6.0,7.0,5.0,73.0,2.0,6.0,26.0,1.0,4.0,0.0,5.0,0.0,15.0,35.0,4.0
gene_2_543,0.0,0.0,0.0,1.0,0.0,9.0,7.0,4.0,10.0,3.0,0.0,21.0,3.0,33.0,2.0,9.0,3.0,2.0,0.0,0.0,2.0,2.0
gene_2_544,1.0,1.0,9.0,4.0,1.0,0.0,18.0,3.0,0.0,0.0,21.0,0.0,9.0,2.0,0.0,15.0,2.0,8.0,1.0,0.0,0.0,2.0
gene_2_545,7.0,1.0,1.0,4.0,3.0,5.0,2.0,9.0,76.0,6.0,0.0,4.0,1.0,6.0,3.0,0.0,38.0,6.0,6.0,10.0,33.0,12.0
gene_2_546,13.0,7.0,30.0,6.0,2.0,0.0,18.0,5.0,6.0,0.0,12.0,20.0,0.0,1.0,2.0,0.0,73.0,0.0,17.0,24.0,25.0,0.0
gene_2_547,0.0,0.0,0.0,0.0,0.0,5.0,5.0,3.0,2.0,1.0,11.0,1.0,0.0,0.0,0.0,16.0,5.0,0.0,8.0,5.0,0.0,0.0
gene_2_548,1.0,0.0,0.0,0.0,0.0,12.0,7.0,0.0,0.0,0.0,0.0,0.0,17.0,1.0,5.0,0.0,1.0,0.0,0.0,0.0,0.0,0.0
gene_2_549,32.0,2.0,1.0,0.0,1.0,2.0,0.0,14.0,0.0,0.0,1.0,2.0,2.0,1.0,0.0,0.0,0.0,0.0,2.0,3.0,0.0,2.0
gene_2_550,0.0,2.0,0.0,2.0,1.0,0.0,2.0,0.0,0.0,1.0,8.0,0.0,0.0,0.0,3.0,9.0,4.0,0.0,1.0,0.0,10.0,0.0
gene_2_551,0.0,0.0,8.0,2.0,9.0,17.0,1.0,15.0,5.0,7.0,11.0,36.0,10.0,0.0,7.0,26.0,14.0,16.0,9.0,0.0,3.0,1.0
gene_2_552,2.0,0.0,1.0,1.0,10.0,10.0,13.0,4.0,0.0,3.0,0.0,8.0,0.0,22.0,19.0,1.0,5.0,0.0,39.0,0.0,0.0,1.0
gene_2_553,2.0,4.0,5.0,3.0,1.0,1.0,17.0,8.0,2.0,0.0,21.0,13.0,2.0,4.0,6.0,13.0,3.0,5.0,0.0,1.0,7.0,0.0
gene_2_554,1.0,26.0,8.0,9.0,1.0,5.0,8.0,1.0,1.0,7.0,10.0,3.0,19.0,17.0,27.0,8.0,13.0,5.0,3.0,9.0,18.0,18.0
gene_2_555,7.0,0.0,0.0,0.0,1.0,0.0,0.0,2.0,0.0,0.0,0.0,17.0,0.0,5.0,5.0,8.0,29.0,0.0,5.0,6.0,3.0,1.0
gene_2_556,5.0,0.0,0.0,0.0,0.0,2.0,3.0,5.0,4.0,2.0,12.0,2.0,0.0,1.0,2.0,9.0,1.0,0.0,0.0,3.0,2.0,0.0
gene_2_557,10.0,3.0,0.0,0.0,15.0,0.0,2.0,5.0,1.0,0.0,2.0,0.0,0.0,1.0,3.0,8.0,2.0,1.0,1.0,2.0,0.0,0.0
gene_2_558,6.0,2.0,4.0,1.0,2.0,0.0,1.0,0.0,8.0,4.0,0.0,0.0,0.0,0.0,1.0,1.0,1.0,0.0,1.0,6.0,9.0,4.0
gene_2_559,4.0,3.0,0.0,4.0,3.0,0.0,1.0,0.0,0.0,0.0,0.0,0.0,1.0,0.0,0.0,0.0,0.0,0.0,0.0,0.0,1.0,1.0
gene_2_560,4.0,2.0,0.0,2.0,0.0,1.0,0.0,1.0,0.0,1.0,0.0,2.0,1.0,1.0,0.0,0.0,3.0,0.0,8.0,1.0,0.0,0.0
gene_2_561,29.0,31.0,17.0,0.0,2.0,7.0,0.0,4.0,0.0,0.0,0.0,0.0,0.0,0.0,0.0,0.0,1.0,0.0,0.0,3.0,0.0,0.0
gene_2_562,0.0,0.0,2.0,2.0,1.0,1.0,0.0,0.0,1.0,0.0,0.0,0.0,0.0,3.0,0.0,0.0,0.0,1.0,1.0,3.0,4.0,0.0
gene_2_563,0.0,3.0,0.0,1.0,2.0,0.0,0.0,1.0,0.0,0.0,3.0,0.0,5.0,2.0,30.0,2.0,0.0,24.0,60.0,9.0,7.0,71.0
gene_2_564,1.0,2.0,4.0,0.0,3.0,2.0,0.0,0.0,0.0,8.0,0.0,1.0,0.0,2.0,0.0,4.0,0.0,2.0,2.0,0.0,2.0,0.0
gene_2_565,5.0,1.0,0.0,0.0,6.0,2.0,9.0,0.0,0.0,1.0,1.0,6.0,0.0,0.0,0.0,5.0,0.0,0.0,0.0,9.0,0.0,6.0
gene_2_566,8.0,34.0,0.0,2.0,6.0,0.0,1.0,4.0,0.0,3.0,0.0,3.0,3.0,0.0,32.0,8.0,0.0,0.0,5.0,0.0,2.0,0.0
gene_2_567,0.0,5.0,0.0,0.0,0.0,0.0,0.0,0.0,6.0,0.0,1.0,3.0,2.0,0.0,1.0,0.0,0.0,0.0,0.0,2.0,1.0,41.0
gene_2_568,7.0,0.0,13.0,1.0,5.0,0.0,3.0,5.0,0.0,2.0,0.0,0.0,1.0,4.0,0.0,1.0,0.0,0.0,4.0,9.0,6.0,6.0
gene_2_569,3.0,1.0,0.0,5.0,1.0,4.0,0.0,0.0,2.0,0.0,1.0,0.0,5.0,0.0,4.0,9.0,1.0,0.0,9.0,1.0,38.0,0.0
gene_2_570,0.0,2.0,2.0,0.0,0.0,0.0,0.0,3.0,1.0,0.0,3.0,0.0,0.0,0.0,3.0,0.0,0.0,0.0,0.0,13.0,2.0,12.0
gene_2_571,0.0,0.0,0.0,0.0,0.0,0.0,8.0,1.0,1.0,2.0,1.0,0.0,2.0,0.0,0.0,0.0,0.0,3.0,0.0,1.0,1.0,3.0
gene_2_572,4.0,0.0,0.0,1.0,1.0,0.0,8.0,3.0,2.0,9.0,1.0,3.0,0.0,0.0,0.0,10.0,4.0,3.0,8.0,0.0,0.0,0.0
gene_2_573,0.0,3.0,1.0,13.0,15.0,11.0,12.0,16.0,5.0,2.0,0.0,1.0,0.0,6.0,16.0,6.0,0.0,1.0,1.0,0.0,1.0,0.0
gene_2_574,7.0,4.0,2.0,13.0,0.0,0.0,18.0,0.0,1.0,8.0,4.0,2.0,0.0,0.0,0.0,1.0,0.0,2.0,3.0,12.0,29.0,5.0
gene_2_575,4.0,1.0,1.0,7.0,6.0,4.0,30.0,20.0,61.0,1.0,41.0,43.0,17.0,14.0,2.0,1.0,0.0,3.0,1.0,1.0,0.0,0.0
gene_2_576,0.0,15.0,3.0,11.0,18.0,0.0,3.0,6.0,8.0,2.0,6.0,3.0,11.0,3.0,0.0,11.0,1.0,1.0,50.0,26.0,28.0,3.0
gene_2_577,0.0,9.0,33.0,3.0,0.0,4.0,0.0,4.0,3.0,3.0,2.0,0.0,26.0,1.0,0.0,4.0,1.0,0.0,0.0,9.0,0.0,1.0
gene_2_578,2.0,0.0,0.0,2.0,0.0,1.0,1.0,7.0,0.0,0.0,19.0,1.0,0.0,8.0,127.0,4.0,16.0,0.0,1.0,0.0,3.0,3.0
gene_2_579,1.0,0.0,0.0,1.0,20.0,1.0,0.0,6.0,13.0,0.0,0.0,1.0,14.0,2.0,50.0,5.0,2.0,3.0,0.0,1.0,0.0,14.0
gene_2_580,0.0,3.0,0.0,0.0,7.0,6.0,0.0,0.0,0.0,15.0,0.0,0.0,1.0,2.0,0.0,1.0,0.0,0.0,1.0,3.0,0.0,9.0
gene_2_581,7.0,6.0,1.0,5.0,5.0,0.0,3.0,1.0,0.0,0.0,0.0,0.0,2.0,2.0,4.0,0.0,13.0,0.0,4.0,23.0,19.0,23.0
gene_2_582,2.0,0.0,0.0,2.0,2.0,4.0,0.0,1.0,1.0,2.0,2.0,1.0,0.0,2.0,5.0,4.0,7.0,0.0,0.0,4.0,0.0,1.0
gene_2_583,1.0,1.0,0.0,1.0,1.0,1.0,19.0,26.0,1.0,5.0,4.0,138.0,42.0,3.0,14.0,34.0,19.0,1.0,2.0,15.0,6.0,13.0
gene_2_584,21.0,3.0,59.0,13.0,1.0,3.0,27.0,3.0,16.0,1.0,0.0,20.0,24.0,20.0,14.0,25.0,7.0,2.0,29.0,14.0,5.0,6.0
gene_2_585,0.0,1.0,1.0,18.0,1.0,38.0,0.0,3.0,0.0,0.0,1.0,0.0,1.0,1.0,0.0,4.0,1.0,2.0,0.0,0.0,0.0,1.0
gene_2_586,1.0,0.0,2.0,0.0,3.0,0.0,3.0,2.0,3.0,0.0,0.0,0.0,2.0,4.0,3.0,11.0,8.0,3.0,3.0,10.0,1.0,0.0
gene_2_587,0.0,3.0,0.0,12.0,0.0,15.0,5.0,11.0,1.0,7.0,11.0,8.0,6.0,2.0,1.0,10.0,1.0,1.0,2.0,0.0,0.0,1.0
gene_2_588,2.0,0.0,8.0,14.0,1.0,2.0,2.0,2.0,5.0,4.0,14.0,1.0,5.0,13.0,4.0,3.0,21.0,0.0,9.0,0.0,1.0,0.0
gene_2_589,1.0,0.0,0.0,6.0,3.0,10.0,7.0,6.0,4.0,3.0,13.0,0.0,3.0,2.0,2.0,1.0,3.0,3.0,0.0,0.0,0.0,0.0
gene_2_590,8.0,3.0,0.0,1.0,1.0,0.0,0.0,2.0,1.0,8.0,0.0,0.0,3.0,4.0,0.0,6.0,27.0,4.0,0.0,1.0,1.0,4.0
gene_2_591,0.0,3.0,5.0,0.0,2.0,0.0,0.0,0.0,3.0,5.0,1.0,2.0,0.0,0.0,3.0,2.0,10.0,3.0,0.0,7.0,0.0,8.0
gene_2_592,3.0,3.0,0.0,0.0,0.0,10.0,22.0,7.0,0.0,0.0,0.0,3.0,2.0,2.0,0.0,1.0,0.0,1.0,0.0,7.0,2.0,12.0
gene_2_593,5.0,1.0,1.0,0.0,1.0,0.0,3.0,0.0,0.0,3.0,25.0,0.0,21.0,2.0,3.0,0.0,44.0,1.0,5.0,6.0,3.0,0.0
gene_2_594,1.0,3.0,1.0,0.0,0.0,0.0,8.0,0.0,4.0,6.0,3.0,9.0,0.0,14.0,6.0,0.0,0.0,9.0,35.0,0.0,2.0,11.0
gene_2_595,37.0,14.0,0.0,1.0,3.0,5.0,1.0,6.0,3.0,0.0,2.0,0.0,1.0,0.0,0.0,0.0,0.0,1.0,3.0,7.0,0.0,1.0
gene_2_596,3.0,0.0,0.0,0.0,0.0,0.0,0.0,1.0,0.0,0.0,0.0,0.0,2.0,7.0,1.0,1.0,3.0,0.0,0.0,2.0,4.0,1.0
gene_2_597,0.0,8.0,0.0,0.0,6.0,8.0,0.0,3.0,0.0,1.0,7.0,8.0,57.0,1.0,5.0,0.0,8.0,7.0,1.0,1.0,9.0,0.0
gene_2_598,18.0,15.0,2.0,0.0,5.0,14.0,8.0,29.0,2.0,21.0,1.0,11.0,6.0,2.0,7.0,5.0,8.0,8.0,0.0,7.0,8.0,5.0
gene_2_599,16.0,1.0,1.0,0.0,4.0,1.0,0.0,1.0,0.0,0.0,0.0,0.0,0.0,0.0,0.0,2.0,0.0,0.0,3.0,1.0,1.0,1.0
gene_2_600,0.0,0.0,0.0,0.0,0.0,3.0,1.0,2.0,0.0,0.0,0.0,0.0,0.0,0.0,1.0,1.0,0.0,0.0,0.0,1.0,0.0,1.0
