,gene,LLR_gpcounts,pval_gpcounts,qval_gpcounts,g,LLR_spatialde,pval_spatialde,qval_spatialde
0,Apc,79.5812034141711,0,0,Cpe,55.8759223809815,7.71605002114484E-14,1.14652787264191E-09
1,Apod,144.568899282087,0,0,Fabp7,41.9662286614716,9.28634946717466E-11,6.89929333663741E-07
2,Apoe,136.977085714595,0,0,Cck,37.5735837643063,8.8028606626267E-10,4.0715840121941E-06
3,Fabp7,175.133936663826,0,0,Kif5b,37.1460264571482,1.09605868825469E-09,4.0715840121941E-06
4,Fam50a,295.046422331956,0,0,Apod,36.6554083608513,1.40967371109468E-09,4.18926833463118E-06
5,Glul,71.6223515271872,0,0,Apoe,35.698016759089,2.30398444767133E-09,5.70581748465804E-06
6,Gng13,73.800091854866,0,0,Sparcl1,32.1771828729675,1.40733835696238E-08,2.98737723515772E-05
7,Igfbp5,103.324540257669,0,0,Apc,31.5435916234516,1.9501288806012E-08,3.62212062960665E-05
8,Kctd12,105.827657784893,0,0,Doc2g,30.6421541301708,3.10278740478509E-08,5.12270200530018E-05
9,Kif5b,122.983771162099,0,0,Marcks,30.4096449720426,3.4978467788882E-08,5.19745052874998E-05
10,Map1lc3b,98.6543789306348,0,0,Kctd12,29.8456034652301,4.67856613450834E-08,6.31989219933268E-05
11,Mcf2l,107.589255924029,0,0,Glul,28.8197309581803,7.94377078561226E-08,9.83637417528438E-05
12,Mrpl22,465.925563363636,0,0,Slc1a2,27.5792100889343,1.50790842146087E-07,0.000172353932573
13,Omp,100.948938104682,0,0,Ptn,27.4256589305463,1.63250745033317E-07,0.000173267344318
14,Pcp4,75.6155683204545,0,0,Mcf2l,27.1838366648925,1.84998857677421E-07,0.000183259868415
15,Ptgds,84.1280442258155,0,0,S100a5,26.4729447661439,2.6725507717984E-07,0.000248196449488
16,S100a5,108.849796779406,0,0,Cdr1,25.9745494263209,3.45948059088386E-07,0.000285580122777
17,Sash1,80.6559711107439,0,0,Omp,26.0532561429153,3.3212824535056E-07,0.000285580122777
18,Scd1,118.584287635272,0,0,Taf7l,25.8028009372782,3.78139323187199E-07,0.000295724852802
19,Sepp1,89.8775021533845,0,0,Cdhr1,25.4274369882657,4.59338551861421E-07,0.000341265577105
20,Sparcl1,78.7749702533797,0,0,Kcnh3,23.1324213008189,1.51219321042895E-06,0.001069984710179
21,Trak2,81.2935286701218,0,0,Mbp,22.9980167053753,1.62168611828051E-06,0.001095301546888
22,Mbp,67.1314100883278,2.22044604925031E-16,1.43450469E-13,Nrsn1,22.0858894603207,2.60719183642344E-06,0.001684359282496
23,Nrgn,63.861219979551,1.33226762955019E-15,8.24840196E-13,Scd1,21.5409902318272,3.46345994151065E-06,0.002144314636288
24,Nr2f2,63.1455877175214,1.88737914186277E-15,1.12178267E-12,Lpar1,20.8538784670639,4.95687512591658E-06,0.002880692831338
25,Cck,61.3391907890948,4.77395900588817E-15,2.72831757E-12,Trak2,20.8218043990092,5.04058238204319E-06,0.002880692831338
26,Vtn,59.0673231689137,1.52100554373646E-14,8.37060051E-12,Prokr2,20.5702236777977,5.74832880484433E-06,0.003163496952266
27,Frzb,58.7317938891453,1.80966353013901E-14,9.60349657E-12,Nrgn,19.4526132740833,1.03126643309359E-05,0.005472709974763
28,Sorbs1,58.3435813266981,2.19824158875781E-14,1.12633351E-11,4933405L10Rik,19.1506051758909,1.20799197007582E-05,0.005983184227786
29,Timp3,57.6816100403202,3.08642000845794E-14,1.52870383E-11,Gabra1,19.1513748184353,1.207504981382E-05,0.005983184227786
30,Ncdn,57.2227493060644,3.8968828164343E-14,1.86786393E-11,Igfbp5,18.8384444511339,1.42270394001276E-05,0.00681934124021
31,Gng4,57.1036559073137,4.13002965160558E-14,1.91775346E-11,Nr2f2,18.2710053557804,1.91601393131346E-05,0.008896890939183
32,Gpsm1,55.9511186615001,7.4273920347423E-14,3.34435207E-11,Ccnd1,17.905218642573,2.32183569178757E-05,0.010031960709312
33,Lpar1,55.1465126519657,1.11910480882216E-13,4.89081716E-11,Cplx1,17.9664906101832,2.24828131081267E-05,0.010031960709312
34,Calm2,55.0069761790646,1.20126131264442E-13,5.0998691E-11,Tubb2b,17.8717713011566,2.36300306094561E-05,0.010031960709312
35,Atf5,54.6301169008813,1.45439216225896E-13,6.00300365E-11,Unc13c,17.5871344189688,2.74438760410334E-05,0.011327459835937
36,Npy,53.2635075606637,2.91655588569029E-13,1.17127308E-10,Sepp1,17.3162031988942,3.16476779423924E-05,0.012709536393135
37,Camk2b,52.9049151240297,3.50053319664312E-13,1.3688006E-10,Pcp4,17.2299832067777,3.31168285407912E-05,0.012949551454937
38,Sez6,52.6267211875151,4.03344024846319E-13,1.53674073E-10,Atp1b1,17.1182771674167,3.51226762413948E-05,0.013381739647971
39,Marcks,52.432567875984,4.4531045517715E-13,1.65421701E-10,Sash1,16.9551212835914,3.82739319504388E-05,0.01387103304516
40,Ccnd1,52.2164890719431,4.97046848124683E-13,1.80137052E-10,Tspan7,16.974369351493,3.78878515209235E-05,0.01387103304516
41,Tubb2b,51.9373136644427,5.72986103009043E-13,2.02714298E-10,Igfbp2,16.8001800495434,4.15293623508006E-05,0.014692495123108
42,Cpe,50.3683861575535,1.27431398766475E-12,4.20778479E-10,Slc6a11,16.4846997427919,4.90442595132423E-05,0.016947643072262
43,Mest,50.4417937005582,1.22757359832804E-12,4.20778479E-10,Penk,16.0739763164732,6.09154166663073E-05,0.02057141309647
44,Penk,50.3939919440452,1.25777166459784E-12,4.20778479E-10,Aqp4,15.8647497823269,6.80341881241775E-05,0.021619731952511
45,Fmo1,49.9843988296502,1.54976032007426E-12,5.00606274E-10,Frzb,15.9253615301047,6.58898795882212E-05,0.021619731952511
46,Vim,49.5071362638757,1.97653005074017E-12,6.24877873E-10,Gpsm1,15.8550267466429,6.83846424233137E-05,0.021619731952511
47,Ahnak,49.2393807323282,2.26552110405009E-12,7.01320377E-10,Pbx1,15.3801964814106,8.79047599526839E-05,0.026656669961978
48,Ptn,48.9071457260993,2.68374211742639E-12,8.13831105E-10,Slc17a7,15.3954847726837,8.71963995988656E-05,0.026656669961978
49,Beta-s,48.3391619944387,3.58524321342202E-12,1.06546258E-09,Gng13,15.3246588537401,9.05270908950762E-05,0.026902840872199
50,Id3,47.0135823835675,7.04969416176482E-12,2.05394913E-09,Baiap2,15.2131417516971,9.60327895696E-05,0.027979435690484
51,Baiap2,46.7590445323669,8.02735655724973E-12,2.29381714E-09,Ptgds,14.9623007450073,0.000109680689227,0.030979766797029
52,Ncrna00085,45.8050585739315,1.30625510408322E-11,3.66219709E-09,Rbfox3,14.9482492744708,0.000110500547832,0.030979766797029
53,Atp1b1,44.961460392261,2.00950367457153E-11,5.52948428E-09,Gna14,14.8481519616035,0.000116522183005,0.031480056677767
54,Gja1,44.8724499929094,2.10296224878448E-11,5.68143928E-09,Olfr635,14.8481519616035,0.000116522183005,0.031480056677767
55,Cpne4,44.3055298516742,2.80921952366953E-11,7.45396302E-09,Sorbs1,14.7339689377023,0.000123795654587,0.032847850562523
56,Nrsn1,43.8942438955788,3.46607187395875E-11,9.0355021E-09,Foxd3,14.6277144361013,0.000130974199168,0.033554234921438
57,Ahcyl2,43.6244561679174,3.97836208421154E-11,1.01921521E-08,Rab3b,14.6308696594094,0.000130755111386,0.033554234921438
58,Kcnh3,43.4543555732421,4.33965086088506E-11,1.09293004E-08,Arhgap33,14.5806832399515,0.000134284041112,0.03381909435388
59,Vamp2,43.3528971611955,4.57058835223734E-11,1.13190621E-08,Igf1,14.5415523449614,0.000137101995194,0.033953309109714
60,Nudt4,42.7105329394896,6.34695629386783E-11,1.54605612E-08,Camk2b,14.2690701034042,0.000158447216784,0.037973664422432
61,Cldn5,41.7147360659124,1.05609965217468E-10,2.53106205E-08,Vtn,14.2692843071939,0.000158429185557,0.037973664422432
62,Syn1,40.9238338783002,1.58279056527988E-10,3.7331246E-08,Necab2,14.2151466223795,0.000163052766798,0.038457159711865
63,Nrxn3,40.657589104338,1.81381465402808E-10,4.21116749E-08,Trnp1,14.173818488158,0.000166673631435,0.038696929523315
64,Igfbp7,40.3899217192369,2.08011385893769E-10,4.75514028E-08,Pmepa1,14.0175962851299,0.000181107845793,0.041401253548167
65,Hmgcs2,40.0256065362153,2.50655385336529E-10,5.6431642E-08,Sfrp5,13.8914610327473,0.000193676389526,0.043603598060066
66,Rgcc,39.4090840602462,3.43694406268469E-10,7.62232117E-08,Ncdn,13.6416420671083,0.000221223875949,0.049062172727164
67,Igf1,39.2836121837884,3.66504493420905E-10,8.00866216E-08,,,,
68,Snap25,38.9162265201062,4.4238801510943E-10,9.52672973E-08,,,,
69,Atp1a1,38.7480070432852,4.82202278107025E-10,1.02357766E-07,,,,
70,Gpt2,38.6964042536727,4.95120278110051E-10,1.03619609E-07,,,,
71,Foxd3,38.5849780137314,5.24208343399835E-10,1.08183497E-07,,,,
72,Grb2,37.6768255124973,8.34905811153419E-10,1.69943362E-07,,,,
73,Gpm6b,37.3636346276851,9.80331149591507E-10,1.95793857E-07,,,,
74,Unc13c,37.3479265192523,9.88258919143448E-10,1.95793857E-07,,,,
75,Meis2,37.2078116721486,1.06187558746029E-09,2.07610649E-07,,,,
76,Nsg2,37.083559502369,1.13173914684239E-09,2.15596307E-07,,,,
77,Prdx6,37.1053107193313,1.11918496692454E-09,2.15596307E-07,,,,
78,Rbfox3,36.9989572336392,1.18192433617992E-09,2.22306503E-07,,,,
79,Ppia,36.8406688940593,1.2818814898452E-09,2.38093463E-07,,,,
80,Ndrg4,36.7998493341472,1.30900368322529E-09,2.40129453E-07,,,,
81,Pmepa1,36.2633936358667,1.72371306117469E-09,3.12349419E-07,,,,
82,2310022B05Rik,36.2230940288769,1.75972814098202E-09,3.1503374E-07,,,,
83,Synpr,36.1987355006499,1.78186132515634E-09,3.15198541E-07,,,,
84,Igfbp4,36.0501902330457,1.92300009249635E-09,3.34164968E-07,,,,
85,Laptm4a,36.0164889072063,1.95654836776527E-09,3.34164968E-07,,,,
86,Psd,36.019274268382,1.95375360334538E-09,3.34164968E-07,,,,
87,Dcn,35.9830917186257,1.99037197834429E-09,3.36078832E-07,,,,
88,Sparc,35.4570385960886,2.60738475255096E-09,4.35316068E-07,,,,
89,Dclk1,35.3984670271828,2.68698285843527E-09,4.4362087E-07,,,,
90,Tspan3,35.3368538992414,2.77334200049495E-09,4.5284713E-07,,,,
91,Mapk1,35.2006008073681,2.97431779205937E-09,4.80384653E-07,,,,
92,Grin1,34.6617532923411,3.9226307757545E-09,6.20067773E-07,,,,
93,Sh3pxd2a,34.670939963231,3.90416310391828E-09,6.20067773E-07,,,,
94,Agt,34.4151065802526,4.45253955927427E-09,6.96424056E-07,,,,
95,Gprin1,34.0036416777932,5.50090195616804E-09,8.51436481E-07,,,,
96,Aplp1,33.5986443739794,6.77399214499275E-09,1.03767783E-06,,,,
97,Ablim3,33.4941607072835,7.14782644184453E-09,1.07282377E-06,,,,
98,Aqp4,33.5123233322806,7.08138947480563E-09,1.07282377E-06,,,,
99,Ube2ql1,33.4539044724895,7.29731342019591E-09,1.0843078E-06,,,,
100,Prdx1,33.3746089009721,7.60098883834104E-09,1.11824845E-06,,,,
101,Bpifb9b,33.3112065303512,7.85287990190397E-09,1.14397983E-06,,,,
102,Mfap3l,33.2294207765303,8.19019407849453E-09,1.18153489E-06,,,,
103,Msi2,33.032922684422,9.06114394627622E-09,1.29461094E-06,,,,
104,Doc2g,32.9499326641562,9.45630218573967E-09,1.33820185E-06,,,,
105,Hpcal4,32.9114483226768,9.64535895597862E-09,1.35207914E-06,,,,
106,S100b,32.7718062075364,1.03637141091184E-08,1.43920026E-06,,,,
107,Ppfia1,32.6625774038938,1.09627719124816E-08,1.5082947E-06,,,,
108,Col1a1,32.553272819255,1.15969677194627E-08,1.56653948E-06,,,,
109,Kcnj10,32.5631911287961,1.15379357179535E-08,1.56653948E-06,,,,
110,Plekhb1,32.4920943753351,1.19678382759503E-08,1.60207305E-06,,,,
111,Lrrc58,32.4138965709631,1.24592305361659E-08,1.65296167E-06,,,,
112,Cdhr1,32.3387892208005,1.29502200074683E-08,1.70289663E-06,,,,
113,Icam5,32.2321397633392,1.36808886441742E-08,1.78319583E-06,,,,
114,Tshz1,32.0188698234264,1.52682256837622E-08,1.97278753E-06,,,,
115,Slc7a11,31.6779005501361,1.81981272273646E-08,2.33108597E-06,,,,
116,Ctxn1,31.2798482813505,2.23386394937464E-08,2.83700722E-06,,,,
117,B2m,31.1000963611308,2.45059227355071E-08,3.08587717E-06,,,,
118,Pbx1,30.966793412716,2.62481054669195E-08,3.27748403E-06,,,,
119,Dynll1,30.7845029409868,2.88331302167322E-08,3.57026235E-06,,,,
120,Tmem132b,30.3900198629811,3.53341389480732E-08,4.33909067E-06,,,,
121,Dlgap1,29.9764972326803,4.37314850998405E-08,5.32627981E-06,,,,
122,Prkca,29.9308402055601,4.47734336272987E-08,5.40884919E-06,,,,
123,Gm13889,29.807142535658,4.77230553963537E-08,5.71868452E-06,,,,
124,Camk2n1,29.7869281785014,4.82232528353777E-08,5.73239451E-06,,,,
125,Egr1,29.7471706100904,4.92224172532474E-08,5.80472935E-06,,,,
126,Plp1,29.6876523050934,5.0757099190335E-08,5.93858061E-06,,,,
127,Bpifb9a,29.5673415869634,5.40072822019511E-08,6.26948599E-06,,,,
128,Eif1,29.2359449351653,6.40793558215336E-08,7.38104766E-06,,,,
129,Bgn,29.1539853822205,6.68480953924799E-08,7.61813681E-06,,,,
130,Phgdh,29.1448781540937,6.71630608906071E-08,7.61813681E-06,,,,
131,Hey2,29.1030939687047,6.86272993988268E-08,7.72525032E-06,,,,
132,Aspa,29.028190318934,7.13326671064607E-08,7.96941429E-06,,,,
133,Slc1a2,28.7952338993884,8.04488424765992E-08,8.92081605E-06,,,,
134,Gda,28.590598905606,8.94152465402698E-08,9.84163814E-06,,,,
135,Arf3,28.5116987634814,9.31340489174204E-08,1.01755797E-05,,,,
136,Igfbp2,28.2534413744664,1.06425250612219E-07,1.15428671E-05,,,,
137,Agap2,28.1602076464064,1.11677122882625E-07,1.20247128E-05,,,,
138,Psat1,28.0361848049821,1.19068094606156E-07,1.27282937E-05,,,,
139,Cebpd,27.9972289355528,1.21489297622013E-07,1.28943534E-05,,,,
140,Eno2,27.9602967632125,1.23830269149749E-07,1.30496026E-05,,,,
141,Gsn,27.6532210815797,1.45130197859444E-07,1.51865465E-05,,,,
142,Dbi,27.591354085844,1.49847072972165E-07,1.55704731E-05,,,,
143,Lamp1,27.5353023137448,1.5425311072903E-07,1.59169929E-05,,,,
144,Atp1a2,27.448994971017,1.61292670886048E-07,1.65286055E-05,,,,
145,Abl2,27.3129554628889,1.73048076201887E-07,1.76117902E-05,,,,
146,Ifitm3,27.2767494364901,1.76318884159699E-07,1.78226007E-05,,,,
147,Kcnj4,27.0305788337751,2.00262194938183E-07,2.01060537E-05,,,,
148,Clca1,26.5351278316738,2.58789302320928E-07,2.58077198E-05,,,,
149,Cav1,26.4465323084186,2.70934420343316E-07,2.67317991E-05,,,,
150,Ccnd2,26.4414112534275,2.71653655237181E-07,2.67317991E-05,,,,
151,Map2,26.0123843037361,3.39234270119171E-07,3.31623817E-05,,,,
152,Cplx1,25.8940236193931,3.60684104916409E-07,3.50287916E-05,,,,
153,Pcp4l1,25.6607079430197,4.07030644189454E-07,3.92731711E-05,,,,
154,Eef1a1,25.4496369311671,4.54083098899716E-07,4.35304566E-05,,,,
155,Plce1,25.1872188159695,5.20258456648826E-07,4.92389835E-05,,,,
156,Rcn2,25.189467029084,5.19652322727993E-07,4.92389835E-05,,,,
157,Bai2,25.012602664135,5.69568070374338E-07,5.35646326E-05,,,,
158,Sox10,24.995950826881,5.74508409179053E-07,5.36894368E-05,,,,
159,Atp1b2,24.9426923972443,5.90599655181379E-07,5.48482517E-05,,,,
160,Gabra1,24.7975356233093,6.36788307417646E-07,5.8770419E-05,,,,
161,Necab2,24.7072797086686,6.67316422564568E-07,6.12077452E-05,,,,
162,Tax1bp3,24.6739927727949,6.7894213695574E-07,6.1892032E-05,,,,
163,Dpf1,24.3922476206524,7.85842915407287E-07,7.12002432E-05,,,,
164,Edil3,24.2168461989118,8.60760787979586E-07,7.75154215E-05,,,,
165,Stxbp1,23.9385763045034,9.9458702640387E-07,8.90275218E-05,,,,
166,Nrep,23.9141713910179,1.00727539431578E-06,8.96233837E-05,,,,
167,Gad1,23.7657109901472,1.08803594012219E-06,9.62328931E-05,,,,
168,Ppm1e,23.6749974899592,1.1405472064574E-06,0.00010028,,,,
169,Snap91,23.6285713398505,1.16839762198673E-06,0.00010212,,,,
170,Vstm4,23.5503500961879,1.21687282550464E-06,0.00010574,,,,
171,Sh3gl2,23.5249225764455,1.2330611924849E-06,0.00010652,,,,
172,Igf2,23.3313719811292,1.36357693980571E-06,0.00011712,,,,
173,Gm1821,23.1199759823431,1.52201237391125E-06,0.00012997,,,,
174,Rcn1,22.9135566358226,1.69452527976066E-06,0.00014388,,,,
175,C1qtnf4,22.8851500072233,1.71975374008149E-06,0.00014481,,,,
176,Calb2,22.8793135609579,1.72498367201346E-06,0.00014481,,,,
177,Wls,22.8143720061136,1.78426414154664E-06,0.00014895,,,,
178,Psd3,22.6639759780394,1.92951613808834E-06,0.00015993,,,,
179,Rragd,22.6561950970421,1.93734562514702E-06,0.00015993,,,,
180,Camk2a,22.584824715497,2.01066534377681E-06,0.00016506,,,,
181,Prss23,22.4342790006865,2.17458091045231E-06,0.00017754,,,,
182,2010300C02Rik,22.3155838402957,2.31321735388867E-06,0.00018783,,,,
183,Trnp1,22.2329094480942,2.4149879329638E-06,0.00019502,,,,
184,Scd2,22.2135596840806,2.43944868971724E-06,0.00019593,,,,
185,Tspan15,22.0097695198838,2.71266184803665E-06,0.00021671,,,,
186,Celf2,21.9889429502907,2.74225733332134E-06,0.0002179,,,,
187,Slc4a4,21.9049196327729,2.86498499468824E-06,0.00022644,,,,
188,Nat8l,21.7947703522022,3.0342605512601E-06,0.00023855,,,,
189,Tbc1d9b,21.7305631702391,3.13752600511474E-06,0.00024537,,,,
190,Sncb,21.7192116945182,3.15614622903304E-06,0.00024553,,,,
191,Cdr1,21.6715237537796,3.23558951254022E-06,0.00024782,,,,
192,Ctsb,21.6814144692216,3.21894931309963E-06,0.00024782,,,,
193,Heyl,21.6780341460978,3.22462670854229E-06,0.00024782,,,,
194,Pik3r1,21.654302457589,3.26476896483907E-06,0.00024878,,,,
195,Hbb-b2,21.6442410012172,3.28193895904327E-06,0.00024881,,,,
196,Map1b,21.2291120414075,4.07527341761416E-06,0.00030738,,,,
197,Fkbp1a,21.0169018813718,4.5524949683351E-06,0.00034164,,,,
198,2900097C17Rik,20.9889329936624,4.61944083607335E-06,0.00034493,,,,
199,Myo5a,20.9645628629543,4.67857777886049E-06,0.00034759,,,,
200,Nnat,20.8575558921301,4.94736732770118E-06,0.00036574,,,,
201,Mt1,20.810277983088,5.07100944502348E-06,0.00037302,,,,
202,Fyco1,20.7255553099089,5.3003882440894E-06,0.00038797,,,,
203,Ifi27l1,20.6505145433241,5.51223709754911E-06,0.0004015,,,,
204,Mmd2,20.6390108114798,5.54545645847782E-06,0.00040195,,,,
205,Tyro3,20.5643550633699,5.765978090988E-06,0.00041591,,,,
206,Atp2b1,20.4892203307718,5.99680328527974E-06,0.0004288,,,,
207,Fam163b,20.4835382843885,6.01463206639785E-06,0.0004288,,,,
208,Fxyd6,20.4782537868805,6.0312611900315E-06,0.0004288,,,,
209,Dync1i1,20.4010885656336,6.27940662123461E-06,0.00044431,,,,
210,Dab2ip,20.3244374391687,6.53604513545236E-06,0.00046028,,,,
211,Lmo4,20.1797117145292,7.04966726006173E-06,0.00049411,,,,
212,Fmnl2,20.1064174209808,7.32504793266031E-06,0.000511,,,,
213,Arpc1b,20.0552408146395,7.5237064576239E-06,0.00052241,,,,
214,Bmp7,19.9050818621051,8.13837058388778E-06,0.00056246,,,,
215,Aebp1,19.8498630267159,8.37687351273875E-06,0.00057626,,,,
216,Limd2,19.8323238808597,8.45408795624447E-06,0.00057889,,,,
217,S100a16,19.7736553146204,8.71760145670919E-06,0.0005942,,,,
218,Slc13a4,19.5193778879607,9.95843271189845E-06,0.00067567,,,,
219,Cnn3,19.4500647804589,1.03264337081299E-05,0.00069746,,,,
220,Olfm1,19.310107747391,1.11116569413428E-05,0.0007471,,,,
221,Plekha4,19.2437458779575,1.15046640964955E-05,0.00077004,,,,
222,Dcx,19.2334056280532,1.1567145609126E-05,0.00077075,,,,
223,Yap1,19.2126819898966,1.16933970152333E-05,0.00077568,,,,
224,Itm2a,19.0596498484718,1.26695491415862E-05,0.0008367,,,,
225,Scamp1,19.0173962901994,1.29532123182008E-05,0.00085165,,,,
226,Lamc1,18.8334189784891,1.42645732359448E-05,0.00093373,,,,
227,Mdk,18.7697374922574,1.47488969309828E-05,0.0009612,,,,
228,Shisa9,18.6161159834836,1.59863395476911E-05,0.0010373,,,,
229,Aldh1a1,18.5830528941996,1.62660179638952E-05,0.00105086,,,,
230,Tnfrsf19,18.3013077134489,1.88577673804202E-05,0.00121302,,,,
231,Srebf1,18.1526606912122,2.03884366590801E-05,0.00130583,,,,
232,Slc17a7,18.0833108746669,2.11446671052329E-05,0.00134845,,,,
233,Hspa8,18.0697344864948,2.12959782005528E-05,0.00135229,,,,
234,Grasp,18.0494313531295,2.15242923146119E-05,0.00136098,,,,
235,Rgs12,17.9463930096286,2.27214592327662E-05,0.00143059,,,,
236,Gapdh,17.8565169854984,2.38202099142049E-05,0.00149344,,,,
237,Eomes,17.802916426771,2.45007409706011E-05,0.00152965,,,,
238,Usp54,17.7464282009078,2.52390910809863E-05,0.00156915,,,,
239,Shisa2,17.7187692560465,2.56087306681474E-05,0.0015855,,,,
240,Map2k1,17.702442908397,2.58294673456394E-05,0.00159253,,,,
241,Ncam1,17.5325633806427,2.82428898650267E-05,0.00173414,,,,
242,AI593442,17.5052939295529,2.8650879799752E-05,0.00175195,,,,
243,Mt2,17.4831686531847,2.89862540925334E-05,0.00176519,,,,
244,Zdhhc2,17.4723320556303,2.91519514471483E-05,0.00176804,,,,
245,H3f3a,17.4474068139788,2.95366934773833E-05,0.00178409,,,,
246,Cyp2j6,17.281374408551,3.22330911618485E-05,0.00193907,,,,
247,Celf1,17.2666512759125,3.24838236130942E-05,0.00194628,,,,
248,Kalrn,17.2186437958646,3.33150807791949E-05,0.00198807,,,,
249,Camk4,17.2099555438621,3.34677883264689E-05,0.00198919,,,,
250,Tshz2,17.1717299976937,3.41480539896022E-05,0.00202154,,,,
251,Tubb2a,17.0920538026859,3.56109898826951E-05,0.00209978,,,,
252,Ly6c1,17.0056365514255,3.72690162566691E-05,0.00218885,,,,
253,Gm20594,16.9774374965319,3.7826673001784E-05,0.00221286,,,,
254,Nfia,16.8454115848964,4.05512492728244E-05,0.00236295,,,,
255,Col1a2,16.7248956255698,4.32102374450238E-05,0.00250805,,,,
256,Akap12,16.6531119868305,4.48766232324926E-05,0.00259464,,,,
257,Trh,16.6317029553776,4.53860109752569E-05,0.00261392,,,,
258,Bag3,16.6190296242403,4.56902841314832E-05,0.00262128,,,,
259,Fam131b,16.5354801089526,4.77482030974974E-05,0.00272881,,,,
260,Ppp3ca,16.47025414667,4.94193729236869E-05,0.0028135,,,,
261,Rab3b,16.3922292758946,5.14959130493153E-05,0.00292053,,,,
262,Arhgap33,16.3490701390922,5.26820039985498E-05,0.00297643,,,,
263,Nrxn2,16.3231179405693,5.3408403961952E-05,0.00300604,,,,
264,Dtx4,16.3141649569347,5.36613269481734E-05,0.00300888,,,,
265,Cx3cl1,16.2727775415361,5.48462714851095E-05,0.00306376,,,,
266,Gria2,16.1627773711836,5.81251417917095E-05,0.00323476,,,,
267,Elovl5,16.1339263781497,5.90172980974302E-05,0.00325252,,,,
268,Nmb,16.1392651685824,5.8851175055441E-05,0.00325252,,,,
269,Pde5a,16.1242454057362,5.93197373471854E-05,0.00325252,,,,
270,Vat1l,16.129842944599,5.91446773935411E-05,0.00325252,,,,
271,Lrp4,16.0843719858574,6.05819265961927E-05,0.00330951,,,,
272,Arvcf,16.0447849485556,6.18617721451775E-05,0.00336705,,,,
273,Scrib,16.0374403944781,6.21021946806133E-05,0.0033678,,,,
274,Kcnd2,15.9960094761532,6.34761384654681E-05,0.00342979,,,,
275,Purb,15.9773280461308,6.41056185237687E-05,0.00345125,,,,
276,Ogn,15.8314476132181,6.92420820789241E-05,0.00371433,,,,
277,Aldoa,15.8154984254243,6.9828187223786E-05,0.00373229,,,,
278,Slc38a3,15.7882244926476,7.08420447289582E-05,0.00377291,,,,
279,Col12a1,15.764243381165,7.17457254056919E-05,0.00380462,,,,
280,Iqgap1,15.7588766248803,7.19495437269124E-05,0.00380462,,,,
281,Fam107a,15.7116442368078,7.37686417899841E-05,0.0038735,,,,
282,Pla2g16,15.7115205983758,7.37734637856757E-05,0.0038735,,,,
283,Pebp1,15.6903536148104,7.46036841620112E-05,0.0039033,,,,
284,Thbs2,15.6385015391286,7.66773825151557E-05,0.00399772,,,,
285,Phldb2,15.4936877742898,8.27812317691912E-05,0.00430086,,,,
286,Ttyh1,15.4668324402509,8.39657982822928E-05,0.0043472,,,,
287,Foxo1,15.3619316706774,8.8758628164376E-05,0.00457939,,,,
288,Slc6a11,15.3480981706224,8.94108853696229E-05,0.00459708,,,,
289,Col11a1,15.2346482458428,9.49453818920309E-05,0.00484809,,,,
290,Tmod2,15.2411148865679,9.46208459673414E-05,0.00484809,,,,
291,Sphk1,15.2266713064173,9.53472574402037E-05,0.00485193,,,,
292,Bcl11b,15.2082253390314,9.62831272300901E-05,0.00488284,,,,
293,Dab2,15.1710456324586,9.81976567593357E-05,0.00496299,,,,
294,Ppp3r1,15.1376008082245,9.99525755701614E-05,0.00503456,,,,
295,Serpine2,15.1190707268431,0.000100938440056,0.00506704,,,,
296,Camkv,15.0559794604459,0.000104369090686,0.00522162,,,,
297,Hlf,15.0373909659388,0.000105402064893,0.0052556,,,,
298,Gatm,14.8921910595209,0.000113833226061,0.00565702,,,,
299,Sp9,14.8478059860211,0.000116543558894,0.0057724,,,,
300,Rhobtb3,14.8209236431773,0.000118216594052,0.00583582,,,,
301,Angptl4,14.5829771625571,0.00013412066873,0.00657382,,,,
302,Gabrb2,14.5888753002656,0.000133701523517,0.00657382,,,,
303,Sep15,14.5777446906267,0.000134493616342,0.00657382,,,,
304,Acbd7,14.490411252724,0.000140874806549,0.00686314,,,,
305,Dnajc6,14.4835983246204,0.000141385243014,0.0068655,,,,
306,Dlgap3,14.4249151868858,0.000145859711917,0.00703678,,,,
307,Hadhb,14.4283195219487,0.000145596285083,0.00703678,,,,
308,Fam3c,14.3562867464773,0.000151273733853,0.00727436,,,,
309,Efemp1,14.3497844450428,0.000151797073244,0.00727598,,,,
310,Aqp1,14.3214441326884,0.000154099424849,0.00736258,,,,
311,Slc6a1,14.283343994981,0.000157250178245,0.00748904,,,,
312,Cacng3,14.261796673897,0.000159060706928,0.00755106,,,,
313,Syt7,14.2228116244454,0.000162389976175,0.00768456,,,,
314,Mlf2,14.1969143604824,0.000164640273827,0.00776632,,,,
315,Arhgap5,14.1182941424044,0.000171666094413,0.00807211,,,,
316,Tspan7,14.057830350429,0.000177274186092,0.00830952,,,,
317,Prss56,13.9854793599436,0.00018422792956,0.00860831,,,,
318,Nppa,13.9359745221408,0.000189143604994,0.0088103,,,,
319,Aldh2,13.8458002581365,0.000198439740784,0.00921443,,,,
320,Hba-a2,13.8337194922292,0.000199719638756,0.00924497,,,,
321,Cbx6,13.8153506882078,0.000201681678488,0.0093068,,,,
322,Tpt1,13.7782093540219,0.000205708415107,0.00946322,,,,
323,Lcat,13.6202430470989,0.000223759715948,0.0102543,,,,
324,Pip5k1c,13.6158428294239,0.000224284773039,0.0102543,,,,
325,Stxbp6,13.6005000428768,0.000226125285575,0.01030674,,,,
326,Desi1,13.4367115644558,0.000246747761714,0.01121231,,,,
327,Zfp36l1,13.3747021549992,0.00025504112758,0.01155383,,,,
328,Qk,13.3426447755804,0.000259438191243,0.0117173,,,,
329,Snx18,13.1915502708868,0.00028121417348,0.01266231,,,,
330,Ptms,13.1350422393047,0.000289823741151,0.01301055,,,,
331,Mef2c,13.0840930232953,0.000297813997001,0.01332897,,,,
332,Lrig1,13.0779188282519,0.000298797250941,0.01333282,,,,
333,Rasl11b,13.0271701841339,0.000307004101632,0.01365801,,,,
334,Eif4a1,13.0066683029798,0.000310383689949,0.01372616,,,,
335,Unc80,13.0112875573584,0.000309618979887,0.01372616,,,,
336,Fscn1,12.9584477325786,0.000318481133811,0.01404247,,,,
337,Chl1,12.9117300849168,0.000326529338864,0.01435155,,,,
338,Rbfox1,12.8912972111488,0.000330113547712,0.01435155,,,,
339,Sfrp5,12.8901253887723,0.000330320300334,0.01435155,,,,
340,Slc35f1,12.9032054524564,0.000328019882095,0.01435155,,,,
341,Sox11,12.8912842583853,0.000330115832343,0.01435155,,,,
342,Add2,12.8535218723401,0.000336844676014,0.01454993,,,,
343,Fam213a,12.8567182430659,0.000336269798471,0.01454993,,,,
344,Celf5,12.772298679652,0.000351790269432,0.01515145,,,,
345,Cpne2,12.7382103097482,0.000358260348567,0.01534118,,,,
346,Eef1a2,12.7383523953157,0.000358233132713,0.01534118,,,,
347,Rprml,12.6312416161852,0.00037935313021,0.01619772,,,,
348,Clip3,12.6166980957622,0.00038231606804,0.01627746,,,,
349,Ywhaz,12.5826635813575,0.000389341452446,0.01652921,,,,
350,Mapk8ip1,12.560010573735,0.000394089518747,0.01668312,,,,
351,Celf3,12.542001953189,0.000397905766728,0.01679682,,,,
352,Cyp2a5,12.5309485465011,0.000400266560936,0.01684861,,,,
353,Arx,12.5030802827732,0.000406281602026,0.01694166,,,,
354,Cav2,12.4943807831394,0.00040817790157,0.01694166,,,,
355,Ptpro,12.4990319208816,0.000407162947721,0.01694166,,,,
356,Slc2a1,12.4948563706516,0.000408074003601,0.01694166,,,,
357,Wipf3,12.5008027752775,0.000406777188069,0.01694166,,,,
358,Serpinf1,12.4674302750167,0.000414109389501,0.01713998,,,,
359,Gabra5,12.4531553012996,0.000417286293904,0.01722349,,,,
360,Hsp90aa1,12.4232550541427,0.000424020537505,0.01740781,,,,
361,Itpr3,12.4221904229773,0.000424262328924,0.01740781,,,,
362,Syt1,12.4177749595171,0.000425266623219,0.01740781,,,,
363,Sat1,12.3768296212401,0.000434694630347,0.01774486,,,,
364,Ctsd,12.3032921419955,0.000452160044589,0.01840725,,,,
365,Igsf3,12.2881149502131,0.000455851927575,0.01849149,,,,
366,Scg2,12.2845712674881,0.000456718307015,0.01849149,,,,
367,Spon1,12.2594261678983,0.000462913837471,0.0186914,,,,
368,Itm2b,12.2384115918458,0.000468156661052,0.01885187,,,,
369,Cfl1,12.1982083958351,0.000478354342157,0.01921045,,,,
370,Itga7,12.1757774483291,0.000484141165339,0.01934066,,,,
371,Meg3,12.1755516434669,0.000484199777138,0.01934066,,,,
372,Actb,12.1582234174155,0.000488719064685,0.01946884,,,,
373,Ywhaq,12.1229620701847,0.0004980472995,0.01978739,,,,
374,Jam2,12.1163944511675,0.000499804486606,0.01980425,,,,
375,Col9a2,12.0576479141554,0.000515803305069,0.02038383,,,,
376,Adcy2,12.0424658114774,0.000520021358514,0.02049601,,,,
377,Bin1,11.9929020353154,0.000534035624339,0.02099269,,,,
378,Serping1,11.9826604005755,0.000536978669264,0.02105268,,,,
379,Pdhb,11.959402520052,0.000543723031208,0.021261,,,,
380,Ypel3,11.9210124001016,0.000555043083072,0.02164668,,,,
381,Bex2,11.8865439352647,0.000565409374165,0.02199324,,,,
382,E030024N20Rik,11.8441541101615,0.000578426445981,0.02244083,,,,
383,Ncan,11.8368628385182,0.000580695760582,0.0224702,,,,
384,Inpp5j,11.782749956323,0.000597821062733,0.02307279,,,,
385,Aldoc,11.7564478284265,0.000606328287798,0.0233405,,,,
386,Gabrg2,11.6625445881048,0.000637710555378,0.02448512,,,,
387,Reln,11.656578756658,0.000639758878546,0.02450046,,,,
388,Slc1a3,11.6408268638725,0.000645199164081,0.02464528,,,,
389,Ghitm,11.6172674142954,0.000653423306784,0.02489543,,,,
390,Alx3,11.5998417568476,0.000659574313562,0.02506551,,,,
391,Snn,11.5818394685915,0.000665990293582,0.02524477,,,,
392,Matn4,11.5482991367806,0.000678112634502,0.02563887,,,,
393,Prex1,11.4989681662166,0.000696348354688,0.02619504,,,,
394,Rps29,11.5016138486631,0.000695357894686,0.02619504,,,,
395,Stmn1,11.4901694770589,0.000699652569031,0.02621995,,,,
396,Trim9,11.4878144291108,0.000700539655557,0.02621995,,,,
397,Ctnna1,11.4272572279846,0.000723744455032,0.02695268,,,,
398,Mycn,11.428385395468,0.000723305133931,0.02695268,,,,
399,Atp6v1e1,11.3916284937695,0.000737758260481,0.02740587,,,,
400,Islr,11.3436431708042,0.000757066609736,0.028053,,,,
401,Ap2m1,11.2992861918688,0.000775368948092,0.0286045,,,,
402,Mtss1l,11.2936526637458,0.000777725202449,0.0286045,,,,
403,Vwa1,11.2982036338602,0.000775821173401,0.0286045,,,,
404,Cdk17,11.2699862502059,0.000787703122432,0.02889995,,,,
405,Mrc1,11.2617472853058,0.000791206999787,0.02894198,,,,
406,Rasl10b,11.258144345087,0.000792744208634,0.02894198,,,,
407,Gria3,11.2461035005971,0.000797903414804,0.02905894,,,,
408,Fgfr1,11.2348880891815,0.000802739462512,0.02909245,,,,
409,Ptma,11.2351772794442,0.000802614393358,0.02909245,,,,
410,Ypel5,11.2239163467514,0.000807499104597,0.02919375,,,,
411,Shisa3,11.1601462156668,0.000835733359383,0.03014117,,,,
412,Cald1,11.1449775451197,0.000842594929011,0.03031506,,,,
413,Hes5,11.1404783575147,0.000844641071546,0.03031527,,,,
414,Plscr4,11.1332290534168,0.000847948484003,0.03036064,,,,
415,Chd3,11.1243161508521,0.000852032841587,0.03043355,,,,
416,Gfap,11.1183596407278,0.000854773505527,0.03045822,,,,
417,Plat,11.0439297460715,0.000889780542822,0.03162978,,,,
418,S100a6,11.0264307589074,0.000898219251374,0.03185356,,,,
419,Axl,11.0192023737893,0.000901728637372,0.03190187,,,,
420,Ckb,11.0085529576986,0.000906924207478,0.03200947,,,,
421,Grb14,10.9943189935037,0.000913915876874,0.0321798,,,,
422,Baalc,10.9870503427975,0.000917507203686,0.03222988,,,,
423,Bcar3,10.9470352376868,0.000937535080934,0.03285574,,,,
424,Slc13a3,10.9280962060844,0.00094716776325,0.03311521,,,,
425,Ppfia2,10.9035190583663,0.000959817439216,0.0334787,,,,
426,Cdk5r1,10.8504791610865,0.000987701963303,0.03437064,,,,
427,Col16a1,10.8253060550456,0.00100122142628,0.03475969,,,,
428,Gnb2,10.8138128043498,0.001007456066576,0.03488417,,,,
429,Vsnl1,10.8100563614966,0.001009502291926,0.03488417,,,,
430,Rcan2,10.7915974160627,0.001019618565297,0.03507063,,,,
431,Stmn3,10.7919933285102,0.001019400516456,0.03507063,,,,
432,Sipa1l1,10.7708199712985,0.001031128188856,0.0353846,,,,
433,Cyp2j9,10.6978386974567,0.001072607664816,0.03672322,,,,
434,Pgbd5,10.6873673648497,0.001078696043455,0.03684677,,,,
435,Afap1l2,10.6726428774779,0.001087316535673,0.03705605,,,,
436,Tuba1c,10.6613371048254,0.001093982801474,0.03719792,,,,
437,Abr,10.6470486077593,0.001102466961997,0.03740081,,,,
438,Dlx1,10.6356171026895,0.001109302616652,0.03746165,,,,
439,Tmsb4x,10.6380332621579,0.001107854270263,0.03746165,,,,
440,Zfp36l2,10.6265187084171,0.001114773781033,0.03756105,,,,
441,Hnrnpa2b1,10.6125397631751,0.001123233022799,0.03776045,,,,
442,Dclk2,10.5809380079104,0.001142596708905,0.03828682,,,,
443,Serpina3n,10.5785978826249,0.001144043959428,0.03828682,,,,
444,Adk,10.5683525344028,0.001150402061894,0.03832696,,,,
445,Fam212b,10.5687245216421,0.001150170588192,0.03832696,,,,
446,Fbln2,10.5471596865364,0.001163667708851,0.03868219,,,,
447,Dst,10.5400496705757,0.001168152804374,0.0387446,,,,
448,Zfp385a,10.5336448382614,0.001172208033558,0.03879251,,,,
449,Rasgrp1,10.5067137126035,0.001189415981819,0.03927452,,,,
450,Fibcd1,10.446293888745,0.001228957883944,0.04049021,,,,
451,Rab3a,10.4298127463468,0.001239973141125,0.04076275,,,,
452,Gstm1,10.4147900350259,0.001250100677867,0.04088982,,,,
453,Id1,10.4077932532949,0.001254846080869,0.04088982,,,,
454,Tenm3,10.410076880985,0.001253295263293,0.04088982,,,,
455,Wnt6,10.4083185535071,0.001254489176214,0.04088982,,,,
456,Apold1,10.3959798106742,0.001262899685311,0.0410622,,,,
457,Sept9,10.3905273485174,0.001266634428886,0.04109371,,,,
458,Kif5a,10.3798764144855,0.001273962218299,0.0412414,,,,
459,Fads1,10.3664759536952,0.001283242653108,0.04145153,,,,
460,Serinc3,10.2887884600882,0.001338409392183,0.04313975,,,,
461,Atp5b,10.2630769334276,0.001357191335648,0.04365045,,,,
462,Ppp3cb,10.2364533114551,0.001376920829977,0.04418934,,,,
463,Cmtm5,10.1155769869964,0.001470213995258,0.0470817,,,,
464,Ccni,10.0976983721398,0.00148454622871,0.04743844,,,,
465,Pgam1,10.0774248199405,0.001500969623397,0.04786032,,,,
466,Camkk2,10.0347482433582,0.001536145409865,0.04887705,,,,
467,Cox4i1,10.024440410633,0.001544766011954,0.04904632,,,,
